trade_id,order_id,event_time,instrument,side,quantity,price,account_id,client_id,venue
T-0000000,O-0000000,2026-08-25T09:30:00Z,NOVA.L,BUY,5000,42.0028,A-104,CLIENT-LINKED,XLON
T-0000001,O-0000001,2026-08-25T09:30:00.850000Z,NOVA.L,SELL,5001,41.9925,A-882,CLIENT-LINKED,XLON
T-0000002,O-0000002,2026-08-25T09:30:01.700000Z,NOVA.L,BUY,5002,41.9995,A-104,CLIENT-LINKED,XLON
T-0000003,O-0000003,2026-08-25T09:30:02.550000Z,NOVA.L,SELL,5003,42.0005,A-882,CLIENT-LINKED,XLON
T-0000004,O-0000004,2026-08-25T09:30:03.400000Z,LIQD.P,BUY,4219,42.0115,A-204,CLIENT-4,XLON
T-0000005,O-0000005,2026-08-25T09:30:04.250000Z,NOVA.L,SELL,6033,42.0017,A-205,CLIENT-5,XLON
T-0000006,O-0000006,2026-08-25T09:30:05.100000Z,ALTO.N,BUY,5528,42.0026,A-206,CLIENT-6,XLON
T-0000007,O-0000007,2026-08-25T09:30:05.950000Z,QUAD.N,SELL,4183,42.0084,A-207,CLIENT-7,XLON
T-0000008,O-0000008,2026-08-25T09:30:06.800000Z,MEGA.O,BUY,5869,42.018,A-208,CLIENT-8,XLON
T-0000009,O-0000009,2026-08-25T09:30:07.650000Z,LIQD.P,SELL,6098,42.012,A-209,CLIENT-9,XLON
T-0000010,O-0000010,2026-08-25T09:30:08.500000Z,NOVA.L,BUY,5000,42.023,A-104,CLIENT-LINKED,XLON
T-0000011,O-0000011,2026-08-25T09:30:09.350000Z,NOVA.L,SELL,5001,42.0229,A-882,CLIENT-LINKED,XLON
T-0000012,O-0000012,2026-08-25T09:30:10.200000Z,NOVA.L,BUY,5002,42.0184,A-104,CLIENT-LINKED,XLON
T-0000013,O-0000013,2026-08-25T09:30:11.050000Z,NOVA.L,SELL,5003,42.0278,A-882,CLIENT-LINKED,XLON
T-0000014,O-0000014,2026-08-25T09:30:11.900000Z,LIQD.P,BUY,3826,42.0332,A-214,CLIENT-14,XLON
T-0000015,O-0000015,2026-08-25T09:30:12.750000Z,NOVA.L,SELL,4453,42.034,A-215,CLIENT-15,XLON
T-0000016,O-0000016,2026-08-25T09:30:13.600000Z,ALTO.N,BUY,5193,42.0276,A-216,CLIENT-16,XLON
T-0000017,O-0000017,2026-08-25T09:30:14.450000Z,QUAD.N,SELL,4681,42.0431,A-217,CLIENT-17,XLON
T-0000018,O-0000018,2026-08-25T09:30:15.300000Z,MEGA.O,BUY,5178,42.028,A-218,CLIENT-18,XLON
T-0000019,O-0000019,2026-08-25T09:30:16.150000Z,LIQD.P,SELL,5356,42.0299,A-219,CLIENT-19,XLON
T-0000020,O-0000020,2026-08-25T09:30:17Z,NOVA.L,BUY,5000,42.0469,A-104,CLIENT-LINKED,XLON
T-0000021,O-0000021,2026-08-25T09:30:17.850000Z,NOVA.L,SELL,5001,42.0441,A-882,CLIENT-LINKED,XLON
T-0000022,O-0000022,2026-08-25T09:30:18.700000Z,NOVA.L,BUY,5002,42.0501,A-104,CLIENT-LINKED,XLON
T-0000023,O-0000023,2026-08-25T09:30:19.550000Z,NOVA.L,SELL,5003,42.0506,A-882,CLIENT-LINKED,XLON
T-0000024,O-0000024,2026-08-25T09:30:20.400000Z,LIQD.P,BUY,5996,42.0405,A-224,CLIENT-24,XLON
T-0000025,O-0000025,2026-08-25T09:30:21.250000Z,NOVA.L,SELL,5350,42.0416,A-225,CLIENT-25,XLON
T-0000026,O-0000026,2026-08-25T09:30:22.100000Z,ALTO.N,BUY,5000,42.0586,A-226,CLIENT-26,XLON
T-0000027,O-0000027,2026-08-25T09:30:22.950000Z,QUAD.N,SELL,6333,42.0617,A-227,CLIENT-27,XLON
T-0000028,O-0000028,2026-08-25T09:30:23.800000Z,MEGA.O,BUY,5281,42.0575,A-228,CLIENT-28,XLON
T-0000029,O-0000029,2026-08-25T09:30:24.650000Z,LIQD.P,SELL,6685,42.0494,A-229,CLIENT-29,XLON
T-0000030,O-0000030,2026-08-25T09:30:25.500000Z,NOVA.L,BUY,5000,42.0632,A-104,CLIENT-LINKED,XLON
T-0000031,O-0000031,2026-08-25T09:30:26.350000Z,NOVA.L,SELL,5001,42.0675,A-882,CLIENT-LINKED,XLON
T-0000032,O-0000032,2026-08-25T09:30:27.200000Z,NOVA.L,BUY,5002,42.0737,A-104,CLIENT-LINKED,XLON
T-0000033,O-0000033,2026-08-25T09:30:28.050000Z,NOVA.L,SELL,5003,42.0731,A-882,CLIENT-LINKED,XLON
T-0000034,O-0000034,2026-08-25T09:30:28.900000Z,LIQD.P,BUY,4213,42.0656,A-234,CLIENT-34,XLON
T-0000035,O-0000035,2026-08-25T09:30:29.750000Z,NOVA.L,SELL,5657,42.0727,A-235,CLIENT-35,XLON
T-0000036,O-0000036,2026-08-25T09:30:30.600000Z,ALTO.N,BUY,5294,42.0653,A-236,CLIENT-36,XLON
T-0000037,O-0000037,2026-08-25T09:30:31.450000Z,QUAD.N,SELL,5255,42.0682,A-237,CLIENT-37,XLON
T-0000038,O-0000038,2026-08-25T09:30:32.300000Z,MEGA.O,BUY,4893,42.08,A-238,CLIENT-38,XLON
T-0000039,O-0000039,2026-08-25T09:30:33.150000Z,LIQD.P,SELL,6599,42.081,A-239,CLIENT-39,XLON
T-0000040,O-0000040,2026-08-25T09:30:34Z,NOVA.L,BUY,5000,42.0822,A-104,CLIENT-LINKED,XLON
T-0000041,O-0000041,2026-08-25T09:30:34.850000Z,NOVA.L,SELL,5001,42.0754,A-882,CLIENT-LINKED,XLON
T-0000042,O-0000042,2026-08-25T09:30:35.700000Z,NOVA.L,BUY,5002,42.0886,A-104,CLIENT-LINKED,XLON
T-0000043,O-0000043,2026-08-25T09:30:36.550000Z,NOVA.L,SELL,5003,42.0793,A-882,CLIENT-LINKED,XLON
T-0000044,O-0000044,2026-08-25T09:30:37.400000Z,LIQD.P,BUY,5354,42.0834,A-244,CLIENT-44,XLON
T-0000045,O-0000045,2026-08-25T09:30:38.250000Z,NOVA.L,SELL,6421,42.0938,A-245,CLIENT-45,XLON
T-0000046,O-0000046,2026-08-25T09:30:39.100000Z,ALTO.N,BUY,4699,42.0957,A-246,CLIENT-46,XLON
T-0000047,O-0000047,2026-08-25T09:30:39.950000Z,QUAD.N,SELL,4029,42.0886,A-247,CLIENT-47,XLON
T-0000048,O-0000048,2026-08-25T09:30:40.800000Z,MEGA.O,BUY,3931,42.1021,A-248,CLIENT-48,XLON
T-0000049,O-0000049,2026-08-25T09:30:41.650000Z,LIQD.P,SELL,5443,42.0934,A-249,CLIENT-49,XLON
T-0000050,O-0000050,2026-08-25T09:30:42.500000Z,NOVA.L,BUY,5000,42.0942,A-104,CLIENT-LINKED,XLON
T-0000051,O-0000051,2026-08-25T09:30:43.350000Z,NOVA.L,SELL,5001,42.1109,A-882,CLIENT-LINKED,XLON
T-0000052,O-0000052,2026-08-25T09:30:44.200000Z,NOVA.L,BUY,5002,42.1115,A-104,CLIENT-LINKED,XLON
T-0000053,O-0000053,2026-08-25T09:30:45.050000Z,NOVA.L,SELL,5003,42.1023,A-882,CLIENT-LINKED,XLON
T-0000054,O-0000054,2026-08-25T09:30:45.900000Z,LIQD.P,BUY,6484,42.108,A-254,CLIENT-54,XLON
T-0000055,O-0000055,2026-08-25T09:30:46.750000Z,NOVA.L,SELL,6433,42.1092,A-255,CLIENT-55,XLON
T-0000056,O-0000056,2026-08-25T09:30:47.600000Z,ALTO.N,BUY,4884,42.1048,A-256,CLIENT-56,XLON
T-0000057,O-0000057,2026-08-25T09:30:48.450000Z,QUAD.N,SELL,6099,42.1148,A-257,CLIENT-57,XLON
T-0000058,O-0000058,2026-08-25T09:30:49.300000Z,MEGA.O,BUY,6194,42.1146,A-258,CLIENT-58,XLON
T-0000059,O-0000059,2026-08-25T09:30:50.150000Z,LIQD.P,SELL,6190,42.116,A-259,CLIENT-59,XLON
T-0000060,O-0000060,2026-08-25T09:30:51Z,NOVA.L,BUY,5000,42.1144,A-104,CLIENT-LINKED,XLON
T-0000061,O-0000061,2026-08-25T09:30:51.850000Z,NOVA.L,SELL,5001,42.132,A-882,CLIENT-LINKED,XLON
T-0000062,O-0000062,2026-08-25T09:30:52.700000Z,NOVA.L,BUY,5002,42.1242,A-104,CLIENT-LINKED,XLON
T-0000063,O-0000063,2026-08-25T09:30:53.550000Z,NOVA.L,SELL,5003,42.1178,A-882,CLIENT-LINKED,XLON
T-0000064,O-0000064,2026-08-25T09:30:54.400000Z,LIQD.P,BUY,3992,42.1352,A-204,CLIENT-4,XLON
T-0000065,O-0000065,2026-08-25T09:30:55.250000Z,NOVA.L,SELL,4426,42.1325,A-205,CLIENT-5,XLON
T-0000066,O-0000066,2026-08-25T09:30:56.100000Z,ALTO.N,BUY,6587,42.1304,A-206,CLIENT-6,XLON
T-0000067,O-0000067,2026-08-25T09:30:56.950000Z,QUAD.N,SELL,4060,42.1317,A-207,CLIENT-7,XLON
T-0000068,O-0000068,2026-08-25T09:30:57.800000Z,MEGA.O,BUY,6240,42.1459,A-208,CLIENT-8,XLON
T-0000069,O-0000069,2026-08-25T09:30:58.650000Z,LIQD.P,SELL,5967,42.133,A-209,CLIENT-9,XLON
T-0000070,O-0000070,2026-08-25T09:30:59.500000Z,NOVA.L,BUY,5000,42.1411,A-104,CLIENT-LINKED,XLON
T-0000071,O-0000071,2026-08-25T09:31:00.350000Z,NOVA.L,SELL,5001,42.1508,A-882,CLIENT-LINKED,XLON
T-0000072,O-0000072,2026-08-25T09:31:01.200000Z,NOVA.L,BUY,5002,42.1476,A-104,CLIENT-LINKED,XLON
T-0000073,O-0000073,2026-08-25T09:31:02.050000Z,NOVA.L,SELL,5003,42.1383,A-882,CLIENT-LINKED,XLON
T-0000074,O-0000074,2026-08-25T09:31:02.900000Z,LIQD.P,BUY,5999,42.153,A-214,CLIENT-14,XLON
T-0000075,O-0000075,2026-08-25T09:31:03.750000Z,NOVA.L,SELL,6425,42.1468,A-215,CLIENT-15,XLON
T-0000076,O-0000076,2026-08-25T09:31:04.600000Z,ALTO.N,BUY,5002,42.1507,A-216,CLIENT-16,XLON
T-0000077,O-0000077,2026-08-25T09:31:05.450000Z,QUAD.N,SELL,5658,42.1441,A-217,CLIENT-17,XLON
T-0000078,O-0000078,2026-08-25T09:31:06.300000Z,MEGA.O,BUY,6757,42.1635,A-218,CLIENT-18,XLON
T-0000079,O-0000079,2026-08-25T09:31:07.150000Z,LIQD.P,SELL,4878,42.1674,A-219,CLIENT-19,XLON
T-0000080,O-0000080,2026-08-25T09:31:08Z,NOVA.L,BUY,5000,42.0052,A-104,CLIENT-LINKED,XLON
T-0000081,O-0000081,2026-08-25T09:31:08.850000Z,NOVA.L,SELL,5001,42.0022,A-882,CLIENT-LINKED,XLON
T-0000082,O-0000082,2026-08-25T09:31:09.700000Z,NOVA.L,BUY,5002,41.9961,A-104,CLIENT-LINKED,XLON
T-0000083,O-0000083,2026-08-25T09:31:10.550000Z,NOVA.L,SELL,5003,42.0085,A-882,CLIENT-LINKED,XLON
T-0000084,O-0000084,2026-08-25T09:31:11.400000Z,LIQD.P,BUY,6417,42.0082,A-224,CLIENT-24,XLON
T-0000085,O-0000085,2026-08-25T09:31:12.250000Z,NOVA.L,SELL,4614,42.0031,A-225,CLIENT-25,XLON
T-0000086,O-0000086,2026-08-25T09:31:13.100000Z,ALTO.N,BUY,4461,42.0128,A-226,CLIENT-26,XLON
T-0000087,O-0000087,2026-08-25T09:31:13.950000Z,QUAD.N,SELL,5972,42.0224,A-227,CLIENT-27,XLON
T-0000088,O-0000088,2026-08-25T09:31:14.800000Z,MEGA.O,BUY,6253,42.0125,A-228,CLIENT-28,XLON
T-0000089,O-0000089,2026-08-25T09:31:15.650000Z,LIQD.P,SELL,3879,42.0102,A-229,CLIENT-29,XLON
T-0000090,O-0000090,2026-08-25T09:31:16.500000Z,NOVA.L,BUY,5000,42.0173,A-104,CLIENT-LINKED,XLON
T-0000091,O-0000091,2026-08-25T09:31:17.350000Z,NOVA.L,SELL,5001,42.0317,A-882,CLIENT-LINKED,XLON
T-0000092,O-0000092,2026-08-25T09:31:18.200000Z,NOVA.L,BUY,5002,42.0301,A-104,CLIENT-LINKED,XLON
T-0000093,O-0000093,2026-08-25T09:31:19.050000Z,NOVA.L,SELL,5003,42.0208,A-882,CLIENT-LINKED,XLON
T-0000094,O-0000094,2026-08-25T09:31:19.900000Z,LIQD.P,BUY,4786,42.0356,A-234,CLIENT-34,XLON
T-0000095,O-0000095,2026-08-25T09:31:20.750000Z,NOVA.L,SELL,4122,42.0217,A-235,CLIENT-35,XLON
T-0000096,O-0000096,2026-08-25T09:31:21.600000Z,ALTO.N,BUY,5790,42.0383,A-236,CLIENT-36,XLON
T-0000097,O-0000097,2026-08-25T09:31:22.450000Z,QUAD.N,SELL,5981,42.0393,A-237,CLIENT-37,XLON
T-0000098,O-0000098,2026-08-25T09:31:23.300000Z,MEGA.O,BUY,4325,42.0392,A-238,CLIENT-38,XLON
T-0000099,O-0000099,2026-08-25T09:31:24.150000Z,LIQD.P,SELL,6051,42.0313,A-239,CLIENT-39,XLON
T-0000100,O-0000100,2026-08-25T09:31:25Z,NOVA.L,BUY,5000,42.0406,A-104,CLIENT-LINKED,XLON
T-0000101,O-0000101,2026-08-25T09:31:25.850000Z,NOVA.L,SELL,5001,42.0441,A-882,CLIENT-LINKED,XLON
T-0000102,O-0000102,2026-08-25T09:31:26.700000Z,NOVA.L,BUY,5002,42.0533,A-104,CLIENT-LINKED,XLON
T-0000103,O-0000103,2026-08-25T09:31:27.550000Z,NOVA.L,SELL,5003,42.0546,A-882,CLIENT-LINKED,XLON
T-0000104,O-0000104,2026-08-25T09:31:28.400000Z,LIQD.P,BUY,6789,42.0518,A-244,CLIENT-44,XLON
T-0000105,O-0000105,2026-08-25T09:31:29.250000Z,NOVA.L,SELL,6720,42.0462,A-245,CLIENT-45,XLON
T-0000106,O-0000106,2026-08-25T09:31:30.100000Z,ALTO.N,BUY,6551,42.055,A-246,CLIENT-46,XLON
T-0000107,O-0000107,2026-08-25T09:31:30.950000Z,QUAD.N,SELL,5594,42.062,A-247,CLIENT-47,XLON
T-0000108,O-0000108,2026-08-25T09:31:31.800000Z,MEGA.O,BUY,5649,42.0484,A-248,CLIENT-48,XLON
T-0000109,O-0000109,2026-08-25T09:31:32.650000Z,LIQD.P,SELL,4720,42.0493,A-249,CLIENT-49,XLON
T-0000110,O-0000110,2026-08-25T09:31:33.500000Z,NOVA.L,BUY,5000,42.0504,A-104,CLIENT-LINKED,XLON
T-0000111,O-0000111,2026-08-25T09:31:34.350000Z,NOVA.L,SELL,5001,42.0631,A-882,CLIENT-LINKED,XLON
T-0000112,O-0000112,2026-08-25T09:31:35.200000Z,NOVA.L,BUY,5002,42.0658,A-104,CLIENT-LINKED,XLON
T-0000113,O-0000113,2026-08-25T09:31:36.050000Z,NOVA.L,SELL,5003,42.0561,A-882,CLIENT-LINKED,XLON
T-0000114,O-0000114,2026-08-25T09:31:36.900000Z,LIQD.P,BUY,6699,42.0706,A-254,CLIENT-54,XLON
T-0000115,O-0000115,2026-08-25T09:31:37.750000Z,NOVA.L,SELL,4737,42.0613,A-255,CLIENT-55,XLON
T-0000116,O-0000116,2026-08-25T09:31:38.600000Z,ALTO.N,BUY,3928,42.0792,A-256,CLIENT-56,XLON
T-0000117,O-0000117,2026-08-25T09:31:39.450000Z,QUAD.N,SELL,4090,42.0743,A-257,CLIENT-57,XLON
T-0000118,O-0000118,2026-08-25T09:31:40.300000Z,MEGA.O,BUY,4940,42.0794,A-258,CLIENT-58,XLON
T-0000119,O-0000119,2026-08-25T09:31:41.150000Z,LIQD.P,SELL,4677,42.0788,A-259,CLIENT-59,XLON
T-0000120,O-0000120,2026-08-25T09:31:42Z,NOVA.L,BUY,5000,42.0845,A-104,CLIENT-LINKED,XLON
T-0000121,O-0000121,2026-08-25T09:31:42.850000Z,NOVA.L,SELL,5001,42.0896,A-882,CLIENT-LINKED,XLON
T-0000122,O-0000122,2026-08-25T09:31:43.700000Z,NOVA.L,BUY,5002,42.0855,A-104,CLIENT-LINKED,XLON
T-0000123,O-0000123,2026-08-25T09:31:44.550000Z,NOVA.L,SELL,5003,42.0809,A-882,CLIENT-LINKED,XLON
T-0000124,O-0000124,2026-08-25T09:31:45.400000Z,LIQD.P,BUY,5737,42.0941,A-204,CLIENT-4,XLON
T-0000125,O-0000125,2026-08-25T09:31:46.250000Z,NOVA.L,SELL,4579,42.0819,A-205,CLIENT-5,XLON
T-0000126,O-0000126,2026-08-25T09:31:47.100000Z,ALTO.N,BUY,6499,42.0906,A-206,CLIENT-6,XLON
T-0000127,O-0000127,2026-08-25T09:31:47.950000Z,QUAD.N,SELL,5534,42.0922,A-207,CLIENT-7,XLON
T-0000128,O-0000128,2026-08-25T09:31:48.800000Z,MEGA.O,BUY,6786,42.0871,A-208,CLIENT-8,XLON
T-0000129,O-0000129,2026-08-25T09:31:49.650000Z,LIQD.P,SELL,6476,42.1077,A-209,CLIENT-9,XLON
T-0000130,O-0000130,2026-08-25T09:31:50.500000Z,NOVA.L,BUY,5000,42.092,A-104,CLIENT-LINKED,XLON
T-0000131,O-0000131,2026-08-25T09:31:51.350000Z,NOVA.L,SELL,5001,42.1001,A-882,CLIENT-LINKED,XLON
T-0000132,O-0000132,2026-08-25T09:31:52.200000Z,NOVA.L,BUY,5002,42.1008,A-104,CLIENT-LINKED,XLON
T-0000133,O-0000133,2026-08-25T09:31:53.050000Z,NOVA.L,SELL,5003,42.1132,A-882,CLIENT-LINKED,XLON
T-0000134,O-0000134,2026-08-25T09:31:53.900000Z,LIQD.P,BUY,4818,42.1018,A-214,CLIENT-14,XLON
T-0000135,O-0000135,2026-08-25T09:31:54.750000Z,NOVA.L,SELL,5996,42.109,A-215,CLIENT-15,XLON
T-0000136,O-0000136,2026-08-25T09:31:55.600000Z,ALTO.N,BUY,5528,42.1057,A-216,CLIENT-16,XLON
T-0000137,O-0000137,2026-08-25T09:31:56.450000Z,QUAD.N,SELL,5694,42.109,A-217,CLIENT-17,XLON
T-0000138,O-0000138,2026-08-25T09:31:57.300000Z,MEGA.O,BUY,4108,42.1149,A-218,CLIENT-18,XLON
T-0000139,O-0000139,2026-08-25T09:31:58.150000Z,LIQD.P,SELL,6054,42.11,A-219,CLIENT-19,XLON
T-0000140,O-0000140,2026-08-25T09:31:59Z,NOVA.L,BUY,5000,42.123,A-104,CLIENT-LINKED,XLON
T-0000141,O-0000141,2026-08-25T09:31:59.850000Z,NOVA.L,SELL,5001,42.1228,A-882,CLIENT-LINKED,XLON
T-0000142,O-0000142,2026-08-25T09:32:00.700000Z,NOVA.L,BUY,5002,42.1143,A-104,CLIENT-LINKED,XLON
T-0000143,O-0000143,2026-08-25T09:32:01.550000Z,NOVA.L,SELL,5003,42.1179,A-882,CLIENT-LINKED,XLON
T-0000144,O-0000144,2026-08-25T09:32:02.400000Z,LIQD.P,BUY,4768,42.1213,A-224,CLIENT-24,XLON
T-0000145,O-0000145,2026-08-25T09:32:03.250000Z,NOVA.L,SELL,5789,42.1296,A-225,CLIENT-25,XLON
T-0000146,O-0000146,2026-08-25T09:32:04.100000Z,ALTO.N,BUY,5442,42.14,A-226,CLIENT-26,XLON
T-0000147,O-0000147,2026-08-25T09:32:04.950000Z,QUAD.N,SELL,4474,42.1316,A-227,CLIENT-27,XLON
T-0000148,O-0000148,2026-08-25T09:32:05.800000Z,MEGA.O,BUY,5399,42.1313,A-228,CLIENT-28,XLON
T-0000149,O-0000149,2026-08-25T09:32:06.650000Z,LIQD.P,SELL,5663,42.1337,A-229,CLIENT-29,XLON
T-0000150,O-0000150,2026-08-25T09:32:07.500000Z,NOVA.L,BUY,5000,42.1439,A-104,CLIENT-LINKED,XLON
T-0000151,O-0000151,2026-08-25T09:32:08.350000Z,NOVA.L,SELL,5001,42.1466,A-882,CLIENT-LINKED,XLON
T-0000152,O-0000152,2026-08-25T09:32:09.200000Z,NOVA.L,BUY,5002,42.1497,A-104,CLIENT-LINKED,XLON
T-0000153,O-0000153,2026-08-25T09:32:10.050000Z,NOVA.L,SELL,5003,42.1492,A-882,CLIENT-LINKED,XLON
T-0000154,O-0000154,2026-08-25T09:32:10.900000Z,LIQD.P,BUY,5793,42.1411,A-234,CLIENT-34,XLON
T-0000155,O-0000155,2026-08-25T09:32:11.750000Z,NOVA.L,SELL,5015,42.1444,A-235,CLIENT-35,XLON
T-0000156,O-0000156,2026-08-25T09:32:12.600000Z,ALTO.N,BUY,4039,42.1536,A-236,CLIENT-36,XLON
T-0000157,O-0000157,2026-08-25T09:32:13.450000Z,QUAD.N,SELL,6020,42.1452,A-237,CLIENT-37,XLON
T-0000158,O-0000158,2026-08-25T09:32:14.300000Z,MEGA.O,BUY,5084,42.1471,A-238,CLIENT-38,XLON
T-0000159,O-0000159,2026-08-25T09:32:15.150000Z,LIQD.P,SELL,6192,42.1575,A-239,CLIENT-39,XLON
T-0000160,O-0000160,2026-08-25T09:32:16Z,NOVA.L,BUY,5000,42.0084,A-104,CLIENT-LINKED,XLON
T-0000161,O-0000161,2026-08-25T09:32:16.850000Z,NOVA.L,SELL,5001,42.0026,A-882,CLIENT-LINKED,XLON
T-0000162,O-0000162,2026-08-25T09:32:17.700000Z,NOVA.L,BUY,5002,41.9951,A-104,CLIENT-LINKED,XLON
T-0000163,O-0000163,2026-08-25T09:32:18.550000Z,NOVA.L,SELL,5003,42.0062,A-882,CLIENT-LINKED,XLON
T-0000164,O-0000164,2026-08-25T09:32:19.400000Z,LIQD.P,BUY,4561,41.9994,A-244,CLIENT-44,XLON
T-0000165,O-0000165,2026-08-25T09:32:20.250000Z,NOVA.L,SELL,4078,42.0135,A-245,CLIENT-45,XLON
T-0000166,O-0000166,2026-08-25T09:32:21.100000Z,ALTO.N,BUY,4763,42.0101,A-246,CLIENT-46,XLON
T-0000167,O-0000167,2026-08-25T09:32:21.950000Z,QUAD.N,SELL,6133,42.0089,A-247,CLIENT-47,XLON
T-0000168,O-0000168,2026-08-25T09:32:22.800000Z,MEGA.O,BUY,6235,42.0068,A-248,CLIENT-48,XLON
T-0000169,O-0000169,2026-08-25T09:32:23.650000Z,LIQD.P,SELL,4135,42.0164,A-249,CLIENT-49,XLON
T-0000170,O-0000170,2026-08-25T09:32:24.500000Z,NOVA.L,BUY,5000,42.0217,A-104,CLIENT-LINKED,XLON
T-0000171,O-0000171,2026-08-25T09:32:25.350000Z,NOVA.L,SELL,5001,42.0225,A-882,CLIENT-LINKED,XLON
T-0000172,O-0000172,2026-08-25T09:32:26.200000Z,NOVA.L,BUY,5002,42.0327,A-104,CLIENT-LINKED,XLON
T-0000173,O-0000173,2026-08-25T09:32:27.050000Z,NOVA.L,SELL,5003,42.0201,A-882,CLIENT-LINKED,XLON
T-0000174,O-0000174,2026-08-25T09:32:27.900000Z,LIQD.P,BUY,6733,42.0243,A-254,CLIENT-54,XLON
T-0000175,O-0000175,2026-08-25T09:32:28.750000Z,NOVA.L,SELL,4887,42.0279,A-255,CLIENT-55,XLON
T-0000176,O-0000176,2026-08-25T09:32:29.600000Z,ALTO.N,BUY,6551,42.0349,A-256,CLIENT-56,XLON
T-0000177,O-0000177,2026-08-25T09:32:30.450000Z,QUAD.N,SELL,5672,42.0303,A-257,CLIENT-57,XLON
T-0000178,O-0000178,2026-08-25T09:32:31.300000Z,MEGA.O,BUY,4097,42.0262,A-258,CLIENT-58,XLON
T-0000179,O-0000179,2026-08-25T09:32:32.150000Z,LIQD.P,SELL,6344,42.048,A-259,CLIENT-59,XLON
T-0000180,O-0000180,2026-08-25T09:32:33Z,NOVA.L,BUY,5000,42.0499,A-104,CLIENT-LINKED,XLON
T-0000181,O-0000181,2026-08-25T09:32:33.850000Z,NOVA.L,SELL,5001,42.0335,A-882,CLIENT-LINKED,XLON
T-0000182,O-0000182,2026-08-25T09:32:34.700000Z,NOVA.L,BUY,5002,42.0383,A-104,CLIENT-LINKED,XLON
T-0000183,O-0000183,2026-08-25T09:32:35.550000Z,NOVA.L,SELL,5003,42.0413,A-882,CLIENT-LINKED,XLON
T-0000184,O-0000184,2026-08-25T09:32:36.400000Z,LIQD.P,BUY,5229,42.0556,A-204,CLIENT-4,XLON
T-0000185,O-0000185,2026-08-25T09:32:37.250000Z,NOVA.L,SELL,4800,42.0474,A-205,CLIENT-5,XLON
T-0000186,O-0000186,2026-08-25T09:32:38.100000Z,ALTO.N,BUY,4446,42.0508,A-206,CLIENT-6,XLON
T-0000187,O-0000187,2026-08-25T09:32:38.950000Z,QUAD.N,SELL,6025,42.0581,A-207,CLIENT-7,XLON
T-0000188,O-0000188,2026-08-25T09:32:39.800000Z,MEGA.O,BUY,6305,42.0657,A-208,CLIENT-8,XLON
T-0000189,O-0000189,2026-08-25T09:32:40.650000Z,LIQD.P,SELL,6478,42.0586,A-209,CLIENT-9,XLON
T-0000190,O-0000190,2026-08-25T09:32:41.500000Z,NOVA.L,BUY,5000,42.0634,A-104,CLIENT-LINKED,XLON
T-0000191,O-0000191,2026-08-25T09:32:42.350000Z,NOVA.L,SELL,5001,42.0631,A-882,CLIENT-LINKED,XLON
T-0000192,O-0000192,2026-08-25T09:32:43.200000Z,NOVA.L,BUY,5002,42.0726,A-104,CLIENT-LINKED,XLON
T-0000193,O-0000193,2026-08-25T09:32:44.050000Z,NOVA.L,SELL,5003,42.0581,A-882,CLIENT-LINKED,XLON
T-0000194,O-0000194,2026-08-25T09:32:44.900000Z,LIQD.P,BUY,4350,42.0633,A-214,CLIENT-14,XLON
T-0000195,O-0000195,2026-08-25T09:32:45.750000Z,NOVA.L,SELL,4238,42.0748,A-215,CLIENT-15,XLON
T-0000196,O-0000196,2026-08-25T09:32:46.600000Z,ALTO.N,BUY,4436,42.0674,A-216,CLIENT-16,XLON
T-0000197,O-0000197,2026-08-25T09:32:47.450000Z,QUAD.N,SELL,6277,42.0682,A-217,CLIENT-17,XLON
T-0000198,O-0000198,2026-08-25T09:32:48.300000Z,MEGA.O,BUY,5204,42.0701,A-218,CLIENT-18,XLON
T-0000199,O-0000199,2026-08-25T09:32:49.150000Z,LIQD.P,SELL,6397,42.0851,A-219,CLIENT-19,XLON
T-0000200,O-0000200,2026-08-25T09:32:50Z,NOVA.L,BUY,5000,42.0801,A-104,CLIENT-LINKED,XLON
T-0000201,O-0000201,2026-08-25T09:32:50.850000Z,NOVA.L,SELL,5001,42.077,A-882,CLIENT-LINKED,XLON
T-0000202,O-0000202,2026-08-25T09:32:51.700000Z,NOVA.L,BUY,5002,42.0922,A-104,CLIENT-LINKED,XLON
T-0000203,O-0000203,2026-08-25T09:32:52.550000Z,NOVA.L,SELL,5003,42.077,A-882,CLIENT-LINKED,XLON
T-0000204,O-0000204,2026-08-25T09:32:53.400000Z,LIQD.P,BUY,6398,42.0865,A-224,CLIENT-24,XLON
T-0000205,O-0000205,2026-08-25T09:32:54.250000Z,NOVA.L,SELL,4933,42.0809,A-225,CLIENT-25,XLON
T-0000206,O-0000206,2026-08-25T09:32:55.100000Z,ALTO.N,BUY,5166,42.0974,A-226,CLIENT-26,XLON
T-0000207,O-0000207,2026-08-25T09:32:55.950000Z,QUAD.N,SELL,6409,42.1036,A-227,CLIENT-27,XLON
T-0000208,O-0000208,2026-08-25T09:32:56.800000Z,MEGA.O,BUY,4461,42.1008,A-228,CLIENT-28,XLON
T-0000209,O-0000209,2026-08-25T09:32:57.650000Z,LIQD.P,SELL,6059,42.1021,A-229,CLIENT-29,XLON
T-0000210,O-0000210,2026-08-25T09:32:58.500000Z,NOVA.L,BUY,5000,42.1012,A-104,CLIENT-LINKED,XLON
T-0000211,O-0000211,2026-08-25T09:32:59.350000Z,NOVA.L,SELL,5001,42.0942,A-882,CLIENT-LINKED,XLON
T-0000212,O-0000212,2026-08-25T09:33:00.200000Z,NOVA.L,BUY,5002,42.1129,A-104,CLIENT-LINKED,XLON
T-0000213,O-0000213,2026-08-25T09:33:01.050000Z,NOVA.L,SELL,5003,42.1098,A-882,CLIENT-LINKED,XLON
T-0000214,O-0000214,2026-08-25T09:33:01.900000Z,LIQD.P,BUY,4410,42.1089,A-234,CLIENT-34,XLON
T-0000215,O-0000215,2026-08-25T09:33:02.750000Z,NOVA.L,SELL,5312,42.1117,A-235,CLIENT-35,XLON
T-0000216,O-0000216,2026-08-25T09:33:03.600000Z,ALTO.N,BUY,4406,42.1106,A-236,CLIENT-36,XLON
T-0000217,O-0000217,2026-08-25T09:33:04.450000Z,QUAD.N,SELL,3971,42.1102,A-237,CLIENT-37,XLON
T-0000218,O-0000218,2026-08-25T09:33:05.300000Z,MEGA.O,BUY,3963,42.124,A-238,CLIENT-38,XLON
T-0000219,O-0000219,2026-08-25T09:33:06.150000Z,LIQD.P,SELL,4660,42.1216,A-239,CLIENT-39,XLON
T-0000220,O-0000220,2026-08-25T09:33:07Z,NOVA.L,BUY,5000,42.1233,A-104,CLIENT-LINKED,XLON
T-0000221,O-0000221,2026-08-25T09:33:07.850000Z,NOVA.L,SELL,5001,42.1191,A-882,CLIENT-LINKED,XLON
T-0000222,O-0000222,2026-08-25T09:33:08.700000Z,NOVA.L,BUY,5002,42.1252,A-104,CLIENT-LINKED,XLON
T-0000223,O-0000223,2026-08-25T09:33:09.550000Z,NOVA.L,SELL,5003,42.1335,A-882,CLIENT-LINKED,XLON
T-0000224,O-0000224,2026-08-25T09:33:10.400000Z,LIQD.P,BUY,6342,42.133,A-244,CLIENT-44,XLON
T-0000225,O-0000225,2026-08-25T09:33:11.250000Z,NOVA.L,SELL,4769,42.1373,A-245,CLIENT-45,XLON
T-0000226,O-0000226,2026-08-25T09:33:12.100000Z,ALTO.N,BUY,4525,42.1396,A-246,CLIENT-46,XLON
T-0000227,O-0000227,2026-08-25T09:33:12.950000Z,QUAD.N,SELL,3901,42.1276,A-247,CLIENT-47,XLON
T-0000228,O-0000228,2026-08-25T09:33:13.800000Z,MEGA.O,BUY,5160,42.1416,A-248,CLIENT-48,XLON
T-0000229,O-0000229,2026-08-25T09:33:14.650000Z,LIQD.P,SELL,5486,42.144,A-249,CLIENT-49,XLON
T-0000230,O-0000230,2026-08-25T09:33:15.500000Z,NOVA.L,BUY,5000,42.1473,A-104,CLIENT-LINKED,XLON
T-0000231,O-0000231,2026-08-25T09:33:16.350000Z,NOVA.L,SELL,5001,42.1482,A-882,CLIENT-LINKED,XLON
T-0000232,O-0000232,2026-08-25T09:33:17.200000Z,NOVA.L,BUY,5002,42.1393,A-104,CLIENT-LINKED,XLON
T-0000233,O-0000233,2026-08-25T09:33:18.050000Z,NOVA.L,SELL,5003,42.1517,A-882,CLIENT-LINKED,XLON
T-0000234,O-0000234,2026-08-25T09:33:18.900000Z,LIQD.P,BUY,4242,42.1457,A-254,CLIENT-54,XLON
T-0000235,O-0000235,2026-08-25T09:33:19.750000Z,NOVA.L,SELL,3958,42.1572,A-255,CLIENT-55,XLON
T-0000236,O-0000236,2026-08-25T09:33:20.600000Z,ALTO.N,BUY,4711,42.146,A-256,CLIENT-56,XLON
T-0000237,O-0000237,2026-08-25T09:33:21.450000Z,QUAD.N,SELL,5685,42.151,A-257,CLIENT-57,XLON
T-0000238,O-0000238,2026-08-25T09:33:22.300000Z,MEGA.O,BUY,4732,42.1505,A-258,CLIENT-58,XLON
T-0000239,O-0000239,2026-08-25T09:33:23.150000Z,LIQD.P,SELL,6503,42.1519,A-259,CLIENT-59,XLON
T-0000240,O-0000240,2026-08-25T09:33:24Z,NOVA.L,BUY,5000,41.9966,A-104,CLIENT-LINKED,XLON
T-0000241,O-0000241,2026-08-25T09:33:24.850000Z,NOVA.L,SELL,5001,42.0093,A-882,CLIENT-LINKED,XLON
T-0000242,O-0000242,2026-08-25T09:33:25.700000Z,NOVA.L,BUY,5002,42.0133,A-104,CLIENT-LINKED,XLON
T-0000243,O-0000243,2026-08-25T09:33:26.550000Z,NOVA.L,SELL,5003,42.0016,A-882,CLIENT-LINKED,XLON
T-0000244,O-0000244,2026-08-25T09:33:27.400000Z,LIQD.P,BUY,6427,42.0082,A-204,CLIENT-4,XLON
T-0000245,O-0000245,2026-08-25T09:33:28.250000Z,NOVA.L,SELL,6583,42.0196,A-205,CLIENT-5,XLON
T-0000246,O-0000246,2026-08-25T09:33:29.100000Z,ALTO.N,BUY,5996,42.0086,A-206,CLIENT-6,XLON
T-0000247,O-0000247,2026-08-25T09:33:29.950000Z,QUAD.N,SELL,3913,42.0063,A-207,CLIENT-7,XLON
T-0000248,O-0000248,2026-08-25T09:33:30.800000Z,MEGA.O,BUY,4869,42.0096,A-208,CLIENT-8,XLON
T-0000249,O-0000249,2026-08-25T09:33:31.650000Z,LIQD.P,SELL,4887,42.0088,A-209,CLIENT-9,XLON
T-0000250,O-0000250,2026-08-25T09:33:32.500000Z,NOVA.L,BUY,5000,42.0219,A-104,CLIENT-LINKED,XLON
T-0000251,O-0000251,2026-08-25T09:33:33.350000Z,NOVA.L,SELL,5001,42.0189,A-882,CLIENT-LINKED,XLON
T-0000252,O-0000252,2026-08-25T09:33:34.200000Z,NOVA.L,BUY,5002,42.0297,A-104,CLIENT-LINKED,XLON
T-0000253,O-0000253,2026-08-25T09:33:35.050000Z,NOVA.L,SELL,5003,42.0247,A-882,CLIENT-LINKED,XLON
T-0000254,O-0000254,2026-08-25T09:33:35.900000Z,LIQD.P,BUY,5894,42.0203,A-214,CLIENT-14,XLON
T-0000255,O-0000255,2026-08-25T09:33:36.750000Z,NOVA.L,SELL,6161,42.0238,A-215,CLIENT-15,XLON
T-0000256,O-0000256,2026-08-25T09:33:37.600000Z,ALTO.N,BUY,3981,42.0362,A-216,CLIENT-16,XLON
T-0000257,O-0000257,2026-08-25T09:33:38.450000Z,QUAD.N,SELL,3806,42.0344,A-217,CLIENT-17,XLON
T-0000258,O-0000258,2026-08-25T09:33:39.300000Z,MEGA.O,BUY,6005,42.0397,A-218,CLIENT-18,XLON
T-0000259,O-0000259,2026-08-25T09:33:40.150000Z,LIQD.P,SELL,6546,42.0319,A-219,CLIENT-19,XLON
T-0000260,O-0000260,2026-08-25T09:33:41Z,NOVA.L,BUY,5000,42.0386,A-104,CLIENT-LINKED,XLON
T-0000261,O-0000261,2026-08-25T09:33:41.850000Z,NOVA.L,SELL,5001,42.051,A-882,CLIENT-LINKED,XLON
T-0000262,O-0000262,2026-08-25T09:33:42.700000Z,NOVA.L,BUY,5002,42.0524,A-104,CLIENT-LINKED,XLON
T-0000263,O-0000263,2026-08-25T09:33:43.550000Z,NOVA.L,SELL,5003,42.0485,A-882,CLIENT-LINKED,XLON
T-0000264,O-0000264,2026-08-25T09:33:44.400000Z,LIQD.P,BUY,6517,42.055,A-224,CLIENT-24,XLON
T-0000265,O-0000265,2026-08-25T09:33:45.250000Z,NOVA.L,SELL,6748,42.058,A-225,CLIENT-25,XLON
T-0000266,O-0000266,2026-08-25T09:33:46.100000Z,ALTO.N,BUY,5877,42.0482,A-226,CLIENT-26,XLON
T-0000267,O-0000267,2026-08-25T09:33:46.950000Z,QUAD.N,SELL,5472,42.0505,A-227,CLIENT-27,XLON
T-0000268,O-0000268,2026-08-25T09:33:47.800000Z,MEGA.O,BUY,6655,42.0519,A-228,CLIENT-28,XLON
T-0000269,O-0000269,2026-08-25T09:33:48.650000Z,LIQD.P,SELL,4321,42.0518,A-229,CLIENT-29,XLON
T-0000270,O-0000270,2026-08-25T09:33:49.500000Z,NOVA.L,BUY,5000,42.0633,A-104,CLIENT-LINKED,XLON
T-0000271,O-0000271,2026-08-25T09:33:50.350000Z,NOVA.L,SELL,5001,42.0596,A-882,CLIENT-LINKED,XLON
T-0000272,O-0000272,2026-08-25T09:33:51.200000Z,NOVA.L,BUY,5002,42.069,A-104,CLIENT-LINKED,XLON
T-0000273,O-0000273,2026-08-25T09:33:52.050000Z,NOVA.L,SELL,5003,42.0595,A-882,CLIENT-LINKED,XLON
T-0000274,O-0000274,2026-08-25T09:33:52.900000Z,LIQD.P,BUY,6131,42.064,A-234,CLIENT-34,XLON
T-0000275,O-0000275,2026-08-25T09:33:53.750000Z,NOVA.L,SELL,6044,42.0767,A-235,CLIENT-35,XLON
T-0000276,O-0000276,2026-08-25T09:33:54.600000Z,ALTO.N,BUY,5044,42.0677,A-236,CLIENT-36,XLON
T-0000277,O-0000277,2026-08-25T09:33:55.450000Z,QUAD.N,SELL,5560,42.0797,A-237,CLIENT-37,XLON
T-0000278,O-0000278,2026-08-25T09:33:56.300000Z,MEGA.O,BUY,6284,42.0791,A-238,CLIENT-38,XLON
T-0000279,O-0000279,2026-08-25T09:33:57.150000Z,LIQD.P,SELL,5704,42.0768,A-239,CLIENT-39,XLON
T-0000280,O-0000280,2026-08-25T09:33:58Z,NOVA.L,BUY,5000,42.0835,A-104,CLIENT-LINKED,XLON
T-0000281,O-0000281,2026-08-25T09:33:58.850000Z,NOVA.L,SELL,5001,42.0822,A-882,CLIENT-LINKED,XLON
T-0000282,O-0000282,2026-08-25T09:33:59.700000Z,NOVA.L,BUY,5002,42.0899,A-104,CLIENT-LINKED,XLON
T-0000283,O-0000283,2026-08-25T09:34:00.550000Z,NOVA.L,SELL,5003,42.0952,A-882,CLIENT-LINKED,XLON
T-0000284,O-0000284,2026-08-25T09:34:01.400000Z,LIQD.P,BUY,4495,42.0912,A-244,CLIENT-44,XLON
T-0000285,O-0000285,2026-08-25T09:34:02.250000Z,NOVA.L,SELL,4962,42.0903,A-245,CLIENT-45,XLON
T-0000286,O-0000286,2026-08-25T09:34:03.100000Z,ALTO.N,BUY,6392,42.0944,A-246,CLIENT-46,XLON
T-0000287,O-0000287,2026-08-25T09:34:03.950000Z,QUAD.N,SELL,4182,42.1004,A-247,CLIENT-47,XLON
T-0000288,O-0000288,2026-08-25T09:34:04.800000Z,MEGA.O,BUY,4762,42.0995,A-248,CLIENT-48,XLON
T-0000289,O-0000289,2026-08-25T09:34:05.650000Z,LIQD.P,SELL,4720,42.1041,A-249,CLIENT-49,XLON
T-0000290,O-0000290,2026-08-25T09:34:06.500000Z,NOVA.L,BUY,5000,42.0929,A-104,CLIENT-LINKED,XLON
T-0000291,O-0000291,2026-08-25T09:34:07.350000Z,NOVA.L,SELL,5001,42.0929,A-882,CLIENT-LINKED,XLON
T-0000292,O-0000292,2026-08-25T09:34:08.200000Z,NOVA.L,BUY,5002,42.1137,A-104,CLIENT-LINKED,XLON
T-0000293,O-0000293,2026-08-25T09:34:09.050000Z,NOVA.L,SELL,5003,42.1082,A-882,CLIENT-LINKED,XLON
T-0000294,O-0000294,2026-08-25T09:34:09.900000Z,LIQD.P,BUY,4098,42.1071,A-254,CLIENT-54,XLON
T-0000295,O-0000295,2026-08-25T09:34:10.750000Z,NOVA.L,SELL,6379,42.1115,A-255,CLIENT-55,XLON
T-0000296,O-0000296,2026-08-25T09:34:11.600000Z,ALTO.N,BUY,6742,42.1159,A-256,CLIENT-56,XLON
T-0000297,O-0000297,2026-08-25T09:34:12.450000Z,QUAD.N,SELL,5824,42.112,A-257,CLIENT-57,XLON
T-0000298,O-0000298,2026-08-25T09:34:13.300000Z,MEGA.O,BUY,4404,42.1191,A-258,CLIENT-58,XLON
T-0000299,O-0000299,2026-08-25T09:34:14.150000Z,LIQD.P,SELL,3822,42.1259,A-259,CLIENT-59,XLON
T-0000300,O-0000300,2026-08-25T09:34:15Z,NOVA.L,BUY,5000,42.1272,A-104,CLIENT-LINKED,XLON
T-0000301,O-0000301,2026-08-25T09:34:15.850000Z,NOVA.L,SELL,5001,42.1297,A-882,CLIENT-LINKED,XLON
T-0000302,O-0000302,2026-08-25T09:34:16.700000Z,NOVA.L,BUY,5002,42.1296,A-104,CLIENT-LINKED,XLON
T-0000303,O-0000303,2026-08-25T09:34:17.550000Z,NOVA.L,SELL,5003,42.1204,A-882,CLIENT-LINKED,XLON
T-0000304,O-0000304,2026-08-25T09:34:18.400000Z,LIQD.P,BUY,6650,42.1284,A-204,CLIENT-4,XLON
T-0000305,O-0000305,2026-08-25T09:34:19.250000Z,NOVA.L,SELL,4005,42.1311,A-205,CLIENT-5,XLON
T-0000306,O-0000306,2026-08-25T09:34:20.100000Z,ALTO.N,BUY,4297,42.1311,A-206,CLIENT-6,XLON
T-0000307,O-0000307,2026-08-25T09:34:20.950000Z,QUAD.N,SELL,5703,42.1374,A-207,CLIENT-7,XLON
T-0000308,O-0000308,2026-08-25T09:34:21.800000Z,MEGA.O,BUY,6089,42.1379,A-208,CLIENT-8,XLON
T-0000309,O-0000309,2026-08-25T09:34:22.650000Z,LIQD.P,SELL,5612,42.1403,A-209,CLIENT-9,XLON
T-0000310,O-0000310,2026-08-25T09:34:23.500000Z,NOVA.L,BUY,5000,42.1444,A-104,CLIENT-LINKED,XLON
T-0000311,O-0000311,2026-08-25T09:34:24.350000Z,NOVA.L,SELL,5001,42.1421,A-882,CLIENT-LINKED,XLON
T-0000312,O-0000312,2026-08-25T09:34:25.200000Z,NOVA.L,BUY,5002,42.1506,A-104,CLIENT-LINKED,XLON
T-0000313,O-0000313,2026-08-25T09:34:26.050000Z,NOVA.L,SELL,5003,42.147,A-882,CLIENT-LINKED,XLON
T-0000314,O-0000314,2026-08-25T09:34:26.900000Z,LIQD.P,BUY,4451,42.1529,A-214,CLIENT-14,XLON
T-0000315,O-0000315,2026-08-25T09:34:27.750000Z,NOVA.L,SELL,5744,42.149,A-215,CLIENT-15,XLON
T-0000316,O-0000316,2026-08-25T09:34:28.600000Z,ALTO.N,BUY,4812,42.1588,A-216,CLIENT-16,XLON
T-0000317,O-0000317,2026-08-25T09:34:29.450000Z,QUAD.N,SELL,4935,42.1593,A-217,CLIENT-17,XLON
T-0000318,O-0000318,2026-08-25T09:34:30.300000Z,MEGA.O,BUY,5935,42.1557,A-218,CLIENT-18,XLON
T-0000319,O-0000319,2026-08-25T09:34:31.150000Z,LIQD.P,SELL,4779,42.1535,A-219,CLIENT-19,XLON
T-0000320,O-0000320,2026-08-25T09:34:32Z,NOVA.L,BUY,5000,41.9915,A-104,CLIENT-LINKED,XLON
T-0000321,O-0000321,2026-08-25T09:34:32.850000Z,NOVA.L,SELL,5001,41.9977,A-882,CLIENT-LINKED,XLON
T-0000322,O-0000322,2026-08-25T09:34:33.700000Z,NOVA.L,BUY,5002,41.9994,A-104,CLIENT-LINKED,XLON
T-0000323,O-0000323,2026-08-25T09:34:34.550000Z,NOVA.L,SELL,5003,42.0024,A-882,CLIENT-LINKED,XLON
T-0000324,O-0000324,2026-08-25T09:34:35.400000Z,LIQD.P,BUY,6012,41.9996,A-224,CLIENT-24,XLON
T-0000325,O-0000325,2026-08-25T09:34:36.250000Z,NOVA.L,SELL,4417,42.0046,A-225,CLIENT-25,XLON
T-0000326,O-0000326,2026-08-25T09:34:37.100000Z,ALTO.N,BUY,6642,42.0051,A-226,CLIENT-26,XLON
T-0000327,O-0000327,2026-08-25T09:34:37.950000Z,QUAD.N,SELL,4676,42.0053,A-227,CLIENT-27,XLON
T-0000328,O-0000328,2026-08-25T09:34:38.800000Z,MEGA.O,BUY,5469,42.0126,A-228,CLIENT-28,XLON
T-0000329,O-0000329,2026-08-25T09:34:39.650000Z,LIQD.P,SELL,5708,42.0163,A-229,CLIENT-29,XLON
T-0000330,O-0000330,2026-08-25T09:34:40.500000Z,NOVA.L,BUY,5000,42.0141,A-104,CLIENT-LINKED,XLON
T-0000331,O-0000331,2026-08-25T09:34:41.350000Z,NOVA.L,SELL,5001,42.0204,A-882,CLIENT-LINKED,XLON
T-0000332,O-0000332,2026-08-25T09:34:42.200000Z,NOVA.L,BUY,5002,42.0321,A-104,CLIENT-LINKED,XLON
T-0000333,O-0000333,2026-08-25T09:34:43.050000Z,NOVA.L,SELL,5003,42.0277,A-882,CLIENT-LINKED,XLON
T-0000334,O-0000334,2026-08-25T09:34:43.900000Z,LIQD.P,BUY,6648,42.0184,A-234,CLIENT-34,XLON
T-0000335,O-0000335,2026-08-25T09:34:44.750000Z,NOVA.L,SELL,6158,42.0276,A-235,CLIENT-35,XLON
T-0000336,O-0000336,2026-08-25T09:34:45.600000Z,ALTO.N,BUY,3824,42.0409,A-236,CLIENT-36,XLON
T-0000337,O-0000337,2026-08-25T09:34:46.450000Z,QUAD.N,SELL,5023,42.0391,A-237,CLIENT-37,XLON
T-0000338,O-0000338,2026-08-25T09:34:47.300000Z,MEGA.O,BUY,5516,42.0368,A-238,CLIENT-38,XLON
T-0000339,O-0000339,2026-08-25T09:34:48.150000Z,LIQD.P,SELL,6036,42.044,A-239,CLIENT-39,XLON
T-0000340,O-0000340,2026-08-25T09:34:49Z,NOVA.L,BUY,5000,42.048,A-104,CLIENT-LINKED,XLON
T-0000341,O-0000341,2026-08-25T09:34:49.850000Z,NOVA.L,SELL,5001,42.0418,A-882,CLIENT-LINKED,XLON
T-0000342,O-0000342,2026-08-25T09:34:50.700000Z,NOVA.L,BUY,5002,42.0395,A-104,CLIENT-LINKED,XLON
T-0000343,O-0000343,2026-08-25T09:34:51.550000Z,NOVA.L,SELL,5003,42.0457,A-882,CLIENT-LINKED,XLON
T-0000344,O-0000344,2026-08-25T09:34:52.400000Z,LIQD.P,BUY,5392,42.0447,A-244,CLIENT-44,XLON
T-0000345,O-0000345,2026-08-25T09:34:53.250000Z,NOVA.L,SELL,6581,42.056,A-245,CLIENT-45,XLON
T-0000346,O-0000346,2026-08-25T09:34:54.100000Z,ALTO.N,BUY,6766,42.0453,A-246,CLIENT-46,XLON
T-0000347,O-0000347,2026-08-25T09:34:54.950000Z,QUAD.N,SELL,5714,42.0624,A-247,CLIENT-47,XLON
T-0000348,O-0000348,2026-08-25T09:34:55.800000Z,MEGA.O,BUY,6348,42.0567,A-248,CLIENT-48,XLON
T-0000349,O-0000349,2026-08-25T09:34:56.650000Z,LIQD.P,SELL,5413,42.0598,A-249,CLIENT-49,XLON
T-0000350,O-0000350,2026-08-25T09:34:57.500000Z,NOVA.L,BUY,5000,42.0633,A-104,CLIENT-LINKED,XLON
T-0000351,O-0000351,2026-08-25T09:34:58.350000Z,NOVA.L,SELL,5001,42.0537,A-882,CLIENT-LINKED,XLON
T-0000352,O-0000352,2026-08-25T09:34:59.200000Z,NOVA.L,BUY,5002,42.0626,A-104,CLIENT-LINKED,XLON
T-0000353,O-0000353,2026-08-25T09:35:00.050000Z,NOVA.L,SELL,5003,42.0733,A-882,CLIENT-LINKED,XLON
T-0000354,O-0000354,2026-08-25T09:35:00.900000Z,LIQD.P,BUY,4544,42.059,A-254,CLIENT-54,XLON
T-0000355,O-0000355,2026-08-25T09:35:01.750000Z,NOVA.L,SELL,5352,42.0665,A-255,CLIENT-55,XLON
T-0000356,O-0000356,2026-08-25T09:35:02.600000Z,ALTO.N,BUY,5662,42.0685,A-256,CLIENT-56,XLON
T-0000357,O-0000357,2026-08-25T09:35:03.450000Z,QUAD.N,SELL,5352,42.0696,A-257,CLIENT-57,XLON
T-0000358,O-0000358,2026-08-25T09:35:04.300000Z,MEGA.O,BUY,5526,42.071,A-258,CLIENT-58,XLON
T-0000359,O-0000359,2026-08-25T09:35:05.150000Z,LIQD.P,SELL,4135,42.0774,A-259,CLIENT-59,XLON
T-0000360,O-0000360,2026-08-25T09:35:06Z,NOVA.L,BUY,5000,42.085,A-104,CLIENT-LINKED,XLON
T-0000361,O-0000361,2026-08-25T09:35:06.850000Z,NOVA.L,SELL,5001,42.073,A-882,CLIENT-LINKED,XLON
T-0000362,O-0000362,2026-08-25T09:35:07.700000Z,NOVA.L,BUY,5002,42.093,A-104,CLIENT-LINKED,XLON
T-0000363,O-0000363,2026-08-25T09:35:08.550000Z,NOVA.L,SELL,5003,42.0805,A-882,CLIENT-LINKED,XLON
T-0000364,O-0000364,2026-08-25T09:35:09.400000Z,LIQD.P,BUY,4081,42.0936,A-204,CLIENT-4,XLON
T-0000365,O-0000365,2026-08-25T09:35:10.250000Z,NOVA.L,SELL,6469,42.0808,A-205,CLIENT-5,XLON
T-0000366,O-0000366,2026-08-25T09:35:11.100000Z,ALTO.N,BUY,3927,42.101,A-206,CLIENT-6,XLON
T-0000367,O-0000367,2026-08-25T09:35:11.950000Z,QUAD.N,SELL,4616,42.1008,A-207,CLIENT-7,XLON
T-0000368,O-0000368,2026-08-25T09:35:12.800000Z,MEGA.O,BUY,6344,42.089,A-208,CLIENT-8,XLON
T-0000369,O-0000369,2026-08-25T09:35:13.650000Z,LIQD.P,SELL,4317,42.0975,A-209,CLIENT-9,XLON
T-0000370,O-0000370,2026-08-25T09:35:14.500000Z,NOVA.L,BUY,5000,42.0923,A-104,CLIENT-LINKED,XLON
T-0000371,O-0000371,2026-08-25T09:35:15.350000Z,NOVA.L,SELL,5001,42.111,A-882,CLIENT-LINKED,XLON
T-0000372,O-0000372,2026-08-25T09:35:16.200000Z,NOVA.L,BUY,5002,42.1033,A-104,CLIENT-LINKED,XLON
T-0000373,O-0000373,2026-08-25T09:35:17.050000Z,NOVA.L,SELL,5003,42.1011,A-882,CLIENT-LINKED,XLON
T-0000374,O-0000374,2026-08-25T09:35:17.900000Z,LIQD.P,BUY,5310,42.1014,A-214,CLIENT-14,XLON
T-0000375,O-0000375,2026-08-25T09:35:18.750000Z,NOVA.L,SELL,6287,42.1193,A-215,CLIENT-15,XLON
T-0000376,O-0000376,2026-08-25T09:35:19.600000Z,ALTO.N,BUY,6742,42.1043,A-216,CLIENT-16,XLON
T-0000377,O-0000377,2026-08-25T09:35:20.450000Z,QUAD.N,SELL,4470,42.1233,A-217,CLIENT-17,XLON
T-0000378,O-0000378,2026-08-25T09:35:21.300000Z,MEGA.O,BUY,4242,42.1176,A-218,CLIENT-18,XLON
T-0000379,O-0000379,2026-08-25T09:35:22.150000Z,LIQD.P,SELL,5077,42.1195,A-219,CLIENT-19,XLON
T-0000380,O-0000380,2026-08-25T09:35:23Z,NOVA.L,BUY,5000,42.1282,A-104,CLIENT-LINKED,XLON
T-0000381,O-0000381,2026-08-25T09:35:23.850000Z,NOVA.L,SELL,5001,42.1195,A-882,CLIENT-LINKED,XLON
T-0000382,O-0000382,2026-08-25T09:35:24.700000Z,NOVA.L,BUY,5002,42.1328,A-104,CLIENT-LINKED,XLON
T-0000383,O-0000383,2026-08-25T09:35:25.550000Z,NOVA.L,SELL,5003,42.12,A-882,CLIENT-LINKED,XLON
T-0000384,O-0000384,2026-08-25T09:35:26.400000Z,LIQD.P,BUY,6225,42.1318,A-224,CLIENT-24,XLON
T-0000385,O-0000385,2026-08-25T09:35:27.250000Z,NOVA.L,SELL,6369,42.1249,A-225,CLIENT-25,XLON
T-0000386,O-0000386,2026-08-25T09:35:28.100000Z,ALTO.N,BUY,6655,42.1374,A-226,CLIENT-26,XLON
T-0000387,O-0000387,2026-08-25T09:35:28.950000Z,QUAD.N,SELL,6602,42.136,A-227,CLIENT-27,XLON
T-0000388,O-0000388,2026-08-25T09:35:29.800000Z,MEGA.O,BUY,4295,42.1419,A-228,CLIENT-28,XLON
T-0000389,O-0000389,2026-08-25T09:35:30.650000Z,LIQD.P,SELL,6118,42.1437,A-229,CLIENT-29,XLON
T-0000390,O-0000390,2026-08-25T09:35:31.500000Z,NOVA.L,BUY,5000,42.1369,A-104,CLIENT-LINKED,XLON
T-0000391,O-0000391,2026-08-25T09:35:32.350000Z,NOVA.L,SELL,5001,42.1406,A-882,CLIENT-LINKED,XLON
T-0000392,O-0000392,2026-08-25T09:35:33.200000Z,NOVA.L,BUY,5002,42.1414,A-104,CLIENT-LINKED,XLON
T-0000393,O-0000393,2026-08-25T09:35:34.050000Z,NOVA.L,SELL,5003,42.1461,A-882,CLIENT-LINKED,XLON
T-0000394,O-0000394,2026-08-25T09:35:34.900000Z,LIQD.P,BUY,5197,42.1383,A-234,CLIENT-34,XLON
T-0000395,O-0000395,2026-08-25T09:35:35.750000Z,NOVA.L,SELL,5520,42.1564,A-235,CLIENT-35,XLON
T-0000396,O-0000396,2026-08-25T09:35:36.600000Z,ALTO.N,BUY,4232,42.1507,A-236,CLIENT-36,XLON
T-0000397,O-0000397,2026-08-25T09:35:37.450000Z,QUAD.N,SELL,5283,42.1567,A-237,CLIENT-37,XLON
T-0000398,O-0000398,2026-08-25T09:35:38.300000Z,MEGA.O,BUY,5683,42.1601,A-238,CLIENT-38,XLON
T-0000399,O-0000399,2026-08-25T09:35:39.150000Z,LIQD.P,SELL,5583,42.1515,A-239,CLIENT-39,XLON
T-0000400,O-0000400,2026-08-25T09:35:40Z,NOVA.L,BUY,5000,42.0004,A-104,CLIENT-LINKED,XLON
T-0000401,O-0000401,2026-08-25T09:35:40.850000Z,NOVA.L,SELL,5001,42.005,A-882,CLIENT-LINKED,XLON
T-0000402,O-0000402,2026-08-25T09:35:41.700000Z,NOVA.L,BUY,5002,42.0063,A-104,CLIENT-LINKED,XLON
T-0000403,O-0000403,2026-08-25T09:35:42.550000Z,NOVA.L,SELL,5003,42.0144,A-882,CLIENT-LINKED,XLON
T-0000404,O-0000404,2026-08-25T09:35:43.400000Z,LIQD.P,BUY,5780,42.0073,A-244,CLIENT-44,XLON
T-0000405,O-0000405,2026-08-25T09:35:44.250000Z,NOVA.L,SELL,6794,42.0118,A-245,CLIENT-45,XLON
T-0000406,O-0000406,2026-08-25T09:35:45.100000Z,ALTO.N,BUY,5120,42.019,A-246,CLIENT-46,XLON
T-0000407,O-0000407,2026-08-25T09:35:45.950000Z,QUAD.N,SELL,4154,42.0096,A-247,CLIENT-47,XLON
T-0000408,O-0000408,2026-08-25T09:35:46.800000Z,MEGA.O,BUY,5646,42.0109,A-248,CLIENT-48,XLON
T-0000409,O-0000409,2026-08-25T09:35:47.650000Z,LIQD.P,SELL,5703,42.0194,A-249,CLIENT-49,XLON
T-0000410,O-0000410,2026-08-25T09:35:48.500000Z,NOVA.L,BUY,5000,42.0234,A-104,CLIENT-LINKED,XLON
T-0000411,O-0000411,2026-08-25T09:35:49.350000Z,NOVA.L,SELL,5001,42.0187,A-882,CLIENT-LINKED,XLON
T-0000412,O-0000412,2026-08-25T09:35:50.200000Z,NOVA.L,BUY,5002,42.0239,A-104,CLIENT-LINKED,XLON
T-0000413,O-0000413,2026-08-25T09:35:51.050000Z,NOVA.L,SELL,5003,42.0225,A-882,CLIENT-LINKED,XLON
T-0000414,O-0000414,2026-08-25T09:35:51.900000Z,LIQD.P,BUY,5797,42.0222,A-254,CLIENT-54,XLON
T-0000415,O-0000415,2026-08-25T09:35:52.750000Z,NOVA.L,SELL,4858,42.0268,A-255,CLIENT-55,XLON
T-0000416,O-0000416,2026-08-25T09:35:53.600000Z,ALTO.N,BUY,6241,42.036,A-256,CLIENT-56,XLON
T-0000417,O-0000417,2026-08-25T09:35:54.450000Z,QUAD.N,SELL,4931,42.0351,A-257,CLIENT-57,XLON
T-0000418,O-0000418,2026-08-25T09:35:55.300000Z,MEGA.O,BUY,5916,42.045,A-258,CLIENT-58,XLON
T-0000419,O-0000419,2026-08-25T09:35:56.150000Z,LIQD.P,SELL,4150,42.0328,A-259,CLIENT-59,XLON
T-0000420,O-0000420,2026-08-25T09:35:57Z,NOVA.L,BUY,5000,42.0381,A-104,CLIENT-LINKED,XLON
T-0000421,O-0000421,2026-08-25T09:35:57.850000Z,NOVA.L,SELL,5001,42.0431,A-882,CLIENT-LINKED,XLON
T-0000422,O-0000422,2026-08-25T09:35:58.700000Z,NOVA.L,BUY,5002,42.0388,A-104,CLIENT-LINKED,XLON
T-0000423,O-0000423,2026-08-25T09:35:59.550000Z,NOVA.L,SELL,5003,42.0455,A-882,CLIENT-LINKED,XLON
T-0000424,O-0000424,2026-08-25T09:36:00.400000Z,LIQD.P,BUY,6715,42.0478,A-204,CLIENT-4,XLON
T-0000425,O-0000425,2026-08-25T09:36:01.250000Z,NOVA.L,SELL,3870,42.0419,A-205,CLIENT-5,XLON
T-0000426,O-0000426,2026-08-25T09:36:02.100000Z,ALTO.N,BUY,4707,42.0501,A-206,CLIENT-6,XLON
T-0000427,O-0000427,2026-08-25T09:36:02.950000Z,QUAD.N,SELL,4796,42.0501,A-207,CLIENT-7,XLON
T-0000428,O-0000428,2026-08-25T09:36:03.800000Z,MEGA.O,BUY,6182,42.0534,A-208,CLIENT-8,XLON
T-0000429,O-0000429,2026-08-25T09:36:04.650000Z,LIQD.P,SELL,6067,42.0586,A-209,CLIENT-9,XLON
T-0000430,O-0000430,2026-08-25T09:36:05.500000Z,NOVA.L,BUY,5000,42.0585,A-104,CLIENT-LINKED,XLON
T-0000431,O-0000431,2026-08-25T09:36:06.350000Z,NOVA.L,SELL,5001,42.0669,A-882,CLIENT-LINKED,XLON
T-0000432,O-0000432,2026-08-25T09:36:07.200000Z,NOVA.L,BUY,5002,42.0606,A-104,CLIENT-LINKED,XLON
T-0000433,O-0000433,2026-08-25T09:36:08.050000Z,NOVA.L,SELL,5003,42.0701,A-882,CLIENT-LINKED,XLON
T-0000434,O-0000434,2026-08-25T09:36:08.900000Z,LIQD.P,BUY,4909,42.0641,A-214,CLIENT-14,XLON
T-0000435,O-0000435,2026-08-25T09:36:09.750000Z,NOVA.L,SELL,4744,42.0624,A-215,CLIENT-15,XLON
T-0000436,O-0000436,2026-08-25T09:36:10.600000Z,ALTO.N,BUY,4588,42.0683,A-216,CLIENT-16,XLON
T-0000437,O-0000437,2026-08-25T09:36:11.450000Z,QUAD.N,SELL,5994,42.083,A-217,CLIENT-17,XLON
T-0000438,O-0000438,2026-08-25T09:36:12.300000Z,MEGA.O,BUY,6626,42.0697,A-218,CLIENT-18,XLON
T-0000439,O-0000439,2026-08-25T09:36:13.150000Z,LIQD.P,SELL,4686,42.0828,A-219,CLIENT-19,XLON
T-0000440,O-0000440,2026-08-25T09:36:14Z,NOVA.L,BUY,5000,42.0755,A-104,CLIENT-LINKED,XLON
T-0000441,O-0000441,2026-08-25T09:36:14.850000Z,NOVA.L,SELL,5001,42.0838,A-882,CLIENT-LINKED,XLON
T-0000442,O-0000442,2026-08-25T09:36:15.700000Z,NOVA.L,BUY,5002,42.0892,A-104,CLIENT-LINKED,XLON
T-0000443,O-0000443,2026-08-25T09:36:16.550000Z,NOVA.L,SELL,5003,42.0879,A-882,CLIENT-LINKED,XLON
T-0000444,O-0000444,2026-08-25T09:36:17.400000Z,LIQD.P,BUY,4211,42.0947,A-224,CLIENT-24,XLON
T-0000445,O-0000445,2026-08-25T09:36:18.250000Z,NOVA.L,SELL,5013,42.0845,A-225,CLIENT-25,XLON
T-0000446,O-0000446,2026-08-25T09:36:19.100000Z,ALTO.N,BUY,4534,42.088,A-226,CLIENT-26,XLON
T-0000447,O-0000447,2026-08-25T09:36:19.950000Z,QUAD.N,SELL,6700,42.0947,A-227,CLIENT-27,XLON
T-0000448,O-0000448,2026-08-25T09:36:20.800000Z,MEGA.O,BUY,4923,42.0869,A-228,CLIENT-28,XLON
T-0000449,O-0000449,2026-08-25T09:36:21.650000Z,LIQD.P,SELL,4023,42.0991,A-229,CLIENT-29,XLON
T-0000450,O-0000450,2026-08-25T09:36:22.500000Z,NOVA.L,BUY,5000,42.1039,A-104,CLIENT-LINKED,XLON
T-0000451,O-0000451,2026-08-25T09:36:23.350000Z,NOVA.L,SELL,5001,42.0945,A-882,CLIENT-LINKED,XLON
T-0000452,O-0000452,2026-08-25T09:36:24.200000Z,NOVA.L,BUY,5002,42.1114,A-104,CLIENT-LINKED,XLON
T-0000453,O-0000453,2026-08-25T09:36:25.050000Z,NOVA.L,SELL,5003,42.1058,A-882,CLIENT-LINKED,XLON
T-0000454,O-0000454,2026-08-25T09:36:25.900000Z,LIQD.P,BUY,3850,42.1095,A-234,CLIENT-34,XLON
T-0000455,O-0000455,2026-08-25T09:36:26.750000Z,NOVA.L,SELL,5722,42.1096,A-235,CLIENT-35,XLON
T-0000456,O-0000456,2026-08-25T09:36:27.600000Z,ALTO.N,BUY,5195,42.1057,A-236,CLIENT-36,XLON
T-0000457,O-0000457,2026-08-25T09:36:28.450000Z,QUAD.N,SELL,4010,42.109,A-237,CLIENT-37,XLON
T-0000458,O-0000458,2026-08-25T09:36:29.300000Z,MEGA.O,BUY,5756,42.1083,A-238,CLIENT-38,XLON
T-0000459,O-0000459,2026-08-25T09:36:30.150000Z,LIQD.P,SELL,4067,42.116,A-239,CLIENT-39,XLON
T-0000460,O-0000460,2026-08-25T09:36:31Z,NOVA.L,BUY,5000,42.1115,A-104,CLIENT-LINKED,XLON
T-0000461,O-0000461,2026-08-25T09:36:31.850000Z,NOVA.L,SELL,5001,42.1246,A-882,CLIENT-LINKED,XLON
T-0000462,O-0000462,2026-08-25T09:36:32.700000Z,NOVA.L,BUY,5002,42.1151,A-104,CLIENT-LINKED,XLON
T-0000463,O-0000463,2026-08-25T09:36:33.550000Z,NOVA.L,SELL,5003,42.119,A-882,CLIENT-LINKED,XLON
T-0000464,O-0000464,2026-08-25T09:36:34.400000Z,LIQD.P,BUY,6105,42.137,A-244,CLIENT-44,XLON
T-0000465,O-0000465,2026-08-25T09:36:35.250000Z,NOVA.L,SELL,4148,42.1399,A-245,CLIENT-45,XLON
T-0000466,O-0000466,2026-08-25T09:36:36.100000Z,ALTO.N,BUY,4285,42.1332,A-246,CLIENT-46,XLON
T-0000467,O-0000467,2026-08-25T09:36:36.950000Z,QUAD.N,SELL,5504,42.1361,A-247,CLIENT-47,XLON
T-0000468,O-0000468,2026-08-25T09:36:37.800000Z,MEGA.O,BUY,6333,42.1305,A-248,CLIENT-48,XLON
T-0000469,O-0000469,2026-08-25T09:36:38.650000Z,LIQD.P,SELL,5940,42.1356,A-249,CLIENT-49,XLON
T-0000470,O-0000470,2026-08-25T09:36:39.500000Z,NOVA.L,BUY,5000,42.1482,A-104,CLIENT-LINKED,XLON
T-0000471,O-0000471,2026-08-25T09:36:40.350000Z,NOVA.L,SELL,5001,42.1379,A-882,CLIENT-LINKED,XLON
T-0000472,O-0000472,2026-08-25T09:36:41.200000Z,NOVA.L,BUY,5002,42.1458,A-104,CLIENT-LINKED,XLON
T-0000473,O-0000473,2026-08-25T09:36:42.050000Z,NOVA.L,SELL,5003,42.1446,A-882,CLIENT-LINKED,XLON
T-0000474,O-0000474,2026-08-25T09:36:42.900000Z,LIQD.P,BUY,6129,42.1504,A-254,CLIENT-54,XLON
T-0000475,O-0000475,2026-08-25T09:36:43.750000Z,NOVA.L,SELL,6297,42.1592,A-255,CLIENT-55,XLON
T-0000476,O-0000476,2026-08-25T09:36:44.600000Z,ALTO.N,BUY,4206,42.161,A-256,CLIENT-56,XLON
T-0000477,O-0000477,2026-08-25T09:36:45.450000Z,QUAD.N,SELL,4651,42.1565,A-257,CLIENT-57,XLON
T-0000478,O-0000478,2026-08-25T09:36:46.300000Z,MEGA.O,BUY,4883,42.1592,A-258,CLIENT-58,XLON
T-0000479,O-0000479,2026-08-25T09:36:47.150000Z,LIQD.P,SELL,4443,42.1528,A-259,CLIENT-59,XLON
T-0000480,O-0000480,2026-08-25T09:36:48Z,NOVA.L,BUY,5000,42.001,A-104,CLIENT-LINKED,XLON
T-0000481,O-0000481,2026-08-25T09:36:48.850000Z,NOVA.L,SELL,5001,41.9951,A-882,CLIENT-LINKED,XLON
T-0000482,O-0000482,2026-08-25T09:36:49.700000Z,NOVA.L,BUY,5002,42.0022,A-104,CLIENT-LINKED,XLON
T-0000483,O-0000483,2026-08-25T09:36:50.550000Z,NOVA.L,SELL,5003,42.0098,A-882,CLIENT-LINKED,XLON
T-0000484,O-0000484,2026-08-25T09:36:51.400000Z,LIQD.P,BUY,5724,42.0038,A-204,CLIENT-4,XLON
T-0000485,O-0000485,2026-08-25T09:36:52.250000Z,NOVA.L,SELL,4748,42.0058,A-205,CLIENT-5,XLON
T-0000486,O-0000486,2026-08-25T09:36:53.100000Z,ALTO.N,BUY,4958,42.0161,A-206,CLIENT-6,XLON
T-0000487,O-0000487,2026-08-25T09:36:53.950000Z,QUAD.N,SELL,5659,42.0054,A-207,CLIENT-7,XLON
T-0000488,O-0000488,2026-08-25T09:36:54.800000Z,MEGA.O,BUY,4756,42.0245,A-208,CLIENT-8,XLON
T-0000489,O-0000489,2026-08-25T09:36:55.650000Z,LIQD.P,SELL,6360,42.0198,A-209,CLIENT-9,XLON
T-0000490,O-0000490,2026-08-25T09:36:56.500000Z,NOVA.L,BUY,5000,42.0261,A-104,CLIENT-LINKED,XLON
T-0000491,O-0000491,2026-08-25T09:36:57.350000Z,NOVA.L,SELL,5001,42.016,A-882,CLIENT-LINKED,XLON
T-0000492,O-0000492,2026-08-25T09:36:58.200000Z,NOVA.L,BUY,5002,42.0163,A-104,CLIENT-LINKED,XLON
T-0000493,O-0000493,2026-08-25T09:36:59.050000Z,NOVA.L,SELL,5003,42.0205,A-882,CLIENT-LINKED,XLON
T-0000494,O-0000494,2026-08-25T09:36:59.900000Z,LIQD.P,BUY,4410,42.0362,A-214,CLIENT-14,XLON
T-0000495,O-0000495,2026-08-25T09:37:00.750000Z,NOVA.L,SELL,4382,42.0214,A-215,CLIENT-15,XLON
T-0000496,O-0000496,2026-08-25T09:37:01.600000Z,ALTO.N,BUY,4479,42.0379,A-216,CLIENT-16,XLON
T-0000497,O-0000497,2026-08-25T09:37:02.450000Z,QUAD.N,SELL,6237,42.039,A-217,CLIENT-17,XLON
T-0000498,O-0000498,2026-08-25T09:37:03.300000Z,MEGA.O,BUY,6131,42.0444,A-218,CLIENT-18,XLON
T-0000499,O-0000499,2026-08-25T09:37:04.150000Z,LIQD.P,SELL,5598,42.0305,A-219,CLIENT-19,XLON
T-0000500,O-0000500,2026-08-25T09:37:05Z,NOVA.L,BUY,5000,42.0438,A-104,CLIENT-LINKED,XLON
T-0000501,O-0000501,2026-08-25T09:37:05.850000Z,NOVA.L,SELL,5001,42.046,A-882,CLIENT-LINKED,XLON
T-0000502,O-0000502,2026-08-25T09:37:06.700000Z,NOVA.L,BUY,5002,42.0529,A-104,CLIENT-LINKED,XLON
T-0000503,O-0000503,2026-08-25T09:37:07.550000Z,NOVA.L,SELL,5003,42.046,A-882,CLIENT-LINKED,XLON
T-0000504,O-0000504,2026-08-25T09:37:08.400000Z,LIQD.P,BUY,5822,42.0468,A-224,CLIENT-24,XLON
T-0000505,O-0000505,2026-08-25T09:37:09.250000Z,NOVA.L,SELL,6249,42.0408,A-225,CLIENT-25,XLON
T-0000506,O-0000506,2026-08-25T09:37:10.100000Z,ALTO.N,BUY,5569,42.0567,A-226,CLIENT-26,XLON
T-0000507,O-0000507,2026-08-25T09:37:10.950000Z,QUAD.N,SELL,6272,42.049,A-227,CLIENT-27,XLON
T-0000508,O-0000508,2026-08-25T09:37:11.800000Z,MEGA.O,BUY,4174,42.0506,A-228,CLIENT-28,XLON
T-0000509,O-0000509,2026-08-25T09:37:12.650000Z,LIQD.P,SELL,6561,42.0647,A-229,CLIENT-29,XLON
T-0000510,O-0000510,2026-08-25T09:37:13.500000Z,NOVA.L,BUY,5000,42.0615,A-104,CLIENT-LINKED,XLON
T-0000511,O-0000511,2026-08-25T09:37:14.350000Z,NOVA.L,SELL,5001,42.071,A-882,CLIENT-LINKED,XLON
T-0000512,O-0000512,2026-08-25T09:37:15.200000Z,NOVA.L,BUY,5002,42.074,A-104,CLIENT-LINKED,XLON
T-0000513,O-0000513,2026-08-25T09:37:16.050000Z,NOVA.L,SELL,5003,42.0694,A-882,CLIENT-LINKED,XLON
T-0000514,O-0000514,2026-08-25T09:37:16.900000Z,LIQD.P,BUY,4903,42.0695,A-234,CLIENT-34,XLON
T-0000515,O-0000515,2026-08-25T09:37:17.750000Z,NOVA.L,SELL,4517,42.0694,A-235,CLIENT-35,XLON
T-0000516,O-0000516,2026-08-25T09:37:18.600000Z,ALTO.N,BUY,6468,42.0708,A-236,CLIENT-36,XLON
T-0000517,O-0000517,2026-08-25T09:37:19.450000Z,QUAD.N,SELL,4939,42.0676,A-237,CLIENT-37,XLON
T-0000518,O-0000518,2026-08-25T09:37:20.300000Z,MEGA.O,BUY,6197,42.0747,A-238,CLIENT-38,XLON
T-0000519,O-0000519,2026-08-25T09:37:21.150000Z,LIQD.P,SELL,5814,42.0874,A-239,CLIENT-39,XLON
T-0000520,O-0000520,2026-08-25T09:37:22Z,NOVA.L,BUY,5000,42.0794,A-104,CLIENT-LINKED,XLON
T-0000521,O-0000521,2026-08-25T09:37:22.850000Z,NOVA.L,SELL,5001,42.0802,A-882,CLIENT-LINKED,XLON
T-0000522,O-0000522,2026-08-25T09:37:23.700000Z,NOVA.L,BUY,5002,42.0804,A-104,CLIENT-LINKED,XLON
T-0000523,O-0000523,2026-08-25T09:37:24.550000Z,NOVA.L,SELL,5003,42.0781,A-882,CLIENT-LINKED,XLON
T-0000524,O-0000524,2026-08-25T09:37:25.400000Z,LIQD.P,BUY,4458,42.0846,A-244,CLIENT-44,XLON
T-0000525,O-0000525,2026-08-25T09:37:26.250000Z,NOVA.L,SELL,6641,42.0899,A-245,CLIENT-45,XLON
T-0000526,O-0000526,2026-08-25T09:37:27.100000Z,ALTO.N,BUY,6513,42.1009,A-246,CLIENT-46,XLON
T-0000527,O-0000527,2026-08-25T09:37:27.950000Z,QUAD.N,SELL,6053,42.0847,A-247,CLIENT-47,XLON
T-0000528,O-0000528,2026-08-25T09:37:28.800000Z,MEGA.O,BUY,4160,42.0923,A-248,CLIENT-48,XLON
T-0000529,O-0000529,2026-08-25T09:37:29.650000Z,LIQD.P,SELL,5124,42.0903,A-249,CLIENT-49,XLON
T-0000530,O-0000530,2026-08-25T09:37:30.500000Z,NOVA.L,BUY,5000,42.1055,A-104,CLIENT-LINKED,XLON
T-0000531,O-0000531,2026-08-25T09:37:31.350000Z,NOVA.L,SELL,5001,42.1093,A-882,CLIENT-LINKED,XLON
T-0000532,O-0000532,2026-08-25T09:37:32.200000Z,NOVA.L,BUY,5002,42.1105,A-104,CLIENT-LINKED,XLON
T-0000533,O-0000533,2026-08-25T09:37:33.050000Z,NOVA.L,SELL,5003,42.096,A-882,CLIENT-LINKED,XLON
T-0000534,O-0000534,2026-08-25T09:37:33.900000Z,LIQD.P,BUY,6022,42.1072,A-254,CLIENT-54,XLON
T-0000535,O-0000535,2026-08-25T09:37:34.750000Z,NOVA.L,SELL,4022,42.1038,A-255,CLIENT-55,XLON
T-0000536,O-0000536,2026-08-25T09:37:35.600000Z,ALTO.N,BUY,5281,42.1145,A-256,CLIENT-56,XLON
T-0000537,O-0000537,2026-08-25T09:37:36.450000Z,QUAD.N,SELL,5841,42.1165,A-257,CLIENT-57,XLON
T-0000538,O-0000538,2026-08-25T09:37:37.300000Z,MEGA.O,BUY,4011,42.1101,A-258,CLIENT-58,XLON
T-0000539,O-0000539,2026-08-25T09:37:38.150000Z,LIQD.P,SELL,6049,42.1106,A-259,CLIENT-59,XLON
T-0000540,O-0000540,2026-08-25T09:37:39Z,NOVA.L,BUY,5000,42.1158,A-104,CLIENT-LINKED,XLON
T-0000541,O-0000541,2026-08-25T09:37:39.850000Z,NOVA.L,SELL,5001,42.1296,A-882,CLIENT-LINKED,XLON
T-0000542,O-0000542,2026-08-25T09:37:40.700000Z,NOVA.L,BUY,5002,42.1237,A-104,CLIENT-LINKED,XLON
T-0000543,O-0000543,2026-08-25T09:37:41.550000Z,NOVA.L,SELL,5003,42.1166,A-882,CLIENT-LINKED,XLON
T-0000544,O-0000544,2026-08-25T09:37:42.400000Z,LIQD.P,BUY,6380,42.1302,A-204,CLIENT-4,XLON
T-0000545,O-0000545,2026-08-25T09:37:43.250000Z,NOVA.L,SELL,4780,42.1342,A-205,CLIENT-5,XLON
T-0000546,O-0000546,2026-08-25T09:37:44.100000Z,ALTO.N,BUY,5072,42.133,A-206,CLIENT-6,XLON
T-0000547,O-0000547,2026-08-25T09:37:44.950000Z,QUAD.N,SELL,6062,42.1322,A-207,CLIENT-7,XLON
T-0000548,O-0000548,2026-08-25T09:37:45.800000Z,MEGA.O,BUY,4720,42.1458,A-208,CLIENT-8,XLON
T-0000549,O-0000549,2026-08-25T09:37:46.650000Z,LIQD.P,SELL,4264,42.1372,A-209,CLIENT-9,XLON
T-0000550,O-0000550,2026-08-25T09:37:47.500000Z,NOVA.L,BUY,5000,42.1323,A-104,CLIENT-LINKED,XLON
T-0000551,O-0000551,2026-08-25T09:37:48.350000Z,NOVA.L,SELL,5001,42.1486,A-882,CLIENT-LINKED,XLON
T-0000552,O-0000552,2026-08-25T09:37:49.200000Z,NOVA.L,BUY,5002,42.144,A-104,CLIENT-LINKED,XLON
T-0000553,O-0000553,2026-08-25T09:37:50.050000Z,NOVA.L,SELL,5003,42.1503,A-882,CLIENT-LINKED,XLON
T-0000554,O-0000554,2026-08-25T09:37:50.900000Z,LIQD.P,BUY,5884,42.1521,A-214,CLIENT-14,XLON
T-0000555,O-0000555,2026-08-25T09:37:51.750000Z,NOVA.L,SELL,5501,42.1567,A-215,CLIENT-15,XLON
T-0000556,O-0000556,2026-08-25T09:37:52.600000Z,ALTO.N,BUY,5734,42.1469,A-216,CLIENT-16,XLON
T-0000557,O-0000557,2026-08-25T09:37:53.450000Z,QUAD.N,SELL,6057,42.1469,A-217,CLIENT-17,XLON
T-0000558,O-0000558,2026-08-25T09:37:54.300000Z,MEGA.O,BUY,4580,42.1644,A-218,CLIENT-18,XLON
T-0000559,O-0000559,2026-08-25T09:37:55.150000Z,LIQD.P,SELL,5881,42.1629,A-219,CLIENT-19,XLON
T-0000560,O-0000560,2026-08-25T09:37:56Z,NOVA.L,BUY,5000,41.9927,A-104,CLIENT-LINKED,XLON
T-0000561,O-0000561,2026-08-25T09:37:56.850000Z,NOVA.L,SELL,5001,41.9934,A-882,CLIENT-LINKED,XLON
T-0000562,O-0000562,2026-08-25T09:37:57.700000Z,NOVA.L,BUY,5002,42.0095,A-104,CLIENT-LINKED,XLON
T-0000563,O-0000563,2026-08-25T09:37:58.550000Z,NOVA.L,SELL,5003,42.0131,A-882,CLIENT-LINKED,XLON
T-0000564,O-0000564,2026-08-25T09:37:59.400000Z,LIQD.P,BUY,5192,42.0167,A-224,CLIENT-24,XLON
T-0000565,O-0000565,2026-08-25T09:38:00.250000Z,NOVA.L,SELL,5879,42.0053,A-225,CLIENT-25,XLON
T-0000566,O-0000566,2026-08-25T09:38:01.100000Z,ALTO.N,BUY,3810,42.0077,A-226,CLIENT-26,XLON
T-0000567,O-0000567,2026-08-25T09:38:01.950000Z,QUAD.N,SELL,5022,42.0207,A-227,CLIENT-27,XLON
T-0000568,O-0000568,2026-08-25T09:38:02.800000Z,MEGA.O,BUY,6175,42.026,A-228,CLIENT-28,XLON
T-0000569,O-0000569,2026-08-25T09:38:03.650000Z,LIQD.P,SELL,5805,42.0253,A-229,CLIENT-29,XLON
T-0000570,O-0000570,2026-08-25T09:38:04.500000Z,NOVA.L,BUY,5000,42.0189,A-104,CLIENT-LINKED,XLON
T-0000571,O-0000571,2026-08-25T09:38:05.350000Z,NOVA.L,SELL,5001,42.0217,A-882,CLIENT-LINKED,XLON
T-0000572,O-0000572,2026-08-25T09:38:06.200000Z,NOVA.L,BUY,5002,42.0206,A-104,CLIENT-LINKED,XLON
T-0000573,O-0000573,2026-08-25T09:38:07.050000Z,NOVA.L,SELL,5003,42.0313,A-882,CLIENT-LINKED,XLON
T-0000574,O-0000574,2026-08-25T09:38:07.900000Z,LIQD.P,BUY,5345,42.0271,A-234,CLIENT-34,XLON
T-0000575,O-0000575,2026-08-25T09:38:08.750000Z,NOVA.L,SELL,5118,42.0374,A-235,CLIENT-35,XLON
T-0000576,O-0000576,2026-08-25T09:38:09.600000Z,ALTO.N,BUY,6656,42.0268,A-236,CLIENT-36,XLON
T-0000577,O-0000577,2026-08-25T09:38:10.450000Z,QUAD.N,SELL,5368,42.0287,A-237,CLIENT-37,XLON
T-0000578,O-0000578,2026-08-25T09:38:11.300000Z,MEGA.O,BUY,5482,42.0269,A-238,CLIENT-38,XLON
T-0000579,O-0000579,2026-08-25T09:38:12.150000Z,LIQD.P,SELL,5737,42.0421,A-239,CLIENT-39,XLON
T-0000580,O-0000580,2026-08-25T09:38:13Z,NOVA.L,BUY,5000,42.0462,A-104,CLIENT-LINKED,XLON
T-0000581,O-0000581,2026-08-25T09:38:13.850000Z,NOVA.L,SELL,5001,42.0397,A-882,CLIENT-LINKED,XLON
T-0000582,O-0000582,2026-08-25T09:38:14.700000Z,NOVA.L,BUY,5002,42.0473,A-104,CLIENT-LINKED,XLON
T-0000583,O-0000583,2026-08-25T09:38:15.550000Z,NOVA.L,SELL,5003,42.0524,A-882,CLIENT-LINKED,XLON
T-0000584,O-0000584,2026-08-25T09:38:16.400000Z,LIQD.P,BUY,4423,42.0479,A-244,CLIENT-44,XLON
T-0000585,O-0000585,2026-08-25T09:38:17.250000Z,NOVA.L,SELL,3951,42.0425,A-245,CLIENT-45,XLON
T-0000586,O-0000586,2026-08-25T09:38:18.100000Z,ALTO.N,BUY,6217,42.0486,A-246,CLIENT-46,XLON
T-0000587,O-0000587,2026-08-25T09:38:18.950000Z,QUAD.N,SELL,4211,42.0615,A-247,CLIENT-47,XLON
T-0000588,O-0000588,2026-08-25T09:38:19.800000Z,MEGA.O,BUY,5603,42.048,A-248,CLIENT-48,XLON
T-0000589,O-0000589,2026-08-25T09:38:20.650000Z,LIQD.P,SELL,5671,42.0483,A-249,CLIENT-49,XLON
T-0000590,O-0000590,2026-08-25T09:38:21.500000Z,NOVA.L,BUY,5000,42.0529,A-104,CLIENT-LINKED,XLON
T-0000591,O-0000591,2026-08-25T09:38:22.350000Z,NOVA.L,SELL,5001,42.0694,A-882,CLIENT-LINKED,XLON
T-0000592,O-0000592,2026-08-25T09:38:23.200000Z,NOVA.L,BUY,5002,42.0734,A-104,CLIENT-LINKED,XLON
T-0000593,O-0000593,2026-08-25T09:38:24.050000Z,NOVA.L,SELL,5003,42.0575,A-882,CLIENT-LINKED,XLON
T-0000594,O-0000594,2026-08-25T09:38:24.900000Z,LIQD.P,BUY,4885,42.0648,A-254,CLIENT-54,XLON
T-0000595,O-0000595,2026-08-25T09:38:25.750000Z,NOVA.L,SELL,6637,42.0679,A-255,CLIENT-55,XLON
T-0000596,O-0000596,2026-08-25T09:38:26.600000Z,ALTO.N,BUY,4128,42.079,A-256,CLIENT-56,XLON
T-0000597,O-0000597,2026-08-25T09:38:27.450000Z,QUAD.N,SELL,6562,42.0812,A-257,CLIENT-57,XLON
T-0000598,O-0000598,2026-08-25T09:38:28.300000Z,MEGA.O,BUY,5356,42.0851,A-258,CLIENT-58,XLON
T-0000599,O-0000599,2026-08-25T09:38:29.150000Z,LIQD.P,SELL,6367,42.0824,A-259,CLIENT-59,XLON
T-0000600,O-0000600,2026-08-25T09:38:30Z,NOVA.L,BUY,5000,42.0852,A-104,CLIENT-LINKED,XLON
T-0000601,O-0000601,2026-08-25T09:38:30.850000Z,NOVA.L,SELL,5001,42.0894,A-882,CLIENT-LINKED,XLON
T-0000602,O-0000602,2026-08-25T09:38:31.700000Z,NOVA.L,BUY,5002,42.0747,A-104,CLIENT-LINKED,XLON
T-0000603,O-0000603,2026-08-25T09:38:32.550000Z,NOVA.L,SELL,5003,42.0774,A-882,CLIENT-LINKED,XLON
T-0000604,O-0000604,2026-08-25T09:38:33.400000Z,LIQD.P,BUY,6385,42.0917,A-204,CLIENT-4,XLON
T-0000605,O-0000605,2026-08-25T09:38:34.250000Z,NOVA.L,SELL,4977,42.0999,A-205,CLIENT-5,XLON
T-0000606,O-0000606,2026-08-25T09:38:35.100000Z,ALTO.N,BUY,4170,42.0907,A-206,CLIENT-6,XLON
T-0000607,O-0000607,2026-08-25T09:38:35.950000Z,QUAD.N,SELL,4203,42.0992,A-207,CLIENT-7,XLON
T-0000608,O-0000608,2026-08-25T09:38:36.800000Z,MEGA.O,BUY,6683,42.1035,A-208,CLIENT-8,XLON
T-0000609,O-0000609,2026-08-25T09:38:37.650000Z,LIQD.P,SELL,5617,42.0913,A-209,CLIENT-9,XLON
T-0000610,O-0000610,2026-08-25T09:38:38.500000Z,NOVA.L,BUY,5000,42.096,A-104,CLIENT-LINKED,XLON
T-0000611,O-0000611,2026-08-25T09:38:39.350000Z,NOVA.L,SELL,5001,42.0926,A-882,CLIENT-LINKED,XLON
T-0000612,O-0000612,2026-08-25T09:38:40.200000Z,NOVA.L,BUY,5002,42.1005,A-104,CLIENT-LINKED,XLON
T-0000613,O-0000613,2026-08-25T09:38:41.050000Z,NOVA.L,SELL,5003,42.0971,A-882,CLIENT-LINKED,XLON
T-0000614,O-0000614,2026-08-25T09:38:41.900000Z,LIQD.P,BUY,5268,42.1055,A-214,CLIENT-14,XLON
T-0000615,O-0000615,2026-08-25T09:38:42.750000Z,NOVA.L,SELL,4396,42.1049,A-215,CLIENT-15,XLON
T-0000616,O-0000616,2026-08-25T09:38:43.600000Z,ALTO.N,BUY,5487,42.1133,A-216,CLIENT-16,XLON
T-0000617,O-0000617,2026-08-25T09:38:44.450000Z,QUAD.N,SELL,4537,42.1074,A-217,CLIENT-17,XLON
T-0000618,O-0000618,2026-08-25T09:38:45.300000Z,MEGA.O,BUY,4123,42.1182,A-218,CLIENT-18,XLON
T-0000619,O-0000619,2026-08-25T09:38:46.150000Z,LIQD.P,SELL,5366,42.1204,A-219,CLIENT-19,XLON
T-0000620,O-0000620,2026-08-25T09:38:47Z,NOVA.L,BUY,5000,42.1148,A-104,CLIENT-LINKED,XLON
T-0000621,O-0000621,2026-08-25T09:38:47.850000Z,NOVA.L,SELL,5001,42.1303,A-882,CLIENT-LINKED,XLON
T-0000622,O-0000622,2026-08-25T09:38:48.700000Z,NOVA.L,BUY,5002,42.1169,A-104,CLIENT-LINKED,XLON
T-0000623,O-0000623,2026-08-25T09:38:49.550000Z,NOVA.L,SELL,5003,42.1252,A-882,CLIENT-LINKED,XLON
T-0000624,O-0000624,2026-08-25T09:38:50.400000Z,LIQD.P,BUY,4840,42.1272,A-224,CLIENT-24,XLON
T-0000625,O-0000625,2026-08-25T09:38:51.250000Z,NOVA.L,SELL,6531,42.1202,A-225,CLIENT-25,XLON
T-0000626,O-0000626,2026-08-25T09:38:52.100000Z,ALTO.N,BUY,5705,42.14,A-226,CLIENT-26,XLON
T-0000627,O-0000627,2026-08-25T09:38:52.950000Z,QUAD.N,SELL,6575,42.1349,A-227,CLIENT-27,XLON
T-0000628,O-0000628,2026-08-25T09:38:53.800000Z,MEGA.O,BUY,4102,42.1348,A-228,CLIENT-28,XLON
T-0000629,O-0000629,2026-08-25T09:38:54.650000Z,LIQD.P,SELL,5215,42.1478,A-229,CLIENT-29,XLON
T-0000630,O-0000630,2026-08-25T09:38:55.500000Z,NOVA.L,BUY,5000,42.136,A-104,CLIENT-LINKED,XLON
T-0000631,O-0000631,2026-08-25T09:38:56.350000Z,NOVA.L,SELL,5001,42.1512,A-882,CLIENT-LINKED,XLON
T-0000632,O-0000632,2026-08-25T09:38:57.200000Z,NOVA.L,BUY,5002,42.1478,A-104,CLIENT-LINKED,XLON
T-0000633,O-0000633,2026-08-25T09:38:58.050000Z,NOVA.L,SELL,5003,42.1451,A-882,CLIENT-LINKED,XLON
T-0000634,O-0000634,2026-08-25T09:38:58.900000Z,LIQD.P,BUY,5037,42.142,A-234,CLIENT-34,XLON
T-0000635,O-0000635,2026-08-25T09:38:59.750000Z,NOVA.L,SELL,5375,42.1571,A-235,CLIENT-35,XLON
T-0000636,O-0000636,2026-08-25T09:39:00.600000Z,ALTO.N,BUY,4236,42.1467,A-236,CLIENT-36,XLON
T-0000637,O-0000637,2026-08-25T09:39:01.450000Z,QUAD.N,SELL,6142,42.1512,A-237,CLIENT-37,XLON
T-0000638,O-0000638,2026-08-25T09:39:02.300000Z,MEGA.O,BUY,5011,42.1659,A-238,CLIENT-38,XLON
T-0000639,O-0000639,2026-08-25T09:39:03.150000Z,LIQD.P,SELL,5009,42.1484,A-239,CLIENT-39,XLON
T-0000640,O-0000640,2026-08-25T09:39:04Z,NOVA.L,BUY,5000,42.0066,A-104,CLIENT-LINKED,XLON
T-0000641,O-0000641,2026-08-25T09:39:04.850000Z,NOVA.L,SELL,5001,41.9999,A-882,CLIENT-LINKED,XLON
T-0000642,O-0000642,2026-08-25T09:39:05.700000Z,NOVA.L,BUY,5002,41.9942,A-104,CLIENT-LINKED,XLON
T-0000643,O-0000643,2026-08-25T09:39:06.550000Z,NOVA.L,SELL,5003,42.0133,A-882,CLIENT-LINKED,XLON
T-0000644,O-0000644,2026-08-25T09:39:07.400000Z,LIQD.P,BUY,4000,42.0162,A-244,CLIENT-44,XLON
T-0000645,O-0000645,2026-08-25T09:39:08.250000Z,NOVA.L,SELL,5834,42.0167,A-245,CLIENT-45,XLON
T-0000646,O-0000646,2026-08-25T09:39:09.100000Z,ALTO.N,BUY,4972,42.0175,A-246,CLIENT-46,XLON
T-0000647,O-0000647,2026-08-25T09:39:09.950000Z,QUAD.N,SELL,4742,42.0161,A-247,CLIENT-47,XLON
T-0000648,O-0000648,2026-08-25T09:39:10.800000Z,MEGA.O,BUY,5243,42.0104,A-248,CLIENT-48,XLON
T-0000649,O-0000649,2026-08-25T09:39:11.650000Z,LIQD.P,SELL,4578,42.0204,A-249,CLIENT-49,XLON
T-0000650,O-0000650,2026-08-25T09:39:12.500000Z,NOVA.L,BUY,5000,42.0236,A-104,CLIENT-LINKED,XLON
T-0000651,O-0000651,2026-08-25T09:39:13.350000Z,NOVA.L,SELL,5001,42.0264,A-882,CLIENT-LINKED,XLON
T-0000652,O-0000652,2026-08-25T09:39:14.200000Z,NOVA.L,BUY,5002,42.0272,A-104,CLIENT-LINKED,XLON
T-0000653,O-0000653,2026-08-25T09:39:15.050000Z,NOVA.L,SELL,5003,42.0328,A-882,CLIENT-LINKED,XLON
T-0000654,O-0000654,2026-08-25T09:39:15.900000Z,LIQD.P,BUY,6373,42.0199,A-254,CLIENT-54,XLON
T-0000655,O-0000655,2026-08-25T09:39:16.750000Z,NOVA.L,SELL,6370,42.0329,A-255,CLIENT-55,XLON
T-0000656,O-0000656,2026-08-25T09:39:17.600000Z,ALTO.N,BUY,5065,42.0378,A-256,CLIENT-56,XLON
T-0000657,O-0000657,2026-08-25T09:39:18.450000Z,QUAD.N,SELL,3936,42.0356,A-257,CLIENT-57,XLON
T-0000658,O-0000658,2026-08-25T09:39:19.300000Z,MEGA.O,BUY,6799,42.0286,A-258,CLIENT-58,XLON
T-0000659,O-0000659,2026-08-25T09:39:20.150000Z,LIQD.P,SELL,5008,42.0345,A-259,CLIENT-59,XLON
T-0000660,O-0000660,2026-08-25T09:39:21Z,NOVA.L,BUY,5000,42.0383,A-104,CLIENT-LINKED,XLON
T-0000661,O-0000661,2026-08-25T09:39:21.850000Z,NOVA.L,SELL,5001,42.036,A-882,CLIENT-LINKED,XLON
T-0000662,O-0000662,2026-08-25T09:39:22.700000Z,NOVA.L,BUY,5002,42.0497,A-104,CLIENT-LINKED,XLON
T-0000663,O-0000663,2026-08-25T09:39:23.550000Z,NOVA.L,SELL,5003,42.0535,A-882,CLIENT-LINKED,XLON
T-0000664,O-0000664,2026-08-25T09:39:24.400000Z,LIQD.P,BUY,5298,42.0486,A-204,CLIENT-4,XLON
T-0000665,O-0000665,2026-08-25T09:39:25.250000Z,NOVA.L,SELL,4916,42.0566,A-205,CLIENT-5,XLON
T-0000666,O-0000666,2026-08-25T09:39:26.100000Z,ALTO.N,BUY,4852,42.0603,A-206,CLIENT-6,XLON
T-0000667,O-0000667,2026-08-25T09:39:26.950000Z,QUAD.N,SELL,5773,42.0633,A-207,CLIENT-7,XLON
T-0000668,O-0000668,2026-08-25T09:39:27.800000Z,MEGA.O,BUY,5008,42.0609,A-208,CLIENT-8,XLON
T-0000669,O-0000669,2026-08-25T09:39:28.650000Z,LIQD.P,SELL,5187,42.0641,A-209,CLIENT-9,XLON
T-0000670,O-0000670,2026-08-25T09:39:29.500000Z,NOVA.L,BUY,5000,42.0594,A-104,CLIENT-LINKED,XLON
T-0000671,O-0000671,2026-08-25T09:39:30.350000Z,NOVA.L,SELL,5001,42.0535,A-882,CLIENT-LINKED,XLON
T-0000672,O-0000672,2026-08-25T09:39:31.200000Z,NOVA.L,BUY,5002,42.0691,A-104,CLIENT-LINKED,XLON
T-0000673,O-0000673,2026-08-25T09:39:32.050000Z,NOVA.L,SELL,5003,42.0605,A-882,CLIENT-LINKED,XLON
T-0000674,O-0000674,2026-08-25T09:39:32.900000Z,LIQD.P,BUY,6570,42.0725,A-214,CLIENT-14,XLON
T-0000675,O-0000675,2026-08-25T09:39:33.750000Z,NOVA.L,SELL,5427,42.0793,A-215,CLIENT-15,XLON
T-0000676,O-0000676,2026-08-25T09:39:34.600000Z,ALTO.N,BUY,6082,42.0693,A-216,CLIENT-16,XLON
T-0000677,O-0000677,2026-08-25T09:39:35.450000Z,QUAD.N,SELL,5416,42.0643,A-217,CLIENT-17,XLON
T-0000678,O-0000678,2026-08-25T09:39:36.300000Z,MEGA.O,BUY,5997,42.0685,A-218,CLIENT-18,XLON
T-0000679,O-0000679,2026-08-25T09:39:37.150000Z,LIQD.P,SELL,5309,42.0815,A-219,CLIENT-19,XLON
T-0000680,O-0000680,2026-08-25T09:39:38Z,NOVA.L,BUY,5000,42.0834,A-104,CLIENT-LINKED,XLON
T-0000681,O-0000681,2026-08-25T09:39:38.850000Z,NOVA.L,SELL,5001,42.0837,A-882,CLIENT-LINKED,XLON
T-0000682,O-0000682,2026-08-25T09:39:39.700000Z,NOVA.L,BUY,5002,42.0904,A-104,CLIENT-LINKED,XLON
T-0000683,O-0000683,2026-08-25T09:39:40.550000Z,NOVA.L,SELL,5003,42.0948,A-882,CLIENT-LINKED,XLON
T-0000684,O-0000684,2026-08-25T09:39:41.400000Z,LIQD.P,BUY,4243,42.0915,A-224,CLIENT-24,XLON
T-0000685,O-0000685,2026-08-25T09:39:42.250000Z,NOVA.L,SELL,5731,42.0805,A-225,CLIENT-25,XLON
T-0000686,O-0000686,2026-08-25T09:39:43.100000Z,ALTO.N,BUY,6099,42.0886,A-226,CLIENT-26,XLON
T-0000687,O-0000687,2026-08-25T09:39:43.950000Z,QUAD.N,SELL,6298,42.0884,A-227,CLIENT-27,XLON
T-0000688,O-0000688,2026-08-25T09:39:44.800000Z,MEGA.O,BUY,4058,42.0987,A-228,CLIENT-28,XLON
T-0000689,O-0000689,2026-08-25T09:39:45.650000Z,LIQD.P,SELL,5701,42.1062,A-229,CLIENT-29,XLON
T-0000690,O-0000690,2026-08-25T09:39:46.500000Z,NOVA.L,BUY,5000,42.096,A-104,CLIENT-LINKED,XLON
T-0000691,O-0000691,2026-08-25T09:39:47.350000Z,NOVA.L,SELL,5001,42.1002,A-882,CLIENT-LINKED,XLON
T-0000692,O-0000692,2026-08-25T09:39:48.200000Z,NOVA.L,BUY,5002,42.0968,A-104,CLIENT-LINKED,XLON
T-0000693,O-0000693,2026-08-25T09:39:49.050000Z,NOVA.L,SELL,5003,42.1149,A-882,CLIENT-LINKED,XLON
T-0000694,O-0000694,2026-08-25T09:39:49.900000Z,LIQD.P,BUY,5046,42.1179,A-234,CLIENT-34,XLON
T-0000695,O-0000695,2026-08-25T09:39:50.750000Z,NOVA.L,SELL,4275,42.1019,A-235,CLIENT-35,XLON
T-0000696,O-0000696,2026-08-25T09:39:51.600000Z,ALTO.N,BUY,6001,42.1047,A-236,CLIENT-36,XLON
T-0000697,O-0000697,2026-08-25T09:39:52.450000Z,QUAD.N,SELL,5658,42.1114,A-237,CLIENT-37,XLON
T-0000698,O-0000698,2026-08-25T09:39:53.300000Z,MEGA.O,BUY,6652,42.1249,A-238,CLIENT-38,XLON
T-0000699,O-0000699,2026-08-25T09:39:54.150000Z,LIQD.P,SELL,5516,42.1197,A-239,CLIENT-39,XLON
T-0000700,O-0000700,2026-08-25T09:39:55Z,NOVA.L,BUY,5000,42.1245,A-104,CLIENT-LINKED,XLON
T-0000701,O-0000701,2026-08-25T09:39:55.850000Z,NOVA.L,SELL,5001,42.1297,A-882,CLIENT-LINKED,XLON
T-0000702,O-0000702,2026-08-25T09:39:56.700000Z,NOVA.L,BUY,5002,42.1271,A-104,CLIENT-LINKED,XLON
T-0000703,O-0000703,2026-08-25T09:39:57.550000Z,NOVA.L,SELL,5003,42.1327,A-882,CLIENT-LINKED,XLON
T-0000704,O-0000704,2026-08-25T09:39:58.400000Z,LIQD.P,BUY,6321,42.1262,A-244,CLIENT-44,XLON
T-0000705,O-0000705,2026-08-25T09:39:59.250000Z,NOVA.L,SELL,4945,42.1207,A-245,CLIENT-45,XLON
T-0000706,O-0000706,2026-08-25T09:40:00.100000Z,ALTO.N,BUY,5317,42.1263,A-246,CLIENT-46,XLON
T-0000707,O-0000707,2026-08-25T09:40:00.950000Z,QUAD.N,SELL,5621,42.143,A-247,CLIENT-47,XLON
T-0000708,O-0000708,2026-08-25T09:40:01.800000Z,MEGA.O,BUY,5285,42.128,A-248,CLIENT-48,XLON
T-0000709,O-0000709,2026-08-25T09:40:02.650000Z,LIQD.P,SELL,6608,42.1353,A-249,CLIENT-49,XLON
T-0000710,O-0000710,2026-08-25T09:40:03.500000Z,NOVA.L,BUY,5000,42.148,A-104,CLIENT-LINKED,XLON
T-0000711,O-0000711,2026-08-25T09:40:04.350000Z,NOVA.L,SELL,5001,42.1449,A-882,CLIENT-LINKED,XLON
T-0000712,O-0000712,2026-08-25T09:40:05.200000Z,NOVA.L,BUY,5002,42.1352,A-104,CLIENT-LINKED,XLON
T-0000713,O-0000713,2026-08-25T09:40:06.050000Z,NOVA.L,SELL,5003,42.1415,A-882,CLIENT-LINKED,XLON
T-0000714,O-0000714,2026-08-25T09:40:06.900000Z,LIQD.P,BUY,4300,42.157,A-254,CLIENT-54,XLON
T-0000715,O-0000715,2026-08-25T09:40:07.750000Z,NOVA.L,SELL,5662,42.1418,A-255,CLIENT-55,XLON
T-0000716,O-0000716,2026-08-25T09:40:08.600000Z,ALTO.N,BUY,4668,42.1548,A-256,CLIENT-56,XLON
T-0000717,O-0000717,2026-08-25T09:40:09.450000Z,QUAD.N,SELL,6245,42.1634,A-257,CLIENT-57,XLON
T-0000718,O-0000718,2026-08-25T09:40:10.300000Z,MEGA.O,BUY,4007,42.1617,A-258,CLIENT-58,XLON
T-0000719,O-0000719,2026-08-25T09:40:11.150000Z,LIQD.P,SELL,4797,42.1678,A-259,CLIENT-59,XLON
T-0000720,O-0000720,2026-08-25T09:40:12Z,NOVA.L,BUY,5000,42.0057,A-104,CLIENT-LINKED,XLON
T-0000721,O-0000721,2026-08-25T09:40:12.850000Z,NOVA.L,SELL,5001,41.9961,A-882,CLIENT-LINKED,XLON
T-0000722,O-0000722,2026-08-25T09:40:13.700000Z,NOVA.L,BUY,5002,42.0106,A-104,CLIENT-LINKED,XLON
T-0000723,O-0000723,2026-08-25T09:40:14.550000Z,NOVA.L,SELL,5003,42.0071,A-882,CLIENT-LINKED,XLON
T-0000724,O-0000724,2026-08-25T09:40:15.400000Z,LIQD.P,BUY,6201,42.0023,A-204,CLIENT-4,XLON
T-0000725,O-0000725,2026-08-25T09:40:16.250000Z,NOVA.L,SELL,4754,42.0066,A-205,CLIENT-5,XLON
T-0000726,O-0000726,2026-08-25T09:40:17.100000Z,ALTO.N,BUY,4404,42.0178,A-206,CLIENT-6,XLON
T-0000727,O-0000727,2026-08-25T09:40:17.950000Z,QUAD.N,SELL,6241,42.0041,A-207,CLIENT-7,XLON
T-0000728,O-0000728,2026-08-25T09:40:18.800000Z,MEGA.O,BUY,4392,42.0258,A-208,CLIENT-8,XLON
T-0000729,O-0000729,2026-08-25T09:40:19.650000Z,LIQD.P,SELL,6012,42.013,A-209,CLIENT-9,XLON
T-0000730,O-0000730,2026-08-25T09:40:20.500000Z,NOVA.L,BUY,5000,42.0135,A-104,CLIENT-LINKED,XLON
T-0000731,O-0000731,2026-08-25T09:40:21.350000Z,NOVA.L,SELL,5001,42.0252,A-882,CLIENT-LINKED,XLON
T-0000732,O-0000732,2026-08-25T09:40:22.200000Z,NOVA.L,BUY,5002,42.0145,A-104,CLIENT-LINKED,XLON
T-0000733,O-0000733,2026-08-25T09:40:23.050000Z,NOVA.L,SELL,5003,42.0163,A-882,CLIENT-LINKED,XLON
T-0000734,O-0000734,2026-08-25T09:40:23.900000Z,LIQD.P,BUY,4774,42.0298,A-214,CLIENT-14,XLON
T-0000735,O-0000735,2026-08-25T09:40:24.750000Z,NOVA.L,SELL,3864,42.0235,A-215,CLIENT-15,XLON
T-0000736,O-0000736,2026-08-25T09:40:25.600000Z,ALTO.N,BUY,4014,42.0245,A-216,CLIENT-16,XLON
T-0000737,O-0000737,2026-08-25T09:40:26.450000Z,QUAD.N,SELL,5524,42.0345,A-217,CLIENT-17,XLON
T-0000738,O-0000738,2026-08-25T09:40:27.300000Z,MEGA.O,BUY,4060,42.0355,A-218,CLIENT-18,XLON
T-0000739,O-0000739,2026-08-25T09:40:28.150000Z,LIQD.P,SELL,5282,42.0383,A-219,CLIENT-19,XLON
T-0000740,O-0000740,2026-08-25T09:40:29Z,NOVA.L,BUY,5000,42.0322,A-104,CLIENT-LINKED,XLON
T-0000741,O-0000741,2026-08-25T09:40:29.850000Z,NOVA.L,SELL,5001,42.0421,A-882,CLIENT-LINKED,XLON
T-0000742,O-0000742,2026-08-25T09:40:30.700000Z,NOVA.L,BUY,5002,42.0529,A-104,CLIENT-LINKED,XLON
T-0000743,O-0000743,2026-08-25T09:40:31.550000Z,NOVA.L,SELL,5003,42.0369,A-882,CLIENT-LINKED,XLON
T-0000744,O-0000744,2026-08-25T09:40:32.400000Z,LIQD.P,BUY,6498,42.0484,A-224,CLIENT-24,XLON
T-0000745,O-0000745,2026-08-25T09:40:33.250000Z,NOVA.L,SELL,5676,42.0529,A-225,CLIENT-25,XLON
T-0000746,O-0000746,2026-08-25T09:40:34.100000Z,ALTO.N,BUY,3927,42.0432,A-226,CLIENT-26,XLON
T-0000747,O-0000747,2026-08-25T09:40:34.950000Z,QUAD.N,SELL,5761,42.0609,A-227,CLIENT-27,XLON
T-0000748,O-0000748,2026-08-25T09:40:35.800000Z,MEGA.O,BUY,5546,42.0597,A-228,CLIENT-28,XLON
T-0000749,O-0000749,2026-08-25T09:40:36.650000Z,LIQD.P,SELL,5808,42.0622,A-229,CLIENT-29,XLON
T-0000750,O-0000750,2026-08-25T09:40:37.500000Z,NOVA.L,BUY,5000,42.0589,A-104,CLIENT-LINKED,XLON
T-0000751,O-0000751,2026-08-25T09:40:38.350000Z,NOVA.L,SELL,5001,42.07,A-882,CLIENT-LINKED,XLON
T-0000752,O-0000752,2026-08-25T09:40:39.200000Z,NOVA.L,BUY,5002,42.0604,A-104,CLIENT-LINKED,XLON
T-0000753,O-0000753,2026-08-25T09:40:40.050000Z,NOVA.L,SELL,5003,42.059,A-882,CLIENT-LINKED,XLON
T-0000754,O-0000754,2026-08-25T09:40:40.900000Z,LIQD.P,BUY,4316,42.0635,A-234,CLIENT-34,XLON
T-0000755,O-0000755,2026-08-25T09:40:41.750000Z,NOVA.L,SELL,6393,42.0717,A-235,CLIENT-35,XLON
T-0000756,O-0000756,2026-08-25T09:40:42.600000Z,ALTO.N,BUY,6716,42.0685,A-236,CLIENT-36,XLON
T-0000757,O-0000757,2026-08-25T09:40:43.450000Z,QUAD.N,SELL,6246,42.0746,A-237,CLIENT-37,XLON
T-0000758,O-0000758,2026-08-25T09:40:44.300000Z,MEGA.O,BUY,5658,42.0761,A-238,CLIENT-38,XLON
T-0000759,O-0000759,2026-08-25T09:40:45.150000Z,LIQD.P,SELL,5562,42.07,A-239,CLIENT-39,XLON
T-0000760,O-0000760,2026-08-25T09:40:46Z,NOVA.L,BUY,5000,42.084,A-104,CLIENT-LINKED,XLON
T-0000761,O-0000761,2026-08-25T09:40:46.850000Z,NOVA.L,SELL,5001,42.0891,A-882,CLIENT-LINKED,XLON
T-0000762,O-0000762,2026-08-25T09:40:47.700000Z,NOVA.L,BUY,5002,42.087,A-104,CLIENT-LINKED,XLON
T-0000763,O-0000763,2026-08-25T09:40:48.550000Z,NOVA.L,SELL,5003,42.0914,A-882,CLIENT-LINKED,XLON
T-0000764,O-0000764,2026-08-25T09:40:49.400000Z,LIQD.P,BUY,6752,42.0953,A-244,CLIENT-44,XLON
T-0000765,O-0000765,2026-08-25T09:40:50.250000Z,NOVA.L,SELL,5561,42.089,A-245,CLIENT-45,XLON
T-0000766,O-0000766,2026-08-25T09:40:51.100000Z,ALTO.N,BUY,4735,42.0903,A-246,CLIENT-46,XLON
T-0000767,O-0000767,2026-08-25T09:40:51.950000Z,QUAD.N,SELL,5657,42.092,A-247,CLIENT-47,XLON
T-0000768,O-0000768,2026-08-25T09:40:52.800000Z,MEGA.O,BUY,6788,42.0879,A-248,CLIENT-48,XLON
T-0000769,O-0000769,2026-08-25T09:40:53.650000Z,LIQD.P,SELL,5548,42.0943,A-249,CLIENT-49,XLON
T-0000770,O-0000770,2026-08-25T09:40:54.500000Z,NOVA.L,BUY,5000,42.0951,A-104,CLIENT-LINKED,XLON
T-0000771,O-0000771,2026-08-25T09:40:55.350000Z,NOVA.L,SELL,5001,42.1111,A-882,CLIENT-LINKED,XLON
T-0000772,O-0000772,2026-08-25T09:40:56.200000Z,NOVA.L,BUY,5002,42.1077,A-104,CLIENT-LINKED,XLON
T-0000773,O-0000773,2026-08-25T09:40:57.050000Z,NOVA.L,SELL,5003,42.1055,A-882,CLIENT-LINKED,XLON
T-0000774,O-0000774,2026-08-25T09:40:57.900000Z,LIQD.P,BUY,4173,42.1146,A-254,CLIENT-54,XLON
T-0000775,O-0000775,2026-08-25T09:40:58.750000Z,NOVA.L,SELL,4181,42.1086,A-255,CLIENT-55,XLON
T-0000776,O-0000776,2026-08-25T09:40:59.600000Z,ALTO.N,BUY,5326,42.1182,A-256,CLIENT-56,XLON
T-0000777,O-0000777,2026-08-25T09:41:00.450000Z,QUAD.N,SELL,6078,42.1052,A-257,CLIENT-57,XLON
T-0000778,O-0000778,2026-08-25T09:41:01.300000Z,MEGA.O,BUY,6100,42.1172,A-258,CLIENT-58,XLON
T-0000779,O-0000779,2026-08-25T09:41:02.150000Z,LIQD.P,SELL,6544,42.1104,A-259,CLIENT-59,XLON
T-0000780,O-0000780,2026-08-25T09:41:03Z,NOVA.L,BUY,5000,42.1171,A-104,CLIENT-LINKED,XLON
T-0000781,O-0000781,2026-08-25T09:41:03.850000Z,NOVA.L,SELL,5001,42.1253,A-882,CLIENT-LINKED,XLON
T-0000782,O-0000782,2026-08-25T09:41:04.700000Z,NOVA.L,BUY,5002,42.129,A-104,CLIENT-LINKED,XLON
T-0000783,O-0000783,2026-08-25T09:41:05.550000Z,NOVA.L,SELL,5003,42.1334,A-882,CLIENT-LINKED,XLON
T-0000784,O-0000784,2026-08-25T09:41:06.400000Z,LIQD.P,BUY,6753,42.119,A-204,CLIENT-4,XLON
T-0000785,O-0000785,2026-08-25T09:41:07.250000Z,NOVA.L,SELL,4978,42.132,A-205,CLIENT-5,XLON
T-0000786,O-0000786,2026-08-25T09:41:08.100000Z,ALTO.N,BUY,5240,42.1241,A-206,CLIENT-6,XLON
T-0000787,O-0000787,2026-08-25T09:41:08.950000Z,QUAD.N,SELL,5878,42.1283,A-207,CLIENT-7,XLON
T-0000788,O-0000788,2026-08-25T09:41:09.800000Z,MEGA.O,BUY,6489,42.1356,A-208,CLIENT-8,XLON
T-0000789,O-0000789,2026-08-25T09:41:10.650000Z,LIQD.P,SELL,4243,42.135,A-209,CLIENT-9,XLON
T-0000790,O-0000790,2026-08-25T09:41:11.500000Z,NOVA.L,BUY,5000,42.1411,A-104,CLIENT-LINKED,XLON
T-0000791,O-0000791,2026-08-25T09:41:12.350000Z,NOVA.L,SELL,5001,42.1343,A-882,CLIENT-LINKED,XLON
T-0000792,O-0000792,2026-08-25T09:41:13.200000Z,NOVA.L,BUY,5002,42.1396,A-104,CLIENT-LINKED,XLON
T-0000793,O-0000793,2026-08-25T09:41:14.050000Z,NOVA.L,SELL,5003,42.1405,A-882,CLIENT-LINKED,XLON
T-0000794,O-0000794,2026-08-25T09:41:14.900000Z,LIQD.P,BUY,5557,42.1549,A-214,CLIENT-14,XLON
T-0000795,O-0000795,2026-08-25T09:41:15.750000Z,NOVA.L,SELL,6346,42.1523,A-215,CLIENT-15,XLON
T-0000796,O-0000796,2026-08-25T09:41:16.600000Z,ALTO.N,BUY,6432,42.1531,A-216,CLIENT-16,XLON
T-0000797,O-0000797,2026-08-25T09:41:17.450000Z,QUAD.N,SELL,6294,42.1626,A-217,CLIENT-17,XLON
T-0000798,O-0000798,2026-08-25T09:41:18.300000Z,MEGA.O,BUY,6640,42.1513,A-218,CLIENT-18,XLON
T-0000799,O-0000799,2026-08-25T09:41:19.150000Z,LIQD.P,SELL,4538,42.1535,A-219,CLIENT-19,XLON
T-0000800,O-0000800,2026-08-25T09:41:20Z,NOVA.L,BUY,5000,42.0052,A-104,CLIENT-LINKED,XLON
T-0000801,O-0000801,2026-08-25T09:41:20.850000Z,NOVA.L,SELL,5001,42.0104,A-882,CLIENT-LINKED,XLON
T-0000802,O-0000802,2026-08-25T09:41:21.700000Z,NOVA.L,BUY,5002,42.001,A-104,CLIENT-LINKED,XLON
T-0000803,O-0000803,2026-08-25T09:41:22.550000Z,NOVA.L,SELL,5003,41.9996,A-882,CLIENT-LINKED,XLON
T-0000804,O-0000804,2026-08-25T09:41:23.400000Z,LIQD.P,BUY,4386,42.0093,A-224,CLIENT-24,XLON
T-0000805,O-0000805,2026-08-25T09:41:24.250000Z,NOVA.L,SELL,5441,42.0014,A-225,CLIENT-25,XLON
T-0000806,O-0000806,2026-08-25T09:41:25.100000Z,ALTO.N,BUY,6393,42.0214,A-226,CLIENT-26,XLON
T-0000807,O-0000807,2026-08-25T09:41:25.950000Z,QUAD.N,SELL,4175,42.0189,A-227,CLIENT-27,XLON
T-0000808,O-0000808,2026-08-25T09:41:26.800000Z,MEGA.O,BUY,4681,42.0135,A-228,CLIENT-28,XLON
T-0000809,O-0000809,2026-08-25T09:41:27.650000Z,LIQD.P,SELL,5658,42.0148,A-229,CLIENT-29,XLON
T-0000810,O-0000810,2026-08-25T09:41:28.500000Z,NOVA.L,BUY,5000,42.0174,A-104,CLIENT-LINKED,XLON
T-0000811,O-0000811,2026-08-25T09:41:29.350000Z,NOVA.L,SELL,5001,42.0264,A-882,CLIENT-LINKED,XLON
T-0000812,O-0000812,2026-08-25T09:41:30.200000Z,NOVA.L,BUY,5002,42.0295,A-104,CLIENT-LINKED,XLON
T-0000813,O-0000813,2026-08-25T09:41:31.050000Z,NOVA.L,SELL,5003,42.0274,A-882,CLIENT-LINKED,XLON
T-0000814,O-0000814,2026-08-25T09:41:31.900000Z,LIQD.P,BUY,4147,42.0357,A-234,CLIENT-34,XLON
T-0000815,O-0000815,2026-08-25T09:41:32.750000Z,NOVA.L,SELL,4437,42.0231,A-235,CLIENT-35,XLON
T-0000816,O-0000816,2026-08-25T09:41:33.600000Z,ALTO.N,BUY,6330,42.023,A-236,CLIENT-36,XLON
T-0000817,O-0000817,2026-08-25T09:41:34.450000Z,QUAD.N,SELL,4134,42.0294,A-237,CLIENT-37,XLON
T-0000818,O-0000818,2026-08-25T09:41:35.300000Z,MEGA.O,BUY,6511,42.0345,A-238,CLIENT-38,XLON
T-0000819,O-0000819,2026-08-25T09:41:36.150000Z,LIQD.P,SELL,6286,42.0368,A-239,CLIENT-39,XLON
T-0000820,O-0000820,2026-08-25T09:41:37Z,NOVA.L,BUY,5000,42.0355,A-104,CLIENT-LINKED,XLON
T-0000821,O-0000821,2026-08-25T09:41:37.850000Z,NOVA.L,SELL,5001,42.0471,A-882,CLIENT-LINKED,XLON
T-0000822,O-0000822,2026-08-25T09:41:38.700000Z,NOVA.L,BUY,5002,42.0363,A-104,CLIENT-LINKED,XLON
T-0000823,O-0000823,2026-08-25T09:41:39.550000Z,NOVA.L,SELL,5003,42.0446,A-882,CLIENT-LINKED,XLON
T-0000824,O-0000824,2026-08-25T09:41:40.400000Z,LIQD.P,BUY,4960,42.0516,A-244,CLIENT-44,XLON
T-0000825,O-0000825,2026-08-25T09:41:41.250000Z,NOVA.L,SELL,6229,42.0497,A-245,CLIENT-45,XLON
T-0000826,O-0000826,2026-08-25T09:41:42.100000Z,ALTO.N,BUY,6532,42.0482,A-246,CLIENT-46,XLON
T-0000827,O-0000827,2026-08-25T09:41:42.950000Z,QUAD.N,SELL,4703,42.0519,A-247,CLIENT-47,XLON
T-0000828,O-0000828,2026-08-25T09:41:43.800000Z,MEGA.O,BUY,6254,42.0471,A-248,CLIENT-48,XLON
T-0000829,O-0000829,2026-08-25T09:41:44.650000Z,LIQD.P,SELL,4637,42.054,A-249,CLIENT-49,XLON
T-0000830,O-0000830,2026-08-25T09:41:45.500000Z,NOVA.L,BUY,5000,42.0542,A-104,CLIENT-LINKED,XLON
T-0000831,O-0000831,2026-08-25T09:41:46.350000Z,NOVA.L,SELL,5001,42.0547,A-882,CLIENT-LINKED,XLON
T-0000832,O-0000832,2026-08-25T09:41:47.200000Z,NOVA.L,BUY,5002,42.0591,A-104,CLIENT-LINKED,XLON
T-0000833,O-0000833,2026-08-25T09:41:48.050000Z,NOVA.L,SELL,5003,42.0626,A-882,CLIENT-LINKED,XLON
T-0000834,O-0000834,2026-08-25T09:41:48.900000Z,LIQD.P,BUY,3831,42.0679,A-254,CLIENT-54,XLON
T-0000835,O-0000835,2026-08-25T09:41:49.750000Z,NOVA.L,SELL,5563,42.0635,A-255,CLIENT-55,XLON
T-0000836,O-0000836,2026-08-25T09:41:50.600000Z,ALTO.N,BUY,5357,42.0727,A-256,CLIENT-56,XLON
T-0000837,O-0000837,2026-08-25T09:41:51.450000Z,QUAD.N,SELL,4742,42.074,A-257,CLIENT-57,XLON
T-0000838,O-0000838,2026-08-25T09:41:52.300000Z,MEGA.O,BUY,6536,42.0821,A-258,CLIENT-58,XLON
T-0000839,O-0000839,2026-08-25T09:41:53.150000Z,LIQD.P,SELL,4095,42.0759,A-259,CLIENT-59,XLON
T-0000840,O-0000840,2026-08-25T09:41:54Z,NOVA.L,BUY,5000,42.0848,A-104,CLIENT-LINKED,XLON
T-0000841,O-0000841,2026-08-25T09:41:54.850000Z,NOVA.L,SELL,5001,42.0807,A-882,CLIENT-LINKED,XLON
T-0000842,O-0000842,2026-08-25T09:41:55.700000Z,NOVA.L,BUY,5002,42.0832,A-104,CLIENT-LINKED,XLON
T-0000843,O-0000843,2026-08-25T09:41:56.550000Z,NOVA.L,SELL,5003,42.0776,A-882,CLIENT-LINKED,XLON
T-0000844,O-0000844,2026-08-25T09:41:57.400000Z,LIQD.P,BUY,5082,42.0895,A-204,CLIENT-4,XLON
T-0000845,O-0000845,2026-08-25T09:41:58.250000Z,NOVA.L,SELL,6148,42.0881,A-205,CLIENT-5,XLON
T-0000846,O-0000846,2026-08-25T09:41:59.100000Z,ALTO.N,BUY,6422,42.0904,A-206,CLIENT-6,XLON
T-0000847,O-0000847,2026-08-25T09:41:59.950000Z,QUAD.N,SELL,4271,42.0921,A-207,CLIENT-7,XLON
T-0000848,O-0000848,2026-08-25T09:42:00.800000Z,MEGA.O,BUY,5130,42.0894,A-208,CLIENT-8,XLON
T-0000849,O-0000849,2026-08-25T09:42:01.650000Z,LIQD.P,SELL,6331,42.0972,A-209,CLIENT-9,XLON
T-0000850,O-0000850,2026-08-25T09:42:02.500000Z,NOVA.L,BUY,5000,42.1038,A-104,CLIENT-LINKED,XLON
T-0000851,O-0000851,2026-08-25T09:42:03.350000Z,NOVA.L,SELL,5001,42.0992,A-882,CLIENT-LINKED,XLON
T-0000852,O-0000852,2026-08-25T09:42:04.200000Z,NOVA.L,BUY,5002,42.1027,A-104,CLIENT-LINKED,XLON
T-0000853,O-0000853,2026-08-25T09:42:05.050000Z,NOVA.L,SELL,5003,42.0981,A-882,CLIENT-LINKED,XLON
T-0000854,O-0000854,2026-08-25T09:42:05.900000Z,LIQD.P,BUY,5584,42.1098,A-214,CLIENT-14,XLON
T-0000855,O-0000855,2026-08-25T09:42:06.750000Z,NOVA.L,SELL,5946,42.1016,A-215,CLIENT-15,XLON
T-0000856,O-0000856,2026-08-25T09:42:07.600000Z,ALTO.N,BUY,5070,42.1169,A-216,CLIENT-16,XLON
T-0000857,O-0000857,2026-08-25T09:42:08.450000Z,QUAD.N,SELL,4707,42.1107,A-217,CLIENT-17,XLON
T-0000858,O-0000858,2026-08-25T09:42:09.300000Z,MEGA.O,BUY,4488,42.1075,A-218,CLIENT-18,XLON
T-0000859,O-0000859,2026-08-25T09:42:10.150000Z,LIQD.P,SELL,6393,42.1103,A-219,CLIENT-19,XLON
T-0000860,O-0000860,2026-08-25T09:42:11Z,NOVA.L,BUY,5000,42.1202,A-104,CLIENT-LINKED,XLON
T-0000861,O-0000861,2026-08-25T09:42:11.850000Z,NOVA.L,SELL,5001,42.1301,A-882,CLIENT-LINKED,XLON
T-0000862,O-0000862,2026-08-25T09:42:12.700000Z,NOVA.L,BUY,5002,42.121,A-104,CLIENT-LINKED,XLON
T-0000863,O-0000863,2026-08-25T09:42:13.550000Z,NOVA.L,SELL,5003,42.1305,A-882,CLIENT-LINKED,XLON
T-0000864,O-0000864,2026-08-25T09:42:14.400000Z,LIQD.P,BUY,6443,42.1343,A-224,CLIENT-24,XLON
T-0000865,O-0000865,2026-08-25T09:42:15.250000Z,NOVA.L,SELL,4767,42.1221,A-225,CLIENT-25,XLON
T-0000866,O-0000866,2026-08-25T09:42:16.100000Z,ALTO.N,BUY,4848,42.1259,A-226,CLIENT-26,XLON
T-0000867,O-0000867,2026-08-25T09:42:16.950000Z,QUAD.N,SELL,6267,42.1271,A-227,CLIENT-27,XLON
T-0000868,O-0000868,2026-08-25T09:42:17.800000Z,MEGA.O,BUY,6484,42.1275,A-228,CLIENT-28,XLON
T-0000869,O-0000869,2026-08-25T09:42:18.650000Z,LIQD.P,SELL,6372,42.1379,A-229,CLIENT-29,XLON
T-0000870,O-0000870,2026-08-25T09:42:19.500000Z,NOVA.L,BUY,5000,42.1451,A-104,CLIENT-LINKED,XLON
T-0000871,O-0000871,2026-08-25T09:42:20.350000Z,NOVA.L,SELL,5001,42.1472,A-882,CLIENT-LINKED,XLON
T-0000872,O-0000872,2026-08-25T09:42:21.200000Z,NOVA.L,BUY,5002,42.143,A-104,CLIENT-LINKED,XLON
T-0000873,O-0000873,2026-08-25T09:42:22.050000Z,NOVA.L,SELL,5003,42.1545,A-882,CLIENT-LINKED,XLON
T-0000874,O-0000874,2026-08-25T09:42:22.900000Z,LIQD.P,BUY,6112,42.1509,A-234,CLIENT-34,XLON
T-0000875,O-0000875,2026-08-25T09:42:23.750000Z,NOVA.L,SELL,6358,42.1465,A-235,CLIENT-35,XLON
T-0000876,O-0000876,2026-08-25T09:42:24.600000Z,ALTO.N,BUY,6369,42.1483,A-236,CLIENT-36,XLON
T-0000877,O-0000877,2026-08-25T09:42:25.450000Z,QUAD.N,SELL,5601,42.1454,A-237,CLIENT-37,XLON
T-0000878,O-0000878,2026-08-25T09:42:26.300000Z,MEGA.O,BUY,5611,42.1586,A-238,CLIENT-38,XLON
T-0000879,O-0000879,2026-08-25T09:42:27.150000Z,LIQD.P,SELL,4925,42.1598,A-239,CLIENT-39,XLON
T-0000880,O-0000880,2026-08-25T09:42:28Z,NOVA.L,BUY,5000,41.997,A-104,CLIENT-LINKED,XLON
T-0000881,O-0000881,2026-08-25T09:42:28.850000Z,NOVA.L,SELL,5001,41.9935,A-882,CLIENT-LINKED,XLON
T-0000882,O-0000882,2026-08-25T09:42:29.700000Z,NOVA.L,BUY,5002,42.0032,A-104,CLIENT-LINKED,XLON
T-0000883,O-0000883,2026-08-25T09:42:30.550000Z,NOVA.L,SELL,5003,41.9968,A-882,CLIENT-LINKED,XLON
T-0000884,O-0000884,2026-08-25T09:42:31.400000Z,LIQD.P,BUY,5310,42.0146,A-244,CLIENT-44,XLON
T-0000885,O-0000885,2026-08-25T09:42:32.250000Z,NOVA.L,SELL,4114,42.0129,A-245,CLIENT-45,XLON
T-0000886,O-0000886,2026-08-25T09:42:33.100000Z,ALTO.N,BUY,4169,42.0143,A-246,CLIENT-46,XLON
T-0000887,O-0000887,2026-08-25T09:42:33.950000Z,QUAD.N,SELL,5876,42.0117,A-247,CLIENT-47,XLON
T-0000888,O-0000888,2026-08-25T09:42:34.800000Z,MEGA.O,BUY,6177,42.0171,A-248,CLIENT-48,XLON
T-0000889,O-0000889,2026-08-25T09:42:35.650000Z,LIQD.P,SELL,3968,42.017,A-249,CLIENT-49,XLON
T-0000890,O-0000890,2026-08-25T09:42:36.500000Z,NOVA.L,BUY,5000,42.0262,A-104,CLIENT-LINKED,XLON
T-0000891,O-0000891,2026-08-25T09:42:37.350000Z,NOVA.L,SELL,5001,42.025,A-882,CLIENT-LINKED,XLON
T-0000892,O-0000892,2026-08-25T09:42:38.200000Z,NOVA.L,BUY,5002,42.0204,A-104,CLIENT-LINKED,XLON
T-0000893,O-0000893,2026-08-25T09:42:39.050000Z,NOVA.L,SELL,5003,42.0255,A-882,CLIENT-LINKED,XLON
T-0000894,O-0000894,2026-08-25T09:42:39.900000Z,LIQD.P,BUY,4417,42.0372,A-254,CLIENT-54,XLON
T-0000895,O-0000895,2026-08-25T09:42:40.750000Z,NOVA.L,SELL,5645,42.0221,A-255,CLIENT-55,XLON
T-0000896,O-0000896,2026-08-25T09:42:41.600000Z,ALTO.N,BUY,5206,42.0416,A-256,CLIENT-56,XLON
T-0000897,O-0000897,2026-08-25T09:42:42.450000Z,QUAD.N,SELL,4145,42.0341,A-257,CLIENT-57,XLON
T-0000898,O-0000898,2026-08-25T09:42:43.300000Z,MEGA.O,BUY,4506,42.0268,A-258,CLIENT-58,XLON
T-0000899,O-0000899,2026-08-25T09:42:44.150000Z,LIQD.P,SELL,6698,42.0368,A-259,CLIENT-59,XLON
T-0000900,O-0000900,2026-08-25T09:42:45Z,NOVA.L,BUY,5000,42.0388,A-104,CLIENT-LINKED,XLON
T-0000901,O-0000901,2026-08-25T09:42:45.850000Z,NOVA.L,SELL,5001,42.0425,A-882,CLIENT-LINKED,XLON
T-0000902,O-0000902,2026-08-25T09:42:46.700000Z,NOVA.L,BUY,5002,42.0372,A-104,CLIENT-LINKED,XLON
T-0000903,O-0000903,2026-08-25T09:42:47.550000Z,NOVA.L,SELL,5003,42.0435,A-882,CLIENT-LINKED,XLON
T-0000904,O-0000904,2026-08-25T09:42:48.400000Z,LIQD.P,BUY,4958,42.0457,A-204,CLIENT-4,XLON
T-0000905,O-0000905,2026-08-25T09:42:49.250000Z,NOVA.L,SELL,5185,42.0536,A-205,CLIENT-5,XLON
T-0000906,O-0000906,2026-08-25T09:42:50.100000Z,ALTO.N,BUY,4014,42.0578,A-206,CLIENT-6,XLON
T-0000907,O-0000907,2026-08-25T09:42:50.950000Z,QUAD.N,SELL,6451,42.0507,A-207,CLIENT-7,XLON
T-0000908,O-0000908,2026-08-25T09:42:51.800000Z,MEGA.O,BUY,5150,42.0479,A-208,CLIENT-8,XLON
T-0000909,O-0000909,2026-08-25T09:42:52.650000Z,LIQD.P,SELL,6578,42.0557,A-209,CLIENT-9,XLON
T-0000910,O-0000910,2026-08-25T09:42:53.500000Z,NOVA.L,BUY,5000,42.055,A-104,CLIENT-LINKED,XLON
T-0000911,O-0000911,2026-08-25T09:42:54.350000Z,NOVA.L,SELL,5001,42.069,A-882,CLIENT-LINKED,XLON
T-0000912,O-0000912,2026-08-25T09:42:55.200000Z,NOVA.L,BUY,5002,42.0733,A-104,CLIENT-LINKED,XLON
T-0000913,O-0000913,2026-08-25T09:42:56.050000Z,NOVA.L,SELL,5003,42.0681,A-882,CLIENT-LINKED,XLON
T-0000914,O-0000914,2026-08-25T09:42:56.900000Z,LIQD.P,BUY,4415,42.0647,A-214,CLIENT-14,XLON
T-0000915,O-0000915,2026-08-25T09:42:57.750000Z,NOVA.L,SELL,6186,42.0733,A-215,CLIENT-15,XLON
T-0000916,O-0000916,2026-08-25T09:42:58.600000Z,ALTO.N,BUY,5232,42.0682,A-216,CLIENT-16,XLON
T-0000917,O-0000917,2026-08-25T09:42:59.450000Z,QUAD.N,SELL,6487,42.078,A-217,CLIENT-17,XLON
T-0000918,O-0000918,2026-08-25T09:43:00.300000Z,MEGA.O,BUY,5405,42.0686,A-218,CLIENT-18,XLON
T-0000919,O-0000919,2026-08-25T09:43:01.150000Z,LIQD.P,SELL,6703,42.0868,A-219,CLIENT-19,XLON
T-0000920,O-0000920,2026-08-25T09:43:02Z,NOVA.L,BUY,5000,42.0762,A-104,CLIENT-LINKED,XLON
T-0000921,O-0000921,2026-08-25T09:43:02.850000Z,NOVA.L,SELL,5001,42.0795,A-882,CLIENT-LINKED,XLON
T-0000922,O-0000922,2026-08-25T09:43:03.700000Z,NOVA.L,BUY,5002,42.0898,A-104,CLIENT-LINKED,XLON
T-0000923,O-0000923,2026-08-25T09:43:04.550000Z,NOVA.L,SELL,5003,42.0923,A-882,CLIENT-LINKED,XLON
T-0000924,O-0000924,2026-08-25T09:43:05.400000Z,LIQD.P,BUY,6544,42.0921,A-224,CLIENT-24,XLON
T-0000925,O-0000925,2026-08-25T09:43:06.250000Z,NOVA.L,SELL,6607,42.0982,A-225,CLIENT-25,XLON
T-0000926,O-0000926,2026-08-25T09:43:07.100000Z,ALTO.N,BUY,4182,42.0949,A-226,CLIENT-26,XLON
T-0000927,O-0000927,2026-08-25T09:43:07.950000Z,QUAD.N,SELL,5534,42.0942,A-227,CLIENT-27,XLON
T-0000928,O-0000928,2026-08-25T09:43:08.800000Z,MEGA.O,BUY,3874,42.0933,A-228,CLIENT-28,XLON
T-0000929,O-0000929,2026-08-25T09:43:09.650000Z,LIQD.P,SELL,4538,42.107,A-229,CLIENT-29,XLON
T-0000930,O-0000930,2026-08-25T09:43:10.500000Z,NOVA.L,BUY,5000,42.0968,A-104,CLIENT-LINKED,XLON
T-0000931,O-0000931,2026-08-25T09:43:11.350000Z,NOVA.L,SELL,5001,42.1073,A-882,CLIENT-LINKED,XLON
T-0000932,O-0000932,2026-08-25T09:43:12.200000Z,NOVA.L,BUY,5002,42.0978,A-104,CLIENT-LINKED,XLON
T-0000933,O-0000933,2026-08-25T09:43:13.050000Z,NOVA.L,SELL,5003,42.116,A-882,CLIENT-LINKED,XLON
T-0000934,O-0000934,2026-08-25T09:43:13.900000Z,LIQD.P,BUY,4434,42.0995,A-234,CLIENT-34,XLON
T-0000935,O-0000935,2026-08-25T09:43:14.750000Z,NOVA.L,SELL,4214,42.1102,A-235,CLIENT-35,XLON
T-0000936,O-0000936,2026-08-25T09:43:15.600000Z,ALTO.N,BUY,6010,42.1187,A-236,CLIENT-36,XLON
T-0000937,O-0000937,2026-08-25T09:43:16.450000Z,QUAD.N,SELL,5956,42.1048,A-237,CLIENT-37,XLON
T-0000938,O-0000938,2026-08-25T09:43:17.300000Z,MEGA.O,BUY,5179,42.1235,A-238,CLIENT-38,XLON
T-0000939,O-0000939,2026-08-25T09:43:18.150000Z,LIQD.P,SELL,6331,42.1106,A-239,CLIENT-39,XLON
T-0000940,O-0000940,2026-08-25T09:43:19Z,NOVA.L,BUY,5000,42.1175,A-104,CLIENT-LINKED,XLON
T-0000941,O-0000941,2026-08-25T09:43:19.850000Z,NOVA.L,SELL,5001,42.1152,A-882,CLIENT-LINKED,XLON
T-0000942,O-0000942,2026-08-25T09:43:20.700000Z,NOVA.L,BUY,5002,42.1306,A-104,CLIENT-LINKED,XLON
T-0000943,O-0000943,2026-08-25T09:43:21.550000Z,NOVA.L,SELL,5003,42.1314,A-882,CLIENT-LINKED,XLON
T-0000944,O-0000944,2026-08-25T09:43:22.400000Z,LIQD.P,BUY,4478,42.1324,A-244,CLIENT-44,XLON
T-0000945,O-0000945,2026-08-25T09:43:23.250000Z,NOVA.L,SELL,3978,42.1282,A-245,CLIENT-45,XLON
T-0000946,O-0000946,2026-08-25T09:43:24.100000Z,ALTO.N,BUY,6570,42.1364,A-246,CLIENT-46,XLON
T-0000947,O-0000947,2026-08-25T09:43:24.950000Z,QUAD.N,SELL,5619,42.1362,A-247,CLIENT-47,XLON
T-0000948,O-0000948,2026-08-25T09:43:25.800000Z,MEGA.O,BUY,5638,42.1307,A-248,CLIENT-48,XLON
T-0000949,O-0000949,2026-08-25T09:43:26.650000Z,LIQD.P,SELL,4779,42.1342,A-249,CLIENT-49,XLON
T-0000950,O-0000950,2026-08-25T09:43:27.500000Z,NOVA.L,BUY,5000,42.1462,A-104,CLIENT-LINKED,XLON
T-0000951,O-0000951,2026-08-25T09:43:28.350000Z,NOVA.L,SELL,5001,42.1414,A-882,CLIENT-LINKED,XLON
T-0000952,O-0000952,2026-08-25T09:43:29.200000Z,NOVA.L,BUY,5002,42.1507,A-104,CLIENT-LINKED,XLON
T-0000953,O-0000953,2026-08-25T09:43:30.050000Z,NOVA.L,SELL,5003,42.1434,A-882,CLIENT-LINKED,XLON
T-0000954,O-0000954,2026-08-25T09:43:30.900000Z,LIQD.P,BUY,6136,42.1577,A-254,CLIENT-54,XLON
T-0000955,O-0000955,2026-08-25T09:43:31.750000Z,NOVA.L,SELL,5691,42.1554,A-255,CLIENT-55,XLON
T-0000956,O-0000956,2026-08-25T09:43:32.600000Z,ALTO.N,BUY,5364,42.1521,A-256,CLIENT-56,XLON
T-0000957,O-0000957,2026-08-25T09:43:33.450000Z,QUAD.N,SELL,5514,42.1633,A-257,CLIENT-57,XLON
T-0000958,O-0000958,2026-08-25T09:43:34.300000Z,MEGA.O,BUY,4617,42.162,A-258,CLIENT-58,XLON
T-0000959,O-0000959,2026-08-25T09:43:35.150000Z,LIQD.P,SELL,4366,42.1655,A-259,CLIENT-59,XLON
T-0000960,O-0000960,2026-08-25T09:43:36Z,NOVA.L,BUY,5000,41.991,A-104,CLIENT-LINKED,XLON
T-0000961,O-0000961,2026-08-25T09:43:36.850000Z,NOVA.L,SELL,5001,42.0016,A-882,CLIENT-LINKED,XLON
T-0000962,O-0000962,2026-08-25T09:43:37.700000Z,NOVA.L,BUY,5002,42.0014,A-104,CLIENT-LINKED,XLON
T-0000963,O-0000963,2026-08-25T09:43:38.550000Z,NOVA.L,SELL,5003,42.0147,A-882,CLIENT-LINKED,XLON
T-0000964,O-0000964,2026-08-25T09:43:39.400000Z,LIQD.P,BUY,6713,42.0149,A-204,CLIENT-4,XLON
T-0000965,O-0000965,2026-08-25T09:43:40.250000Z,NOVA.L,SELL,4310,42.0057,A-205,CLIENT-5,XLON
T-0000966,O-0000966,2026-08-25T09:43:41.100000Z,ALTO.N,BUY,4456,42.0075,A-206,CLIENT-6,XLON
T-0000967,O-0000967,2026-08-25T09:43:41.950000Z,QUAD.N,SELL,5902,42.0069,A-207,CLIENT-7,XLON
T-0000968,O-0000968,2026-08-25T09:43:42.800000Z,MEGA.O,BUY,5591,42.0078,A-208,CLIENT-8,XLON
T-0000969,O-0000969,2026-08-25T09:43:43.650000Z,LIQD.P,SELL,4709,42.0243,A-209,CLIENT-9,XLON
T-0000970,O-0000970,2026-08-25T09:43:44.500000Z,NOVA.L,BUY,5000,42.0277,A-104,CLIENT-LINKED,XLON
T-0000971,O-0000971,2026-08-25T09:43:45.350000Z,NOVA.L,SELL,5001,42.0306,A-882,CLIENT-LINKED,XLON
T-0000972,O-0000972,2026-08-25T09:43:46.200000Z,NOVA.L,BUY,5002,42.0223,A-104,CLIENT-LINKED,XLON
T-0000973,O-0000973,2026-08-25T09:43:47.050000Z,NOVA.L,SELL,5003,42.0239,A-882,CLIENT-LINKED,XLON
T-0000974,O-0000974,2026-08-25T09:43:47.900000Z,LIQD.P,BUY,5331,42.0227,A-214,CLIENT-14,XLON
T-0000975,O-0000975,2026-08-25T09:43:48.750000Z,NOVA.L,SELL,4134,42.0275,A-215,CLIENT-15,XLON
T-0000976,O-0000976,2026-08-25T09:43:49.600000Z,ALTO.N,BUY,3915,42.0284,A-216,CLIENT-16,XLON
T-0000977,O-0000977,2026-08-25T09:43:50.450000Z,QUAD.N,SELL,4205,42.0408,A-217,CLIENT-17,XLON
T-0000978,O-0000978,2026-08-25T09:43:51.300000Z,MEGA.O,BUY,6462,42.0327,A-218,CLIENT-18,XLON
T-0000979,O-0000979,2026-08-25T09:43:52.150000Z,LIQD.P,SELL,4398,42.0308,A-219,CLIENT-19,XLON
T-0000980,O-0000980,2026-08-25T09:43:53Z,NOVA.L,BUY,5000,42.0357,A-104,CLIENT-LINKED,XLON
T-0000981,O-0000981,2026-08-25T09:43:53.850000Z,NOVA.L,SELL,5001,42.0486,A-882,CLIENT-LINKED,XLON
T-0000982,O-0000982,2026-08-25T09:43:54.700000Z,NOVA.L,BUY,5002,42.0479,A-104,CLIENT-LINKED,XLON
T-0000983,O-0000983,2026-08-25T09:43:55.550000Z,NOVA.L,SELL,5003,42.0388,A-882,CLIENT-LINKED,XLON
T-0000984,O-0000984,2026-08-25T09:43:56.400000Z,LIQD.P,BUY,6689,42.0474,A-224,CLIENT-24,XLON
T-0000985,O-0000985,2026-08-25T09:43:57.250000Z,NOVA.L,SELL,6320,42.0401,A-225,CLIENT-25,XLON
T-0000986,O-0000986,2026-08-25T09:43:58.100000Z,ALTO.N,BUY,4124,42.0424,A-226,CLIENT-26,XLON
T-0000987,O-0000987,2026-08-25T09:43:58.950000Z,QUAD.N,SELL,4683,42.0607,A-227,CLIENT-27,XLON
T-0000988,O-0000988,2026-08-25T09:43:59.800000Z,MEGA.O,BUY,6047,42.0648,A-228,CLIENT-28,XLON
T-0000989,O-0000989,2026-08-25T09:44:00.650000Z,LIQD.P,SELL,6293,42.0586,A-229,CLIENT-29,XLON
T-0000990,O-0000990,2026-08-25T09:44:01.500000Z,NOVA.L,BUY,5000,42.0522,A-104,CLIENT-LINKED,XLON
T-0000991,O-0000991,2026-08-25T09:44:02.350000Z,NOVA.L,SELL,5001,42.0578,A-882,CLIENT-LINKED,XLON
T-0000992,O-0000992,2026-08-25T09:44:03.200000Z,NOVA.L,BUY,5002,42.06,A-104,CLIENT-LINKED,XLON
T-0000993,O-0000993,2026-08-25T09:44:04.050000Z,NOVA.L,SELL,5003,42.057,A-882,CLIENT-LINKED,XLON
T-0000994,O-0000994,2026-08-25T09:44:04.900000Z,LIQD.P,BUY,5519,42.0708,A-234,CLIENT-34,XLON
T-0000995,O-0000995,2026-08-25T09:44:05.750000Z,NOVA.L,SELL,6351,42.0691,A-235,CLIENT-35,XLON
T-0000996,O-0000996,2026-08-25T09:44:06.600000Z,ALTO.N,BUY,4254,42.0787,A-236,CLIENT-36,XLON
T-0000997,O-0000997,2026-08-25T09:44:07.450000Z,QUAD.N,SELL,5847,42.0759,A-237,CLIENT-37,XLON
T-0000998,O-0000998,2026-08-25T09:44:08.300000Z,MEGA.O,BUY,3867,42.0786,A-238,CLIENT-38,XLON
T-0000999,O-0000999,2026-08-25T09:44:09.150000Z,LIQD.P,SELL,6155,42.0728,A-239,CLIENT-39,XLON
T-0001000,O-0001000,2026-08-25T09:44:10Z,NOVA.L,BUY,5000,42.0729,A-104,CLIENT-LINKED,XLON
T-0001001,O-0001001,2026-08-25T09:44:10.850000Z,NOVA.L,SELL,5001,42.0806,A-882,CLIENT-LINKED,XLON
T-0001002,O-0001002,2026-08-25T09:44:11.700000Z,NOVA.L,BUY,5002,42.0863,A-104,CLIENT-LINKED,XLON
T-0001003,O-0001003,2026-08-25T09:44:12.550000Z,NOVA.L,SELL,5003,42.0808,A-882,CLIENT-LINKED,XLON
T-0001004,O-0001004,2026-08-25T09:44:13.400000Z,LIQD.P,BUY,5506,42.0817,A-244,CLIENT-44,XLON
T-0001005,O-0001005,2026-08-25T09:44:14.250000Z,NOVA.L,SELL,6537,42.0817,A-245,CLIENT-45,XLON
T-0001006,O-0001006,2026-08-25T09:44:15.100000Z,ALTO.N,BUY,5277,42.0834,A-246,CLIENT-46,XLON
T-0001007,O-0001007,2026-08-25T09:44:15.950000Z,QUAD.N,SELL,5954,42.0949,A-247,CLIENT-47,XLON
T-0001008,O-0001008,2026-08-25T09:44:16.800000Z,MEGA.O,BUY,5879,42.0971,A-248,CLIENT-48,XLON
T-0001009,O-0001009,2026-08-25T09:44:17.650000Z,LIQD.P,SELL,5399,42.1055,A-249,CLIENT-49,XLON
T-0001010,O-0001010,2026-08-25T09:44:18.500000Z,NOVA.L,BUY,5000,42.0909,A-104,CLIENT-LINKED,XLON
T-0001011,O-0001011,2026-08-25T09:44:19.350000Z,NOVA.L,SELL,5001,42.0997,A-882,CLIENT-LINKED,XLON
T-0001012,O-0001012,2026-08-25T09:44:20.200000Z,NOVA.L,BUY,5002,42.1015,A-104,CLIENT-LINKED,XLON
T-0001013,O-0001013,2026-08-25T09:44:21.050000Z,NOVA.L,SELL,5003,42.1109,A-882,CLIENT-LINKED,XLON
T-0001014,O-0001014,2026-08-25T09:44:21.900000Z,LIQD.P,BUY,5262,42.1138,A-254,CLIENT-54,XLON
T-0001015,O-0001015,2026-08-25T09:44:22.750000Z,NOVA.L,SELL,5212,42.1048,A-255,CLIENT-55,XLON
T-0001016,O-0001016,2026-08-25T09:44:23.600000Z,ALTO.N,BUY,6491,42.1146,A-256,CLIENT-56,XLON
T-0001017,O-0001017,2026-08-25T09:44:24.450000Z,QUAD.N,SELL,6183,42.1187,A-257,CLIENT-57,XLON
T-0001018,O-0001018,2026-08-25T09:44:25.300000Z,MEGA.O,BUY,5161,42.1087,A-258,CLIENT-58,XLON
T-0001019,O-0001019,2026-08-25T09:44:26.150000Z,LIQD.P,SELL,5243,42.1189,A-259,CLIENT-59,XLON
T-0001020,O-0001020,2026-08-25T09:44:27Z,NOVA.L,BUY,5000,42.1263,A-104,CLIENT-LINKED,XLON
T-0001021,O-0001021,2026-08-25T09:44:27.850000Z,NOVA.L,SELL,5001,42.1155,A-882,CLIENT-LINKED,XLON
T-0001022,O-0001022,2026-08-25T09:44:28.700000Z,NOVA.L,BUY,5002,42.1296,A-104,CLIENT-LINKED,XLON
T-0001023,O-0001023,2026-08-25T09:44:29.550000Z,NOVA.L,SELL,5003,42.1253,A-882,CLIENT-LINKED,XLON
T-0001024,O-0001024,2026-08-25T09:44:30.400000Z,LIQD.P,BUY,6648,42.1276,A-204,CLIENT-4,XLON
T-0001025,O-0001025,2026-08-25T09:44:31.250000Z,NOVA.L,SELL,4546,42.1362,A-205,CLIENT-5,XLON
T-0001026,O-0001026,2026-08-25T09:44:32.100000Z,ALTO.N,BUY,4058,42.1363,A-206,CLIENT-6,XLON
T-0001027,O-0001027,2026-08-25T09:44:32.950000Z,QUAD.N,SELL,5674,42.1247,A-207,CLIENT-7,XLON
T-0001028,O-0001028,2026-08-25T09:44:33.800000Z,MEGA.O,BUY,4625,42.1269,A-208,CLIENT-8,XLON
T-0001029,O-0001029,2026-08-25T09:44:34.650000Z,LIQD.P,SELL,4617,42.1457,A-209,CLIENT-9,XLON
T-0001030,O-0001030,2026-08-25T09:44:35.500000Z,NOVA.L,BUY,5000,42.1363,A-104,CLIENT-LINKED,XLON
T-0001031,O-0001031,2026-08-25T09:44:36.350000Z,NOVA.L,SELL,5001,42.1382,A-882,CLIENT-LINKED,XLON
T-0001032,O-0001032,2026-08-25T09:44:37.200000Z,NOVA.L,BUY,5002,42.142,A-104,CLIENT-LINKED,XLON
T-0001033,O-0001033,2026-08-25T09:44:38.050000Z,NOVA.L,SELL,5003,42.1523,A-882,CLIENT-LINKED,XLON
T-0001034,O-0001034,2026-08-25T09:44:38.900000Z,LIQD.P,BUY,5739,42.1431,A-214,CLIENT-14,XLON
T-0001035,O-0001035,2026-08-25T09:44:39.750000Z,NOVA.L,SELL,6449,42.1438,A-215,CLIENT-15,XLON
T-0001036,O-0001036,2026-08-25T09:44:40.600000Z,ALTO.N,BUY,5262,42.1592,A-216,CLIENT-16,XLON
T-0001037,O-0001037,2026-08-25T09:44:41.450000Z,QUAD.N,SELL,3995,42.1613,A-217,CLIENT-17,XLON
T-0001038,O-0001038,2026-08-25T09:44:42.300000Z,MEGA.O,BUY,5159,42.1515,A-218,CLIENT-18,XLON
T-0001039,O-0001039,2026-08-25T09:44:43.150000Z,LIQD.P,SELL,5307,42.1567,A-219,CLIENT-19,XLON
T-0001040,O-0001040,2026-08-25T09:44:44Z,NOVA.L,BUY,5000,41.998,A-104,CLIENT-LINKED,XLON
T-0001041,O-0001041,2026-08-25T09:44:44.850000Z,NOVA.L,SELL,5001,42.0008,A-882,CLIENT-LINKED,XLON
T-0001042,O-0001042,2026-08-25T09:44:45.700000Z,NOVA.L,BUY,5002,42.0131,A-104,CLIENT-LINKED,XLON
T-0001043,O-0001043,2026-08-25T09:44:46.550000Z,NOVA.L,SELL,5003,42.0028,A-882,CLIENT-LINKED,XLON
T-0001044,O-0001044,2026-08-25T09:44:47.400000Z,LIQD.P,BUY,4565,42.0079,A-224,CLIENT-24,XLON
T-0001045,O-0001045,2026-08-25T09:44:48.250000Z,NOVA.L,SELL,5837,42.0073,A-225,CLIENT-25,XLON
T-0001046,O-0001046,2026-08-25T09:44:49.100000Z,ALTO.N,BUY,5926,42.0073,A-226,CLIENT-26,XLON
T-0001047,O-0001047,2026-08-25T09:44:49.950000Z,QUAD.N,SELL,4138,42.0185,A-227,CLIENT-27,XLON
T-0001048,O-0001048,2026-08-25T09:44:50.800000Z,MEGA.O,BUY,4123,42.0146,A-228,CLIENT-28,XLON
T-0001049,O-0001049,2026-08-25T09:44:51.650000Z,LIQD.P,SELL,4539,42.0189,A-229,CLIENT-29,XLON
T-0001050,O-0001050,2026-08-25T09:44:52.500000Z,NOVA.L,BUY,5000,42.0164,A-104,CLIENT-LINKED,XLON
T-0001051,O-0001051,2026-08-25T09:44:53.350000Z,NOVA.L,SELL,5001,42.0136,A-882,CLIENT-LINKED,XLON
T-0001052,O-0001052,2026-08-25T09:44:54.200000Z,NOVA.L,BUY,5002,42.0272,A-104,CLIENT-LINKED,XLON
T-0001053,O-0001053,2026-08-25T09:44:55.050000Z,NOVA.L,SELL,5003,42.0221,A-882,CLIENT-LINKED,XLON
T-0001054,O-0001054,2026-08-25T09:44:55.900000Z,LIQD.P,BUY,6268,42.0324,A-234,CLIENT-34,XLON
T-0001055,O-0001055,2026-08-25T09:44:56.750000Z,NOVA.L,SELL,4482,42.0338,A-235,CLIENT-35,XLON
T-0001056,O-0001056,2026-08-25T09:44:57.600000Z,ALTO.N,BUY,5239,42.0309,A-236,CLIENT-36,XLON
T-0001057,O-0001057,2026-08-25T09:44:58.450000Z,QUAD.N,SELL,6777,42.0414,A-237,CLIENT-37,XLON
T-0001058,O-0001058,2026-08-25T09:44:59.300000Z,MEGA.O,BUY,5244,42.0383,A-238,CLIENT-38,XLON
T-0001059,O-0001059,2026-08-25T09:45:00.150000Z,LIQD.P,SELL,5581,42.0335,A-239,CLIENT-39,XLON
T-0001060,O-0001060,2026-08-25T09:45:01Z,NOVA.L,BUY,5000,42.0496,A-104,CLIENT-LINKED,XLON
T-0001061,O-0001061,2026-08-25T09:45:01.850000Z,NOVA.L,SELL,5001,42.051,A-882,CLIENT-LINKED,XLON
T-0001062,O-0001062,2026-08-25T09:45:02.700000Z,NOVA.L,BUY,5002,42.0355,A-104,CLIENT-LINKED,XLON
T-0001063,O-0001063,2026-08-25T09:45:03.550000Z,NOVA.L,SELL,5003,42.0488,A-882,CLIENT-LINKED,XLON
T-0001064,O-0001064,2026-08-25T09:45:04.400000Z,LIQD.P,BUY,5288,42.0483,A-244,CLIENT-44,XLON
T-0001065,O-0001065,2026-08-25T09:45:05.250000Z,NOVA.L,SELL,6582,42.0432,A-245,CLIENT-45,XLON
T-0001066,O-0001066,2026-08-25T09:45:06.100000Z,ALTO.N,BUY,3927,42.0449,A-246,CLIENT-46,XLON
T-0001067,O-0001067,2026-08-25T09:45:06.950000Z,QUAD.N,SELL,6288,42.0576,A-247,CLIENT-47,XLON
T-0001068,O-0001068,2026-08-25T09:45:07.800000Z,MEGA.O,BUY,5594,42.0467,A-248,CLIENT-48,XLON
T-0001069,O-0001069,2026-08-25T09:45:08.650000Z,LIQD.P,SELL,4075,42.0527,A-249,CLIENT-49,XLON
T-0001070,O-0001070,2026-08-25T09:45:09.500000Z,NOVA.L,BUY,5000,42.0629,A-104,CLIENT-LINKED,XLON
T-0001071,O-0001071,2026-08-25T09:45:10.350000Z,NOVA.L,SELL,5001,42.0592,A-882,CLIENT-LINKED,XLON
T-0001072,O-0001072,2026-08-25T09:45:11.200000Z,NOVA.L,BUY,5002,42.073,A-104,CLIENT-LINKED,XLON
T-0001073,O-0001073,2026-08-25T09:45:12.050000Z,NOVA.L,SELL,5003,42.0566,A-882,CLIENT-LINKED,XLON
T-0001074,O-0001074,2026-08-25T09:45:12.900000Z,LIQD.P,BUY,4428,42.0716,A-254,CLIENT-54,XLON
T-0001075,O-0001075,2026-08-25T09:45:13.750000Z,NOVA.L,SELL,5319,42.0674,A-255,CLIENT-55,XLON
T-0001076,O-0001076,2026-08-25T09:45:14.600000Z,ALTO.N,BUY,4114,42.0735,A-256,CLIENT-56,XLON
T-0001077,O-0001077,2026-08-25T09:45:15.450000Z,QUAD.N,SELL,5968,42.0713,A-257,CLIENT-57,XLON
T-0001078,O-0001078,2026-08-25T09:45:16.300000Z,MEGA.O,BUY,5087,42.079,A-258,CLIENT-58,XLON
T-0001079,O-0001079,2026-08-25T09:45:17.150000Z,LIQD.P,SELL,4822,42.0872,A-259,CLIENT-59,XLON
T-0001080,O-0001080,2026-08-25T09:45:18Z,NOVA.L,BUY,5000,42.0705,A-104,CLIENT-LINKED,XLON
T-0001081,O-0001081,2026-08-25T09:45:18.850000Z,NOVA.L,SELL,5001,42.0757,A-882,CLIENT-LINKED,XLON
T-0001082,O-0001082,2026-08-25T09:45:19.700000Z,NOVA.L,BUY,5002,42.0844,A-104,CLIENT-LINKED,XLON
T-0001083,O-0001083,2026-08-25T09:45:20.550000Z,NOVA.L,SELL,5003,42.0943,A-882,CLIENT-LINKED,XLON
T-0001084,O-0001084,2026-08-25T09:45:21.400000Z,LIQD.P,BUY,4282,42.0832,A-204,CLIENT-4,XLON
T-0001085,O-0001085,2026-08-25T09:45:22.250000Z,NOVA.L,SELL,4866,42.0941,A-205,CLIENT-5,XLON
T-0001086,O-0001086,2026-08-25T09:45:23.100000Z,ALTO.N,BUY,4678,42.1019,A-206,CLIENT-6,XLON
T-0001087,O-0001087,2026-08-25T09:45:23.950000Z,QUAD.N,SELL,4969,42.0979,A-207,CLIENT-7,XLON
T-0001088,O-0001088,2026-08-25T09:45:24.800000Z,MEGA.O,BUY,5811,42.09,A-208,CLIENT-8,XLON
T-0001089,O-0001089,2026-08-25T09:45:25.650000Z,LIQD.P,SELL,4355,42.1051,A-209,CLIENT-9,XLON
T-0001090,O-0001090,2026-08-25T09:45:26.500000Z,NOVA.L,BUY,5000,42.099,A-104,CLIENT-LINKED,XLON
T-0001091,O-0001091,2026-08-25T09:45:27.350000Z,NOVA.L,SELL,5001,42.11,A-882,CLIENT-LINKED,XLON
T-0001092,O-0001092,2026-08-25T09:45:28.200000Z,NOVA.L,BUY,5002,42.1029,A-104,CLIENT-LINKED,XLON
T-0001093,O-0001093,2026-08-25T09:45:29.050000Z,NOVA.L,SELL,5003,42.0978,A-882,CLIENT-LINKED,XLON
T-0001094,O-0001094,2026-08-25T09:45:29.900000Z,LIQD.P,BUY,6593,42.1174,A-214,CLIENT-14,XLON
T-0001095,O-0001095,2026-08-25T09:45:30.750000Z,NOVA.L,SELL,5109,42.1134,A-215,CLIENT-15,XLON
T-0001096,O-0001096,2026-08-25T09:45:31.600000Z,ALTO.N,BUY,6706,42.1033,A-216,CLIENT-16,XLON
T-0001097,O-0001097,2026-08-25T09:45:32.450000Z,QUAD.N,SELL,6020,42.1098,A-217,CLIENT-17,XLON
T-0001098,O-0001098,2026-08-25T09:45:33.300000Z,MEGA.O,BUY,5028,42.123,A-218,CLIENT-18,XLON
T-0001099,O-0001099,2026-08-25T09:45:34.150000Z,LIQD.P,SELL,6715,42.1222,A-219,CLIENT-19,XLON
T-0001100,O-0001100,2026-08-25T09:45:35Z,NOVA.L,BUY,5000,42.124,A-104,CLIENT-LINKED,XLON
T-0001101,O-0001101,2026-08-25T09:45:35.850000Z,NOVA.L,SELL,5001,42.1155,A-882,CLIENT-LINKED,XLON
T-0001102,O-0001102,2026-08-25T09:45:36.700000Z,NOVA.L,BUY,5002,42.1212,A-104,CLIENT-LINKED,XLON
T-0001103,O-0001103,2026-08-25T09:45:37.550000Z,NOVA.L,SELL,5003,42.1205,A-882,CLIENT-LINKED,XLON
T-0001104,O-0001104,2026-08-25T09:45:38.400000Z,LIQD.P,BUY,4623,42.1338,A-224,CLIENT-24,XLON
T-0001105,O-0001105,2026-08-25T09:45:39.250000Z,NOVA.L,SELL,4769,42.1358,A-225,CLIENT-25,XLON
T-0001106,O-0001106,2026-08-25T09:45:40.100000Z,ALTO.N,BUY,3907,42.1292,A-226,CLIENT-26,XLON
T-0001107,O-0001107,2026-08-25T09:45:40.950000Z,QUAD.N,SELL,6144,42.1314,A-227,CLIENT-27,XLON
T-0001108,O-0001108,2026-08-25T09:45:41.800000Z,MEGA.O,BUY,6059,42.1286,A-228,CLIENT-28,XLON
T-0001109,O-0001109,2026-08-25T09:45:42.650000Z,LIQD.P,SELL,4153,42.1293,A-229,CLIENT-29,XLON
T-0001110,O-0001110,2026-08-25T09:45:43.500000Z,NOVA.L,BUY,5000,42.138,A-104,CLIENT-LINKED,XLON
T-0001111,O-0001111,2026-08-25T09:45:44.350000Z,NOVA.L,SELL,5001,42.1463,A-882,CLIENT-LINKED,XLON
T-0001112,O-0001112,2026-08-25T09:45:45.200000Z,NOVA.L,BUY,5002,42.1436,A-104,CLIENT-LINKED,XLON
T-0001113,O-0001113,2026-08-25T09:45:46.050000Z,NOVA.L,SELL,5003,42.1442,A-882,CLIENT-LINKED,XLON
T-0001114,O-0001114,2026-08-25T09:45:46.900000Z,LIQD.P,BUY,5477,42.1545,A-234,CLIENT-34,XLON
T-0001115,O-0001115,2026-08-25T09:45:47.750000Z,NOVA.L,SELL,4102,42.1425,A-235,CLIENT-35,XLON
T-0001116,O-0001116,2026-08-25T09:45:48.600000Z,ALTO.N,BUY,5098,42.1548,A-236,CLIENT-36,XLON
T-0001117,O-0001117,2026-08-25T09:45:49.450000Z,QUAD.N,SELL,5643,42.1533,A-237,CLIENT-37,XLON
T-0001118,O-0001118,2026-08-25T09:45:50.300000Z,MEGA.O,BUY,5919,42.1529,A-238,CLIENT-38,XLON
T-0001119,O-0001119,2026-08-25T09:45:51.150000Z,LIQD.P,SELL,6058,42.1608,A-239,CLIENT-39,XLON
T-0001120,O-0001120,2026-08-25T09:45:52Z,NOVA.L,BUY,5000,41.9936,A-104,CLIENT-LINKED,XLON
T-0001121,O-0001121,2026-08-25T09:45:52.850000Z,NOVA.L,SELL,5001,42.0113,A-882,CLIENT-LINKED,XLON
T-0001122,O-0001122,2026-08-25T09:45:53.700000Z,NOVA.L,BUY,5002,42.0027,A-104,CLIENT-LINKED,XLON
T-0001123,O-0001123,2026-08-25T09:45:54.550000Z,NOVA.L,SELL,5003,42.0142,A-882,CLIENT-LINKED,XLON
T-0001124,O-0001124,2026-08-25T09:45:55.400000Z,LIQD.P,BUY,4026,42.0146,A-244,CLIENT-44,XLON
T-0001125,O-0001125,2026-08-25T09:45:56.250000Z,NOVA.L,SELL,5922,42.0031,A-245,CLIENT-45,XLON
T-0001126,O-0001126,2026-08-25T09:45:57.100000Z,ALTO.N,BUY,4474,42.0052,A-246,CLIENT-46,XLON
T-0001127,O-0001127,2026-08-25T09:45:57.950000Z,QUAD.N,SELL,6705,42.0085,A-247,CLIENT-47,XLON
T-0001128,O-0001128,2026-08-25T09:45:58.800000Z,MEGA.O,BUY,5925,42.0239,A-248,CLIENT-48,XLON
T-0001129,O-0001129,2026-08-25T09:45:59.650000Z,LIQD.P,SELL,4123,42.013,A-249,CLIENT-49,XLON
T-0001130,O-0001130,2026-08-25T09:46:00.500000Z,NOVA.L,BUY,5000,42.0227,A-104,CLIENT-LINKED,XLON
T-0001131,O-0001131,2026-08-25T09:46:01.350000Z,NOVA.L,SELL,5001,42.023,A-882,CLIENT-LINKED,XLON
T-0001132,O-0001132,2026-08-25T09:46:02.200000Z,NOVA.L,BUY,5002,42.0165,A-104,CLIENT-LINKED,XLON
T-0001133,O-0001133,2026-08-25T09:46:03.050000Z,NOVA.L,SELL,5003,42.0221,A-882,CLIENT-LINKED,XLON
T-0001134,O-0001134,2026-08-25T09:46:03.900000Z,LIQD.P,BUY,5985,42.0199,A-254,CLIENT-54,XLON
T-0001135,O-0001135,2026-08-25T09:46:04.750000Z,NOVA.L,SELL,6425,42.0234,A-255,CLIENT-55,XLON
T-0001136,O-0001136,2026-08-25T09:46:05.600000Z,ALTO.N,BUY,6178,42.0251,A-256,CLIENT-56,XLON
T-0001137,O-0001137,2026-08-25T09:46:06.450000Z,QUAD.N,SELL,6498,42.0365,A-257,CLIENT-57,XLON
T-0001138,O-0001138,2026-08-25T09:46:07.300000Z,MEGA.O,BUY,6278,42.0328,A-258,CLIENT-58,XLON
T-0001139,O-0001139,2026-08-25T09:46:08.150000Z,LIQD.P,SELL,6108,42.0288,A-259,CLIENT-59,XLON
T-0001140,O-0001140,2026-08-25T09:46:09Z,NOVA.L,BUY,5000,42.0473,A-104,CLIENT-LINKED,XLON
T-0001141,O-0001141,2026-08-25T09:46:09.850000Z,NOVA.L,SELL,5001,42.0336,A-882,CLIENT-LINKED,XLON
T-0001142,O-0001142,2026-08-25T09:46:10.700000Z,NOVA.L,BUY,5002,42.053,A-104,CLIENT-LINKED,XLON
T-0001143,O-0001143,2026-08-25T09:46:11.550000Z,NOVA.L,SELL,5003,42.0514,A-882,CLIENT-LINKED,XLON
T-0001144,O-0001144,2026-08-25T09:46:12.400000Z,LIQD.P,BUY,4884,42.051,A-204,CLIENT-4,XLON
T-0001145,O-0001145,2026-08-25T09:46:13.250000Z,NOVA.L,SELL,6143,42.0483,A-205,CLIENT-5,XLON
T-0001146,O-0001146,2026-08-25T09:46:14.100000Z,ALTO.N,BUY,6417,42.0426,A-206,CLIENT-6,XLON
T-0001147,O-0001147,2026-08-25T09:46:14.950000Z,QUAD.N,SELL,6368,42.0549,A-207,CLIENT-7,XLON
T-0001148,O-0001148,2026-08-25T09:46:15.800000Z,MEGA.O,BUY,6429,42.0651,A-208,CLIENT-8,XLON
T-0001149,O-0001149,2026-08-25T09:46:16.650000Z,LIQD.P,SELL,5778,42.0529,A-209,CLIENT-9,XLON
T-0001150,O-0001150,2026-08-25T09:46:17.500000Z,NOVA.L,BUY,5000,42.0661,A-104,CLIENT-LINKED,XLON
T-0001151,O-0001151,2026-08-25T09:46:18.350000Z,NOVA.L,SELL,5001,42.0601,A-882,CLIENT-LINKED,XLON
T-0001152,O-0001152,2026-08-25T09:46:19.200000Z,NOVA.L,BUY,5002,42.0631,A-104,CLIENT-LINKED,XLON
T-0001153,O-0001153,2026-08-25T09:46:20.050000Z,NOVA.L,SELL,5003,42.0698,A-882,CLIENT-LINKED,XLON
T-0001154,O-0001154,2026-08-25T09:46:20.900000Z,LIQD.P,BUY,4447,42.0668,A-214,CLIENT-14,XLON
T-0001155,O-0001155,2026-08-25T09:46:21.750000Z,NOVA.L,SELL,5783,42.0693,A-215,CLIENT-15,XLON
T-0001156,O-0001156,2026-08-25T09:46:22.600000Z,ALTO.N,BUY,5193,42.0741,A-216,CLIENT-16,XLON
T-0001157,O-0001157,2026-08-25T09:46:23.450000Z,QUAD.N,SELL,5080,42.0812,A-217,CLIENT-17,XLON
T-0001158,O-0001158,2026-08-25T09:46:24.300000Z,MEGA.O,BUY,5107,42.0807,A-218,CLIENT-18,XLON
T-0001159,O-0001159,2026-08-25T09:46:25.150000Z,LIQD.P,SELL,5214,42.0875,A-219,CLIENT-19,XLON
T-0001160,O-0001160,2026-08-25T09:46:26Z,NOVA.L,BUY,5000,42.0726,A-104,CLIENT-LINKED,XLON
T-0001161,O-0001161,2026-08-25T09:46:26.850000Z,NOVA.L,SELL,5001,42.0794,A-882,CLIENT-LINKED,XLON
T-0001162,O-0001162,2026-08-25T09:46:27.700000Z,NOVA.L,BUY,5002,42.0852,A-104,CLIENT-LINKED,XLON
T-0001163,O-0001163,2026-08-25T09:46:28.550000Z,NOVA.L,SELL,5003,42.0824,A-882,CLIENT-LINKED,XLON
T-0001164,O-0001164,2026-08-25T09:46:29.400000Z,LIQD.P,BUY,5710,42.0805,A-224,CLIENT-24,XLON
T-0001165,O-0001165,2026-08-25T09:46:30.250000Z,NOVA.L,SELL,5641,42.085,A-225,CLIENT-25,XLON
T-0001166,O-0001166,2026-08-25T09:46:31.100000Z,ALTO.N,BUY,4196,42.083,A-226,CLIENT-26,XLON
T-0001167,O-0001167,2026-08-25T09:46:31.950000Z,QUAD.N,SELL,5373,42.1013,A-227,CLIENT-27,XLON
T-0001168,O-0001168,2026-08-25T09:46:32.800000Z,MEGA.O,BUY,5512,42.091,A-228,CLIENT-28,XLON
T-0001169,O-0001169,2026-08-25T09:46:33.650000Z,LIQD.P,SELL,4454,42.1043,A-229,CLIENT-29,XLON
T-0001170,O-0001170,2026-08-25T09:46:34.500000Z,NOVA.L,BUY,5000,42.1087,A-104,CLIENT-LINKED,XLON
T-0001171,O-0001171,2026-08-25T09:46:35.350000Z,NOVA.L,SELL,5001,42.1064,A-882,CLIENT-LINKED,XLON
T-0001172,O-0001172,2026-08-25T09:46:36.200000Z,NOVA.L,BUY,5002,42.0978,A-104,CLIENT-LINKED,XLON
T-0001173,O-0001173,2026-08-25T09:46:37.050000Z,NOVA.L,SELL,5003,42.0992,A-882,CLIENT-LINKED,XLON
T-0001174,O-0001174,2026-08-25T09:46:37.900000Z,LIQD.P,BUY,5908,42.1073,A-234,CLIENT-34,XLON
T-0001175,O-0001175,2026-08-25T09:46:38.750000Z,NOVA.L,SELL,5063,42.1099,A-235,CLIENT-35,XLON
T-0001176,O-0001176,2026-08-25T09:46:39.600000Z,ALTO.N,BUY,4168,42.1209,A-236,CLIENT-36,XLON
T-0001177,O-0001177,2026-08-25T09:46:40.450000Z,QUAD.N,SELL,5870,42.1131,A-237,CLIENT-37,XLON
T-0001178,O-0001178,2026-08-25T09:46:41.300000Z,MEGA.O,BUY,4786,42.1103,A-238,CLIENT-38,XLON
T-0001179,O-0001179,2026-08-25T09:46:42.150000Z,LIQD.P,SELL,5245,42.109,A-239,CLIENT-39,XLON
T-0001180,O-0001180,2026-08-25T09:46:43Z,NOVA.L,BUY,5000,42.1156,A-104,CLIENT-LINKED,XLON
T-0001181,O-0001181,2026-08-25T09:46:43.850000Z,NOVA.L,SELL,5001,42.124,A-882,CLIENT-LINKED,XLON
T-0001182,O-0001182,2026-08-25T09:46:44.700000Z,NOVA.L,BUY,5002,42.1309,A-104,CLIENT-LINKED,XLON
T-0001183,O-0001183,2026-08-25T09:46:45.550000Z,NOVA.L,SELL,5003,42.1295,A-882,CLIENT-LINKED,XLON
T-0001184,O-0001184,2026-08-25T09:46:46.400000Z,LIQD.P,BUY,4970,42.1287,A-244,CLIENT-44,XLON
T-0001185,O-0001185,2026-08-25T09:46:47.250000Z,NOVA.L,SELL,4240,42.1286,A-245,CLIENT-45,XLON
T-0001186,O-0001186,2026-08-25T09:46:48.100000Z,ALTO.N,BUY,4883,42.1366,A-246,CLIENT-46,XLON
T-0001187,O-0001187,2026-08-25T09:46:48.950000Z,QUAD.N,SELL,5451,42.1313,A-247,CLIENT-47,XLON
T-0001188,O-0001188,2026-08-25T09:46:49.800000Z,MEGA.O,BUY,5440,42.127,A-248,CLIENT-48,XLON
T-0001189,O-0001189,2026-08-25T09:46:50.650000Z,LIQD.P,SELL,6101,42.1319,A-249,CLIENT-49,XLON
T-0001190,O-0001190,2026-08-25T09:46:51.500000Z,NOVA.L,BUY,5000,42.1411,A-104,CLIENT-LINKED,XLON
T-0001191,O-0001191,2026-08-25T09:46:52.350000Z,NOVA.L,SELL,5001,42.1335,A-882,CLIENT-LINKED,XLON
T-0001192,O-0001192,2026-08-25T09:46:53.200000Z,NOVA.L,BUY,5002,42.1441,A-104,CLIENT-LINKED,XLON
T-0001193,O-0001193,2026-08-25T09:46:54.050000Z,NOVA.L,SELL,5003,42.1513,A-882,CLIENT-LINKED,XLON
T-0001194,O-0001194,2026-08-25T09:46:54.900000Z,LIQD.P,BUY,4945,42.1545,A-254,CLIENT-54,XLON
T-0001195,O-0001195,2026-08-25T09:46:55.750000Z,NOVA.L,SELL,6352,42.1536,A-255,CLIENT-55,XLON
T-0001196,O-0001196,2026-08-25T09:46:56.600000Z,ALTO.N,BUY,4286,42.1446,A-256,CLIENT-56,XLON
T-0001197,O-0001197,2026-08-25T09:46:57.450000Z,QUAD.N,SELL,4196,42.1519,A-257,CLIENT-57,XLON
T-0001198,O-0001198,2026-08-25T09:46:58.300000Z,MEGA.O,BUY,5188,42.1572,A-258,CLIENT-58,XLON
T-0001199,O-0001199,2026-08-25T09:46:59.150000Z,LIQD.P,SELL,5297,42.1631,A-259,CLIENT-59,XLON
T-0001200,O-0001200,2026-08-25T09:47:00Z,NOVA.L,BUY,5000,41.994,A-104,CLIENT-LINKED,XLON
T-0001201,O-0001201,2026-08-25T09:47:00.850000Z,NOVA.L,SELL,5001,42.0022,A-882,CLIENT-LINKED,XLON
T-0001202,O-0001202,2026-08-25T09:47:01.700000Z,NOVA.L,BUY,5002,42.004,A-104,CLIENT-LINKED,XLON
T-0001203,O-0001203,2026-08-25T09:47:02.550000Z,NOVA.L,SELL,5003,41.9969,A-882,CLIENT-LINKED,XLON
T-0001204,O-0001204,2026-08-25T09:47:03.400000Z,LIQD.P,BUY,4361,42.0123,A-204,CLIENT-4,XLON
T-0001205,O-0001205,2026-08-25T09:47:04.250000Z,NOVA.L,SELL,5740,42.0104,A-205,CLIENT-5,XLON
T-0001206,O-0001206,2026-08-25T09:47:05.100000Z,ALTO.N,BUY,4410,42.0141,A-206,CLIENT-6,XLON
T-0001207,O-0001207,2026-08-25T09:47:05.950000Z,QUAD.N,SELL,5911,42.0068,A-207,CLIENT-7,XLON
T-0001208,O-0001208,2026-08-25T09:47:06.800000Z,MEGA.O,BUY,6311,42.0124,A-208,CLIENT-8,XLON
T-0001209,O-0001209,2026-08-25T09:47:07.650000Z,LIQD.P,SELL,5409,42.0278,A-209,CLIENT-9,XLON
T-0001210,O-0001210,2026-08-25T09:47:08.500000Z,NOVA.L,BUY,5000,42.0248,A-104,CLIENT-LINKED,XLON
T-0001211,O-0001211,2026-08-25T09:47:09.350000Z,NOVA.L,SELL,5001,42.018,A-882,CLIENT-LINKED,XLON
T-0001212,O-0001212,2026-08-25T09:47:10.200000Z,NOVA.L,BUY,5002,42.0207,A-104,CLIENT-LINKED,XLON
T-0001213,O-0001213,2026-08-25T09:47:11.050000Z,NOVA.L,SELL,5003,42.0326,A-882,CLIENT-LINKED,XLON
T-0001214,O-0001214,2026-08-25T09:47:11.900000Z,LIQD.P,BUY,5980,42.0278,A-214,CLIENT-14,XLON
T-0001215,O-0001215,2026-08-25T09:47:12.750000Z,NOVA.L,SELL,6105,42.026,A-215,CLIENT-15,XLON
T-0001216,O-0001216,2026-08-25T09:47:13.600000Z,ALTO.N,BUY,3868,42.0294,A-216,CLIENT-16,XLON
T-0001217,O-0001217,2026-08-25T09:47:14.450000Z,QUAD.N,SELL,6559,42.0262,A-217,CLIENT-17,XLON
T-0001218,O-0001218,2026-08-25T09:47:15.300000Z,MEGA.O,BUY,5506,42.0377,A-218,CLIENT-18,XLON
T-0001219,O-0001219,2026-08-25T09:47:16.150000Z,LIQD.P,SELL,6770,42.0454,A-219,CLIENT-19,XLON
T-0001220,O-0001220,2026-08-25T09:47:17Z,NOVA.L,BUY,5000,42.0426,A-104,CLIENT-LINKED,XLON
T-0001221,O-0001221,2026-08-25T09:47:17.850000Z,NOVA.L,SELL,5001,42.0439,A-882,CLIENT-LINKED,XLON
T-0001222,O-0001222,2026-08-25T09:47:18.700000Z,NOVA.L,BUY,5002,42.0393,A-104,CLIENT-LINKED,XLON
T-0001223,O-0001223,2026-08-25T09:47:19.550000Z,NOVA.L,SELL,5003,42.0491,A-882,CLIENT-LINKED,XLON
T-0001224,O-0001224,2026-08-25T09:47:20.400000Z,LIQD.P,BUY,6169,42.0496,A-224,CLIENT-24,XLON
T-0001225,O-0001225,2026-08-25T09:47:21.250000Z,NOVA.L,SELL,6754,42.041,A-225,CLIENT-25,XLON
T-0001226,O-0001226,2026-08-25T09:47:22.100000Z,ALTO.N,BUY,5767,42.0454,A-226,CLIENT-26,XLON
T-0001227,O-0001227,2026-08-25T09:47:22.950000Z,QUAD.N,SELL,6376,42.0584,A-227,CLIENT-27,XLON
T-0001228,O-0001228,2026-08-25T09:47:23.800000Z,MEGA.O,BUY,5357,42.049,A-228,CLIENT-28,XLON
T-0001229,O-0001229,2026-08-25T09:47:24.650000Z,LIQD.P,SELL,6588,42.0528,A-229,CLIENT-29,XLON
T-0001230,O-0001230,2026-08-25T09:47:25.500000Z,NOVA.L,BUY,5000,42.0615,A-104,CLIENT-LINKED,XLON
T-0001231,O-0001231,2026-08-25T09:47:26.350000Z,NOVA.L,SELL,5001,42.066,A-882,CLIENT-LINKED,XLON
T-0001232,O-0001232,2026-08-25T09:47:27.200000Z,NOVA.L,BUY,5002,42.0578,A-104,CLIENT-LINKED,XLON
T-0001233,O-0001233,2026-08-25T09:47:28.050000Z,NOVA.L,SELL,5003,42.0648,A-882,CLIENT-LINKED,XLON
T-0001234,O-0001234,2026-08-25T09:47:28.900000Z,LIQD.P,BUY,5515,42.061,A-234,CLIENT-34,XLON
T-0001235,O-0001235,2026-08-25T09:47:29.750000Z,NOVA.L,SELL,6628,42.0641,A-235,CLIENT-35,XLON
T-0001236,O-0001236,2026-08-25T09:47:30.600000Z,ALTO.N,BUY,5855,42.0775,A-236,CLIENT-36,XLON
T-0001237,O-0001237,2026-08-25T09:47:31.450000Z,QUAD.N,SELL,5731,42.0815,A-237,CLIENT-37,XLON
T-0001238,O-0001238,2026-08-25T09:47:32.300000Z,MEGA.O,BUY,6779,42.0672,A-238,CLIENT-38,XLON
T-0001239,O-0001239,2026-08-25T09:47:33.150000Z,LIQD.P,SELL,4365,42.0784,A-239,CLIENT-39,XLON
T-0001240,O-0001240,2026-08-25T09:47:34Z,NOVA.L,BUY,5000,42.0812,A-104,CLIENT-LINKED,XLON
T-0001241,O-0001241,2026-08-25T09:47:34.850000Z,NOVA.L,SELL,5001,42.092,A-882,CLIENT-LINKED,XLON
T-0001242,O-0001242,2026-08-25T09:47:35.700000Z,NOVA.L,BUY,5002,42.0836,A-104,CLIENT-LINKED,XLON
T-0001243,O-0001243,2026-08-25T09:47:36.550000Z,NOVA.L,SELL,5003,42.0835,A-882,CLIENT-LINKED,XLON
T-0001244,O-0001244,2026-08-25T09:47:37.400000Z,LIQD.P,BUY,4509,42.0872,A-244,CLIENT-44,XLON
T-0001245,O-0001245,2026-08-25T09:47:38.250000Z,NOVA.L,SELL,5983,42.0868,A-245,CLIENT-45,XLON
T-0001246,O-0001246,2026-08-25T09:47:39.100000Z,ALTO.N,BUY,5251,42.0955,A-246,CLIENT-46,XLON
T-0001247,O-0001247,2026-08-25T09:47:39.950000Z,QUAD.N,SELL,6752,42.0976,A-247,CLIENT-47,XLON
T-0001248,O-0001248,2026-08-25T09:47:40.800000Z,MEGA.O,BUY,6639,42.0913,A-248,CLIENT-48,XLON
T-0001249,O-0001249,2026-08-25T09:47:41.650000Z,LIQD.P,SELL,5783,42.0918,A-249,CLIENT-49,XLON
T-0001250,O-0001250,2026-08-25T09:47:42.500000Z,NOVA.L,BUY,5000,42.0949,A-104,CLIENT-LINKED,XLON
T-0001251,O-0001251,2026-08-25T09:47:43.350000Z,NOVA.L,SELL,5001,42.1032,A-882,CLIENT-LINKED,XLON
T-0001252,O-0001252,2026-08-25T09:47:44.200000Z,NOVA.L,BUY,5002,42.0985,A-104,CLIENT-LINKED,XLON
T-0001253,O-0001253,2026-08-25T09:47:45.050000Z,NOVA.L,SELL,5003,42.1155,A-882,CLIENT-LINKED,XLON
T-0001254,O-0001254,2026-08-25T09:47:45.900000Z,LIQD.P,BUY,5019,42.1134,A-254,CLIENT-54,XLON
T-0001255,O-0001255,2026-08-25T09:47:46.750000Z,NOVA.L,SELL,6687,42.1041,A-255,CLIENT-55,XLON
T-0001256,O-0001256,2026-08-25T09:47:47.600000Z,ALTO.N,BUY,6687,42.1118,A-256,CLIENT-56,XLON
T-0001257,O-0001257,2026-08-25T09:47:48.450000Z,QUAD.N,SELL,5765,42.111,A-257,CLIENT-57,XLON
T-0001258,O-0001258,2026-08-25T09:47:49.300000Z,MEGA.O,BUY,6755,42.1115,A-258,CLIENT-58,XLON
T-0001259,O-0001259,2026-08-25T09:47:50.150000Z,LIQD.P,SELL,4299,42.1195,A-259,CLIENT-59,XLON
T-0001260,O-0001260,2026-08-25T09:47:51Z,NOVA.L,BUY,5000,42.1209,A-104,CLIENT-LINKED,XLON
T-0001261,O-0001261,2026-08-25T09:47:51.850000Z,NOVA.L,SELL,5001,42.1299,A-882,CLIENT-LINKED,XLON
T-0001262,O-0001262,2026-08-25T09:47:52.700000Z,NOVA.L,BUY,5002,42.1219,A-104,CLIENT-LINKED,XLON
T-0001263,O-0001263,2026-08-25T09:47:53.550000Z,NOVA.L,SELL,5003,42.1229,A-882,CLIENT-LINKED,XLON
T-0001264,O-0001264,2026-08-25T09:47:54.400000Z,LIQD.P,BUY,4399,42.1238,A-204,CLIENT-4,XLON
T-0001265,O-0001265,2026-08-25T09:47:55.250000Z,NOVA.L,SELL,4978,42.1391,A-205,CLIENT-5,XLON
T-0001266,O-0001266,2026-08-25T09:47:56.100000Z,ALTO.N,BUY,4123,42.1289,A-206,CLIENT-6,XLON
T-0001267,O-0001267,2026-08-25T09:47:56.950000Z,QUAD.N,SELL,5611,42.1371,A-207,CLIENT-7,XLON
T-0001268,O-0001268,2026-08-25T09:47:57.800000Z,MEGA.O,BUY,5762,42.1303,A-208,CLIENT-8,XLON
T-0001269,O-0001269,2026-08-25T09:47:58.650000Z,LIQD.P,SELL,6006,42.1334,A-209,CLIENT-9,XLON
T-0001270,O-0001270,2026-08-25T09:47:59.500000Z,NOVA.L,BUY,5000,42.1412,A-104,CLIENT-LINKED,XLON
T-0001271,O-0001271,2026-08-25T09:48:00.350000Z,NOVA.L,SELL,5001,42.1374,A-882,CLIENT-LINKED,XLON
T-0001272,O-0001272,2026-08-25T09:48:01.200000Z,NOVA.L,BUY,5002,42.1362,A-104,CLIENT-LINKED,XLON
T-0001273,O-0001273,2026-08-25T09:48:02.050000Z,NOVA.L,SELL,5003,42.1508,A-882,CLIENT-LINKED,XLON
T-0001274,O-0001274,2026-08-25T09:48:02.900000Z,LIQD.P,BUY,4780,42.1428,A-214,CLIENT-14,XLON
T-0001275,O-0001275,2026-08-25T09:48:03.750000Z,NOVA.L,SELL,6543,42.1581,A-215,CLIENT-15,XLON
T-0001276,O-0001276,2026-08-25T09:48:04.600000Z,ALTO.N,BUY,4724,42.1548,A-216,CLIENT-16,XLON
T-0001277,O-0001277,2026-08-25T09:48:05.450000Z,QUAD.N,SELL,4015,42.146,A-217,CLIENT-17,XLON
T-0001278,O-0001278,2026-08-25T09:48:06.300000Z,MEGA.O,BUY,5152,42.1603,A-218,CLIENT-18,XLON
T-0001279,O-0001279,2026-08-25T09:48:07.150000Z,LIQD.P,SELL,4211,42.1616,A-219,CLIENT-19,XLON
T-0001280,O-0001280,2026-08-25T09:48:08Z,NOVA.L,BUY,5000,41.9927,A-104,CLIENT-LINKED,XLON
T-0001281,O-0001281,2026-08-25T09:48:08.850000Z,NOVA.L,SELL,5001,42.0113,A-882,CLIENT-LINKED,XLON
T-0001282,O-0001282,2026-08-25T09:48:09.700000Z,NOVA.L,BUY,5002,42.0136,A-104,CLIENT-LINKED,XLON
T-0001283,O-0001283,2026-08-25T09:48:10.550000Z,NOVA.L,SELL,5003,41.9992,A-882,CLIENT-LINKED,XLON
T-0001284,O-0001284,2026-08-25T09:48:11.400000Z,LIQD.P,BUY,6474,42.0167,A-224,CLIENT-24,XLON
T-0001285,O-0001285,2026-08-25T09:48:12.250000Z,NOVA.L,SELL,5748,42.0095,A-225,CLIENT-25,XLON
T-0001286,O-0001286,2026-08-25T09:48:13.100000Z,ALTO.N,BUY,4616,42.0171,A-226,CLIENT-26,XLON
T-0001287,O-0001287,2026-08-25T09:48:13.950000Z,QUAD.N,SELL,4976,42.0104,A-227,CLIENT-27,XLON
T-0001288,O-0001288,2026-08-25T09:48:14.800000Z,MEGA.O,BUY,6445,42.0072,A-228,CLIENT-28,XLON
T-0001289,O-0001289,2026-08-25T09:48:15.650000Z,LIQD.P,SELL,4166,42.021,A-229,CLIENT-29,XLON
T-0001290,O-0001290,2026-08-25T09:48:16.500000Z,NOVA.L,BUY,5000,42.0146,A-104,CLIENT-LINKED,XLON
T-0001291,O-0001291,2026-08-25T09:48:17.350000Z,NOVA.L,SELL,5001,42.0268,A-882,CLIENT-LINKED,XLON
T-0001292,O-0001292,2026-08-25T09:48:18.200000Z,NOVA.L,BUY,5002,42.031,A-104,CLIENT-LINKED,XLON
T-0001293,O-0001293,2026-08-25T09:48:19.050000Z,NOVA.L,SELL,5003,42.0167,A-882,CLIENT-LINKED,XLON
T-0001294,O-0001294,2026-08-25T09:48:19.900000Z,LIQD.P,BUY,4517,42.0264,A-234,CLIENT-34,XLON
T-0001295,O-0001295,2026-08-25T09:48:20.750000Z,NOVA.L,SELL,4520,42.0387,A-235,CLIENT-35,XLON
T-0001296,O-0001296,2026-08-25T09:48:21.600000Z,ALTO.N,BUY,3948,42.0419,A-236,CLIENT-36,XLON
T-0001297,O-0001297,2026-08-25T09:48:22.450000Z,QUAD.N,SELL,5426,42.0398,A-237,CLIENT-37,XLON
T-0001298,O-0001298,2026-08-25T09:48:23.300000Z,MEGA.O,BUY,4563,42.0447,A-238,CLIENT-38,XLON
T-0001299,O-0001299,2026-08-25T09:48:24.150000Z,LIQD.P,SELL,4985,42.0455,A-239,CLIENT-39,XLON
T-0001300,O-0001300,2026-08-25T09:48:25Z,NOVA.L,BUY,5000,42.0302,A-104,CLIENT-LINKED,XLON
T-0001301,O-0001301,2026-08-25T09:48:25.850000Z,NOVA.L,SELL,5001,42.0434,A-882,CLIENT-LINKED,XLON
T-0001302,O-0001302,2026-08-25T09:48:26.700000Z,NOVA.L,BUY,5002,42.0361,A-104,CLIENT-LINKED,XLON
T-0001303,O-0001303,2026-08-25T09:48:27.550000Z,NOVA.L,SELL,5003,42.0557,A-882,CLIENT-LINKED,XLON
T-0001304,O-0001304,2026-08-25T09:48:28.400000Z,LIQD.P,BUY,4965,42.0471,A-244,CLIENT-44,XLON
T-0001305,O-0001305,2026-08-25T09:48:29.250000Z,NOVA.L,SELL,6426,42.0509,A-245,CLIENT-45,XLON
T-0001306,O-0001306,2026-08-25T09:48:30.100000Z,ALTO.N,BUY,5823,42.0598,A-246,CLIENT-46,XLON
T-0001307,O-0001307,2026-08-25T09:48:30.950000Z,QUAD.N,SELL,4349,42.061,A-247,CLIENT-47,XLON
T-0001308,O-0001308,2026-08-25T09:48:31.800000Z,MEGA.O,BUY,5717,42.0515,A-248,CLIENT-48,XLON
T-0001309,O-0001309,2026-08-25T09:48:32.650000Z,LIQD.P,SELL,4261,42.0546,A-249,CLIENT-49,XLON
T-0001310,O-0001310,2026-08-25T09:48:33.500000Z,NOVA.L,BUY,5000,42.0646,A-104,CLIENT-LINKED,XLON
T-0001311,O-0001311,2026-08-25T09:48:34.350000Z,NOVA.L,SELL,5001,42.065,A-882,CLIENT-LINKED,XLON
T-0001312,O-0001312,2026-08-25T09:48:35.200000Z,NOVA.L,BUY,5002,42.0684,A-104,CLIENT-LINKED,XLON
T-0001313,O-0001313,2026-08-25T09:48:36.050000Z,NOVA.L,SELL,5003,42.0563,A-882,CLIENT-LINKED,XLON
T-0001314,O-0001314,2026-08-25T09:48:36.900000Z,LIQD.P,BUY,5180,42.0738,A-254,CLIENT-54,XLON
T-0001315,O-0001315,2026-08-25T09:48:37.750000Z,NOVA.L,SELL,6125,42.0735,A-255,CLIENT-55,XLON
T-0001316,O-0001316,2026-08-25T09:48:38.600000Z,ALTO.N,BUY,4591,42.0655,A-256,CLIENT-56,XLON
T-0001317,O-0001317,2026-08-25T09:48:39.450000Z,QUAD.N,SELL,6416,42.0819,A-257,CLIENT-57,XLON
T-0001318,O-0001318,2026-08-25T09:48:40.300000Z,MEGA.O,BUY,5551,42.0763,A-258,CLIENT-58,XLON
T-0001319,O-0001319,2026-08-25T09:48:41.150000Z,LIQD.P,SELL,4155,42.076,A-259,CLIENT-59,XLON
T-0001320,O-0001320,2026-08-25T09:48:42Z,NOVA.L,BUY,5000,42.0719,A-104,CLIENT-LINKED,XLON
T-0001321,O-0001321,2026-08-25T09:48:42.850000Z,NOVA.L,SELL,5001,42.0916,A-882,CLIENT-LINKED,XLON
T-0001322,O-0001322,2026-08-25T09:48:43.700000Z,NOVA.L,BUY,5002,42.0835,A-104,CLIENT-LINKED,XLON
T-0001323,O-0001323,2026-08-25T09:48:44.550000Z,NOVA.L,SELL,5003,42.0947,A-882,CLIENT-LINKED,XLON
T-0001324,O-0001324,2026-08-25T09:48:45.400000Z,LIQD.P,BUY,3827,42.0832,A-204,CLIENT-4,XLON
T-0001325,O-0001325,2026-08-25T09:48:46.250000Z,NOVA.L,SELL,4764,42.0889,A-205,CLIENT-5,XLON
T-0001326,O-0001326,2026-08-25T09:48:47.100000Z,ALTO.N,BUY,4893,42.1011,A-206,CLIENT-6,XLON
T-0001327,O-0001327,2026-08-25T09:48:47.950000Z,QUAD.N,SELL,5036,42.0956,A-207,CLIENT-7,XLON
T-0001328,O-0001328,2026-08-25T09:48:48.800000Z,MEGA.O,BUY,6146,42.0862,A-208,CLIENT-8,XLON
T-0001329,O-0001329,2026-08-25T09:48:49.650000Z,LIQD.P,SELL,6477,42.0952,A-209,CLIENT-9,XLON
T-0001330,O-0001330,2026-08-25T09:48:50.500000Z,NOVA.L,BUY,5000,42.0947,A-104,CLIENT-LINKED,XLON
T-0001331,O-0001331,2026-08-25T09:48:51.350000Z,NOVA.L,SELL,5001,42.1054,A-882,CLIENT-LINKED,XLON
T-0001332,O-0001332,2026-08-25T09:48:52.200000Z,NOVA.L,BUY,5002,42.1033,A-104,CLIENT-LINKED,XLON
T-0001333,O-0001333,2026-08-25T09:48:53.050000Z,NOVA.L,SELL,5003,42.0992,A-882,CLIENT-LINKED,XLON
T-0001334,O-0001334,2026-08-25T09:48:53.900000Z,LIQD.P,BUY,6610,42.1081,A-214,CLIENT-14,XLON
T-0001335,O-0001335,2026-08-25T09:48:54.750000Z,NOVA.L,SELL,6681,42.1154,A-215,CLIENT-15,XLON
T-0001336,O-0001336,2026-08-25T09:48:55.600000Z,ALTO.N,BUY,6627,42.1043,A-216,CLIENT-16,XLON
T-0001337,O-0001337,2026-08-25T09:48:56.450000Z,QUAD.N,SELL,5008,42.1114,A-217,CLIENT-17,XLON
T-0001338,O-0001338,2026-08-25T09:48:57.300000Z,MEGA.O,BUY,4704,42.1104,A-218,CLIENT-18,XLON
T-0001339,O-0001339,2026-08-25T09:48:58.150000Z,LIQD.P,SELL,4347,42.1176,A-219,CLIENT-19,XLON
T-0001340,O-0001340,2026-08-25T09:48:59Z,NOVA.L,BUY,5000,42.1191,A-104,CLIENT-LINKED,XLON
T-0001341,O-0001341,2026-08-25T09:48:59.850000Z,NOVA.L,SELL,5001,42.1318,A-882,CLIENT-LINKED,XLON
T-0001342,O-0001342,2026-08-25T09:49:00.700000Z,NOVA.L,BUY,5002,42.1215,A-104,CLIENT-LINKED,XLON
T-0001343,O-0001343,2026-08-25T09:49:01.550000Z,NOVA.L,SELL,5003,42.13,A-882,CLIENT-LINKED,XLON
T-0001344,O-0001344,2026-08-25T09:49:02.400000Z,LIQD.P,BUY,5728,42.1331,A-224,CLIENT-24,XLON
T-0001345,O-0001345,2026-08-25T09:49:03.250000Z,NOVA.L,SELL,6520,42.1365,A-225,CLIENT-25,XLON
T-0001346,O-0001346,2026-08-25T09:49:04.100000Z,ALTO.N,BUY,4813,42.1356,A-226,CLIENT-26,XLON
T-0001347,O-0001347,2026-08-25T09:49:04.950000Z,QUAD.N,SELL,6240,42.1415,A-227,CLIENT-27,XLON
T-0001348,O-0001348,2026-08-25T09:49:05.800000Z,MEGA.O,BUY,4135,42.1365,A-228,CLIENT-28,XLON
T-0001349,O-0001349,2026-08-25T09:49:06.650000Z,LIQD.P,SELL,5963,42.1421,A-229,CLIENT-29,XLON
T-0001350,O-0001350,2026-08-25T09:49:07.500000Z,NOVA.L,BUY,5000,42.1316,A-104,CLIENT-LINKED,XLON
T-0001351,O-0001351,2026-08-25T09:49:08.350000Z,NOVA.L,SELL,5001,42.1433,A-882,CLIENT-LINKED,XLON
T-0001352,O-0001352,2026-08-25T09:49:09.200000Z,NOVA.L,BUY,5002,42.1352,A-104,CLIENT-LINKED,XLON
T-0001353,O-0001353,2026-08-25T09:49:10.050000Z,NOVA.L,SELL,5003,42.147,A-882,CLIENT-LINKED,XLON
T-0001354,O-0001354,2026-08-25T09:49:10.900000Z,LIQD.P,BUY,5870,42.142,A-234,CLIENT-34,XLON
T-0001355,O-0001355,2026-08-25T09:49:11.750000Z,NOVA.L,SELL,5998,42.143,A-235,CLIENT-35,XLON
T-0001356,O-0001356,2026-08-25T09:49:12.600000Z,ALTO.N,BUY,5143,42.1591,A-236,CLIENT-36,XLON
T-0001357,O-0001357,2026-08-25T09:49:13.450000Z,QUAD.N,SELL,5609,42.1463,A-237,CLIENT-37,XLON
T-0001358,O-0001358,2026-08-25T09:49:14.300000Z,MEGA.O,BUY,4641,42.1603,A-238,CLIENT-38,XLON
T-0001359,O-0001359,2026-08-25T09:49:15.150000Z,LIQD.P,SELL,5802,42.1498,A-239,CLIENT-39,XLON
T-0001360,O-0001360,2026-08-25T09:49:16Z,NOVA.L,BUY,5000,42.0002,A-104,CLIENT-LINKED,XLON
T-0001361,O-0001361,2026-08-25T09:49:16.850000Z,NOVA.L,SELL,5001,42.0082,A-882,CLIENT-LINKED,XLON
T-0001362,O-0001362,2026-08-25T09:49:17.700000Z,NOVA.L,BUY,5002,42.0031,A-104,CLIENT-LINKED,XLON
T-0001363,O-0001363,2026-08-25T09:49:18.550000Z,NOVA.L,SELL,5003,42.0063,A-882,CLIENT-LINKED,XLON
T-0001364,O-0001364,2026-08-25T09:49:19.400000Z,LIQD.P,BUY,5671,42.0093,A-244,CLIENT-44,XLON
T-0001365,O-0001365,2026-08-25T09:49:20.250000Z,NOVA.L,SELL,6088,42.0092,A-245,CLIENT-45,XLON
T-0001366,O-0001366,2026-08-25T09:49:21.100000Z,ALTO.N,BUY,5062,42.0165,A-246,CLIENT-46,XLON
T-0001367,O-0001367,2026-08-25T09:49:21.950000Z,QUAD.N,SELL,5421,42.0091,A-247,CLIENT-47,XLON
T-0001368,O-0001368,2026-08-25T09:49:22.800000Z,MEGA.O,BUY,3812,42.0209,A-248,CLIENT-48,XLON
T-0001369,O-0001369,2026-08-25T09:49:23.650000Z,LIQD.P,SELL,6168,42.0095,A-249,CLIENT-49,XLON
T-0001370,O-0001370,2026-08-25T09:49:24.500000Z,NOVA.L,BUY,5000,42.0185,A-104,CLIENT-LINKED,XLON
T-0001371,O-0001371,2026-08-25T09:49:25.350000Z,NOVA.L,SELL,5001,42.026,A-882,CLIENT-LINKED,XLON
T-0001372,O-0001372,2026-08-25T09:49:26.200000Z,NOVA.L,BUY,5002,42.0248,A-104,CLIENT-LINKED,XLON
T-0001373,O-0001373,2026-08-25T09:49:27.050000Z,NOVA.L,SELL,5003,42.0172,A-882,CLIENT-LINKED,XLON
T-0001374,O-0001374,2026-08-25T09:49:27.900000Z,LIQD.P,BUY,4082,42.0377,A-254,CLIENT-54,XLON
T-0001375,O-0001375,2026-08-25T09:49:28.750000Z,NOVA.L,SELL,5733,42.0206,A-255,CLIENT-55,XLON
T-0001376,O-0001376,2026-08-25T09:49:29.600000Z,ALTO.N,BUY,5474,42.0256,A-256,CLIENT-56,XLON
T-0001377,O-0001377,2026-08-25T09:49:30.450000Z,QUAD.N,SELL,4354,42.0393,A-257,CLIENT-57,XLON
T-0001378,O-0001378,2026-08-25T09:49:31.300000Z,MEGA.O,BUY,6787,42.0389,A-258,CLIENT-58,XLON
T-0001379,O-0001379,2026-08-25T09:49:32.150000Z,LIQD.P,SELL,5521,42.0355,A-259,CLIENT-59,XLON
T-0001380,O-0001380,2026-08-25T09:49:33Z,NOVA.L,BUY,5000,42.0478,A-104,CLIENT-LINKED,XLON
T-0001381,O-0001381,2026-08-25T09:49:33.850000Z,NOVA.L,SELL,5001,42.041,A-882,CLIENT-LINKED,XLON
T-0001382,O-0001382,2026-08-25T09:49:34.700000Z,NOVA.L,BUY,5002,42.0523,A-104,CLIENT-LINKED,XLON
T-0001383,O-0001383,2026-08-25T09:49:35.550000Z,NOVA.L,SELL,5003,42.0435,A-882,CLIENT-LINKED,XLON
T-0001384,O-0001384,2026-08-25T09:49:36.400000Z,LIQD.P,BUY,4128,42.0517,A-204,CLIENT-4,XLON
T-0001385,O-0001385,2026-08-25T09:49:37.250000Z,NOVA.L,SELL,6510,42.0575,A-205,CLIENT-5,XLON
T-0001386,O-0001386,2026-08-25T09:49:38.100000Z,ALTO.N,BUY,4344,42.0551,A-206,CLIENT-6,XLON
T-0001387,O-0001387,2026-08-25T09:49:38.950000Z,QUAD.N,SELL,5224,42.0464,A-207,CLIENT-7,XLON
T-0001388,O-0001388,2026-08-25T09:49:39.800000Z,MEGA.O,BUY,6000,42.0539,A-208,CLIENT-8,XLON
T-0001389,O-0001389,2026-08-25T09:49:40.650000Z,LIQD.P,SELL,4321,42.0626,A-209,CLIENT-9,XLON
T-0001390,O-0001390,2026-08-25T09:49:41.500000Z,NOVA.L,BUY,5000,42.0545,A-104,CLIENT-LINKED,XLON
T-0001391,O-0001391,2026-08-25T09:49:42.350000Z,NOVA.L,SELL,5001,42.0521,A-882,CLIENT-LINKED,XLON
T-0001392,O-0001392,2026-08-25T09:49:43.200000Z,NOVA.L,BUY,5002,42.0545,A-104,CLIENT-LINKED,XLON
T-0001393,O-0001393,2026-08-25T09:49:44.050000Z,NOVA.L,SELL,5003,42.062,A-882,CLIENT-LINKED,XLON
T-0001394,O-0001394,2026-08-25T09:49:44.900000Z,LIQD.P,BUY,6558,42.0724,A-214,CLIENT-14,XLON
T-0001395,O-0001395,2026-08-25T09:49:45.750000Z,NOVA.L,SELL,5537,42.0706,A-215,CLIENT-15,XLON
T-0001396,O-0001396,2026-08-25T09:49:46.600000Z,ALTO.N,BUY,4740,42.067,A-216,CLIENT-16,XLON
T-0001397,O-0001397,2026-08-25T09:49:47.450000Z,QUAD.N,SELL,5217,42.0671,A-217,CLIENT-17,XLON
T-0001398,O-0001398,2026-08-25T09:49:48.300000Z,MEGA.O,BUY,4572,42.0847,A-218,CLIENT-18,XLON
T-0001399,O-0001399,2026-08-25T09:49:49.150000Z,LIQD.P,SELL,6769,42.0833,A-219,CLIENT-19,XLON
T-0001400,O-0001400,2026-08-25T09:49:50Z,NOVA.L,BUY,5000,42.0706,A-104,CLIENT-LINKED,XLON
T-0001401,O-0001401,2026-08-25T09:49:50.850000Z,NOVA.L,SELL,5001,42.0852,A-882,CLIENT-LINKED,XLON
T-0001402,O-0001402,2026-08-25T09:49:51.700000Z,NOVA.L,BUY,5002,42.0863,A-104,CLIENT-LINKED,XLON
T-0001403,O-0001403,2026-08-25T09:49:52.550000Z,NOVA.L,SELL,5003,42.0947,A-882,CLIENT-LINKED,XLON
T-0001404,O-0001404,2026-08-25T09:49:53.400000Z,LIQD.P,BUY,3864,42.0828,A-224,CLIENT-24,XLON
T-0001405,O-0001405,2026-08-25T09:49:54.250000Z,NOVA.L,SELL,4075,42.082,A-225,CLIENT-25,XLON
T-0001406,O-0001406,2026-08-25T09:49:55.100000Z,ALTO.N,BUY,3937,42.0909,A-226,CLIENT-26,XLON
T-0001407,O-0001407,2026-08-25T09:49:55.950000Z,QUAD.N,SELL,6552,42.0981,A-227,CLIENT-27,XLON
T-0001408,O-0001408,2026-08-25T09:49:56.800000Z,MEGA.O,BUY,3999,42.0909,A-228,CLIENT-28,XLON
T-0001409,O-0001409,2026-08-25T09:49:57.650000Z,LIQD.P,SELL,3981,42.096,A-229,CLIENT-29,XLON
T-0001410,O-0001410,2026-08-25T09:49:58.500000Z,NOVA.L,BUY,5000,42.0947,A-104,CLIENT-LINKED,XLON
T-0001411,O-0001411,2026-08-25T09:49:59.350000Z,NOVA.L,SELL,5001,42.0963,A-882,CLIENT-LINKED,XLON
T-0001412,O-0001412,2026-08-25T09:50:00.200000Z,NOVA.L,BUY,5002,42.1113,A-104,CLIENT-LINKED,XLON
T-0001413,O-0001413,2026-08-25T09:50:01.050000Z,NOVA.L,SELL,5003,42.0971,A-882,CLIENT-LINKED,XLON
T-0001414,O-0001414,2026-08-25T09:50:01.900000Z,LIQD.P,BUY,5863,42.1179,A-234,CLIENT-34,XLON
T-0001415,O-0001415,2026-08-25T09:50:02.750000Z,NOVA.L,SELL,4759,42.1163,A-235,CLIENT-35,XLON
T-0001416,O-0001416,2026-08-25T09:50:03.600000Z,ALTO.N,BUY,6796,42.1135,A-236,CLIENT-36,XLON
T-0001417,O-0001417,2026-08-25T09:50:04.450000Z,QUAD.N,SELL,6165,42.116,A-237,CLIENT-37,XLON
T-0001418,O-0001418,2026-08-25T09:50:05.300000Z,MEGA.O,BUY,6554,42.1224,A-238,CLIENT-38,XLON
T-0001419,O-0001419,2026-08-25T09:50:06.150000Z,LIQD.P,SELL,4770,42.114,A-239,CLIENT-39,XLON
T-0001420,O-0001420,2026-08-25T09:50:07Z,NOVA.L,BUY,5000,42.1129,A-104,CLIENT-LINKED,XLON
T-0001421,O-0001421,2026-08-25T09:50:07.850000Z,NOVA.L,SELL,5001,42.1252,A-882,CLIENT-LINKED,XLON
T-0001422,O-0001422,2026-08-25T09:50:08.700000Z,NOVA.L,BUY,5002,42.1184,A-104,CLIENT-LINKED,XLON
T-0001423,O-0001423,2026-08-25T09:50:09.550000Z,NOVA.L,SELL,5003,42.122,A-882,CLIENT-LINKED,XLON
T-0001424,O-0001424,2026-08-25T09:50:10.400000Z,LIQD.P,BUY,4049,42.1291,A-244,CLIENT-44,XLON
T-0001425,O-0001425,2026-08-25T09:50:11.250000Z,NOVA.L,SELL,6223,42.1376,A-245,CLIENT-45,XLON
T-0001426,O-0001426,2026-08-25T09:50:12.100000Z,ALTO.N,BUY,4517,42.1345,A-246,CLIENT-46,XLON
T-0001427,O-0001427,2026-08-25T09:50:12.950000Z,QUAD.N,SELL,5549,42.1351,A-247,CLIENT-47,XLON
T-0001428,O-0001428,2026-08-25T09:50:13.800000Z,MEGA.O,BUY,3992,42.1454,A-248,CLIENT-48,XLON
T-0001429,O-0001429,2026-08-25T09:50:14.650000Z,LIQD.P,SELL,6435,42.1414,A-249,CLIENT-49,XLON
T-0001430,O-0001430,2026-08-25T09:50:15.500000Z,NOVA.L,BUY,5000,42.1457,A-104,CLIENT-LINKED,XLON
T-0001431,O-0001431,2026-08-25T09:50:16.350000Z,NOVA.L,SELL,5001,42.1384,A-882,CLIENT-LINKED,XLON
T-0001432,O-0001432,2026-08-25T09:50:17.200000Z,NOVA.L,BUY,5002,42.1423,A-104,CLIENT-LINKED,XLON
T-0001433,O-0001433,2026-08-25T09:50:18.050000Z,NOVA.L,SELL,5003,42.139,A-882,CLIENT-LINKED,XLON
T-0001434,O-0001434,2026-08-25T09:50:18.900000Z,LIQD.P,BUY,5341,42.1417,A-254,CLIENT-54,XLON
T-0001435,O-0001435,2026-08-25T09:50:19.750000Z,NOVA.L,SELL,6003,42.1495,A-255,CLIENT-55,XLON
T-0001436,O-0001436,2026-08-25T09:50:20.600000Z,ALTO.N,BUY,4723,42.148,A-256,CLIENT-56,XLON
T-0001437,O-0001437,2026-08-25T09:50:21.450000Z,QUAD.N,SELL,6698,42.1469,A-257,CLIENT-57,XLON
T-0001438,O-0001438,2026-08-25T09:50:22.300000Z,MEGA.O,BUY,5696,42.1643,A-258,CLIENT-58,XLON
T-0001439,O-0001439,2026-08-25T09:50:23.150000Z,LIQD.P,SELL,6103,42.1563,A-259,CLIENT-59,XLON
T-0001440,O-0001440,2026-08-25T09:50:24Z,NOVA.L,BUY,5000,41.9983,A-104,CLIENT-LINKED,XLON
T-0001441,O-0001441,2026-08-25T09:50:24.850000Z,NOVA.L,SELL,5001,42.0026,A-882,CLIENT-LINKED,XLON
T-0001442,O-0001442,2026-08-25T09:50:25.700000Z,NOVA.L,BUY,5002,42.0018,A-104,CLIENT-LINKED,XLON
T-0001443,O-0001443,2026-08-25T09:50:26.550000Z,NOVA.L,SELL,5003,42.0011,A-882,CLIENT-LINKED,XLON
T-0001444,O-0001444,2026-08-25T09:50:27.400000Z,LIQD.P,BUY,5152,42.0109,A-204,CLIENT-4,XLON
T-0001445,O-0001445,2026-08-25T09:50:28.250000Z,NOVA.L,SELL,5642,42.0169,A-205,CLIENT-5,XLON
T-0001446,O-0001446,2026-08-25T09:50:29.100000Z,ALTO.N,BUY,4178,42.0127,A-206,CLIENT-6,XLON
T-0001447,O-0001447,2026-08-25T09:50:29.950000Z,QUAD.N,SELL,4580,42.005,A-207,CLIENT-7,XLON
T-0001448,O-0001448,2026-08-25T09:50:30.800000Z,MEGA.O,BUY,5344,42.0195,A-208,CLIENT-8,XLON
T-0001449,O-0001449,2026-08-25T09:50:31.650000Z,LIQD.P,SELL,6269,42.0088,A-209,CLIENT-9,XLON
T-0001450,O-0001450,2026-08-25T09:50:32.500000Z,NOVA.L,BUY,5000,42.0115,A-104,CLIENT-LINKED,XLON
T-0001451,O-0001451,2026-08-25T09:50:33.350000Z,NOVA.L,SELL,5001,42.0281,A-882,CLIENT-LINKED,XLON
T-0001452,O-0001452,2026-08-25T09:50:34.200000Z,NOVA.L,BUY,5002,42.0258,A-104,CLIENT-LINKED,XLON
T-0001453,O-0001453,2026-08-25T09:50:35.050000Z,NOVA.L,SELL,5003,42.0294,A-882,CLIENT-LINKED,XLON
T-0001454,O-0001454,2026-08-25T09:50:35.900000Z,LIQD.P,BUY,4688,42.0276,A-214,CLIENT-14,XLON
T-0001455,O-0001455,2026-08-25T09:50:36.750000Z,NOVA.L,SELL,5163,42.0261,A-215,CLIENT-15,XLON
T-0001456,O-0001456,2026-08-25T09:50:37.600000Z,ALTO.N,BUY,3862,42.0262,A-216,CLIENT-16,XLON
T-0001457,O-0001457,2026-08-25T09:50:38.450000Z,QUAD.N,SELL,4578,42.0432,A-217,CLIENT-17,XLON
T-0001458,O-0001458,2026-08-25T09:50:39.300000Z,MEGA.O,BUY,4280,42.0409,A-218,CLIENT-18,XLON
T-0001459,O-0001459,2026-08-25T09:50:40.150000Z,LIQD.P,SELL,5761,42.0463,A-219,CLIENT-19,XLON
T-0001460,O-0001460,2026-08-25T09:50:41Z,NOVA.L,BUY,5000,42.0439,A-104,CLIENT-LINKED,XLON
T-0001461,O-0001461,2026-08-25T09:50:41.850000Z,NOVA.L,SELL,5001,42.0461,A-882,CLIENT-LINKED,XLON
T-0001462,O-0001462,2026-08-25T09:50:42.700000Z,NOVA.L,BUY,5002,42.0419,A-104,CLIENT-LINKED,XLON
T-0001463,O-0001463,2026-08-25T09:50:43.550000Z,NOVA.L,SELL,5003,42.0408,A-882,CLIENT-LINKED,XLON
T-0001464,O-0001464,2026-08-25T09:50:44.400000Z,LIQD.P,BUY,5117,42.0535,A-224,CLIENT-24,XLON
T-0001465,O-0001465,2026-08-25T09:50:45.250000Z,NOVA.L,SELL,5359,42.0493,A-225,CLIENT-25,XLON
T-0001466,O-0001466,2026-08-25T09:50:46.100000Z,ALTO.N,BUY,6457,42.0492,A-226,CLIENT-26,XLON
T-0001467,O-0001467,2026-08-25T09:50:46.950000Z,QUAD.N,SELL,4871,42.0512,A-227,CLIENT-27,XLON
T-0001468,O-0001468,2026-08-25T09:50:47.800000Z,MEGA.O,BUY,5836,42.0553,A-228,CLIENT-28,XLON
T-0001469,O-0001469,2026-08-25T09:50:48.650000Z,LIQD.P,SELL,6759,42.0574,A-229,CLIENT-29,XLON
T-0001470,O-0001470,2026-08-25T09:50:49.500000Z,NOVA.L,BUY,5000,42.0668,A-104,CLIENT-LINKED,XLON
T-0001471,O-0001471,2026-08-25T09:50:50.350000Z,NOVA.L,SELL,5001,42.0703,A-882,CLIENT-LINKED,XLON
T-0001472,O-0001472,2026-08-25T09:50:51.200000Z,NOVA.L,BUY,5002,42.0614,A-104,CLIENT-LINKED,XLON
T-0001473,O-0001473,2026-08-25T09:50:52.050000Z,NOVA.L,SELL,5003,42.0643,A-882,CLIENT-LINKED,XLON
T-0001474,O-0001474,2026-08-25T09:50:52.900000Z,LIQD.P,BUY,6104,42.0753,A-234,CLIENT-34,XLON
T-0001475,O-0001475,2026-08-25T09:50:53.750000Z,NOVA.L,SELL,4397,42.0603,A-235,CLIENT-35,XLON
T-0001476,O-0001476,2026-08-25T09:50:54.600000Z,ALTO.N,BUY,6066,42.0807,A-236,CLIENT-36,XLON
T-0001477,O-0001477,2026-08-25T09:50:55.450000Z,QUAD.N,SELL,6172,42.0784,A-237,CLIENT-37,XLON
T-0001478,O-0001478,2026-08-25T09:50:56.300000Z,MEGA.O,BUY,5009,42.069,A-238,CLIENT-38,XLON
T-0001479,O-0001479,2026-08-25T09:50:57.150000Z,LIQD.P,SELL,5151,42.0726,A-239,CLIENT-39,XLON
T-0001480,O-0001480,2026-08-25T09:50:58Z,NOVA.L,BUY,5000,42.0814,A-104,CLIENT-LINKED,XLON
T-0001481,O-0001481,2026-08-25T09:50:58.850000Z,NOVA.L,SELL,5001,42.0769,A-882,CLIENT-LINKED,XLON
T-0001482,O-0001482,2026-08-25T09:50:59.700000Z,NOVA.L,BUY,5002,42.085,A-104,CLIENT-LINKED,XLON
T-0001483,O-0001483,2026-08-25T09:51:00.550000Z,NOVA.L,SELL,5003,42.0949,A-882,CLIENT-LINKED,XLON
T-0001484,O-0001484,2026-08-25T09:51:01.400000Z,LIQD.P,BUY,5182,42.0831,A-244,CLIENT-44,XLON
T-0001485,O-0001485,2026-08-25T09:51:02.250000Z,NOVA.L,SELL,5801,42.0993,A-245,CLIENT-45,XLON
T-0001486,O-0001486,2026-08-25T09:51:03.100000Z,ALTO.N,BUY,6428,42.0968,A-246,CLIENT-46,XLON
T-0001487,O-0001487,2026-08-25T09:51:03.950000Z,QUAD.N,SELL,5687,42.0874,A-247,CLIENT-47,XLON
T-0001488,O-0001488,2026-08-25T09:51:04.800000Z,MEGA.O,BUY,5242,42.0894,A-248,CLIENT-48,XLON
T-0001489,O-0001489,2026-08-25T09:51:05.650000Z,LIQD.P,SELL,6750,42.0989,A-249,CLIENT-49,XLON
T-0001490,O-0001490,2026-08-25T09:51:06.500000Z,NOVA.L,BUY,5000,42.0937,A-104,CLIENT-LINKED,XLON
T-0001491,O-0001491,2026-08-25T09:51:07.350000Z,NOVA.L,SELL,5001,42.1098,A-882,CLIENT-LINKED,XLON
T-0001492,O-0001492,2026-08-25T09:51:08.200000Z,NOVA.L,BUY,5002,42.1138,A-104,CLIENT-LINKED,XLON
T-0001493,O-0001493,2026-08-25T09:51:09.050000Z,NOVA.L,SELL,5003,42.1151,A-882,CLIENT-LINKED,XLON
T-0001494,O-0001494,2026-08-25T09:51:09.900000Z,LIQD.P,BUY,5946,42.0987,A-254,CLIENT-54,XLON
T-0001495,O-0001495,2026-08-25T09:51:10.750000Z,NOVA.L,SELL,4104,42.1189,A-255,CLIENT-55,XLON
T-0001496,O-0001496,2026-08-25T09:51:11.600000Z,ALTO.N,BUY,6537,42.103,A-256,CLIENT-56,XLON
T-0001497,O-0001497,2026-08-25T09:51:12.450000Z,QUAD.N,SELL,3826,42.1122,A-257,CLIENT-57,XLON
T-0001498,O-0001498,2026-08-25T09:51:13.300000Z,MEGA.O,BUY,6383,42.1106,A-258,CLIENT-58,XLON
T-0001499,O-0001499,2026-08-25T09:51:14.150000Z,LIQD.P,SELL,6696,42.111,A-259,CLIENT-59,XLON
T-0001500,O-0001500,2026-08-25T09:51:15Z,NOVA.L,BUY,5000,42.1144,A-104,CLIENT-LINKED,XLON
T-0001501,O-0001501,2026-08-25T09:51:15.850000Z,NOVA.L,SELL,5001,42.1211,A-882,CLIENT-LINKED,XLON
T-0001502,O-0001502,2026-08-25T09:51:16.700000Z,NOVA.L,BUY,5002,42.1152,A-104,CLIENT-LINKED,XLON
T-0001503,O-0001503,2026-08-25T09:51:17.550000Z,NOVA.L,SELL,5003,42.1288,A-882,CLIENT-LINKED,XLON
T-0001504,O-0001504,2026-08-25T09:51:18.400000Z,LIQD.P,BUY,6325,42.1363,A-204,CLIENT-4,XLON
T-0001505,O-0001505,2026-08-25T09:51:19.250000Z,NOVA.L,SELL,6500,42.1298,A-205,CLIENT-5,XLON
T-0001506,O-0001506,2026-08-25T09:51:20.100000Z,ALTO.N,BUY,3827,42.1326,A-206,CLIENT-6,XLON
T-0001507,O-0001507,2026-08-25T09:51:20.950000Z,QUAD.N,SELL,5484,42.1242,A-207,CLIENT-7,XLON
T-0001508,O-0001508,2026-08-25T09:51:21.800000Z,MEGA.O,BUY,5968,42.1404,A-208,CLIENT-8,XLON
T-0001509,O-0001509,2026-08-25T09:51:22.650000Z,LIQD.P,SELL,5994,42.1475,A-209,CLIENT-9,XLON
T-0001510,O-0001510,2026-08-25T09:51:23.500000Z,NOVA.L,BUY,5000,42.1303,A-104,CLIENT-LINKED,XLON
T-0001511,O-0001511,2026-08-25T09:51:24.350000Z,NOVA.L,SELL,5001,42.1483,A-882,CLIENT-LINKED,XLON
T-0001512,O-0001512,2026-08-25T09:51:25.200000Z,NOVA.L,BUY,5002,42.1475,A-104,CLIENT-LINKED,XLON
T-0001513,O-0001513,2026-08-25T09:51:26.050000Z,NOVA.L,SELL,5003,42.1521,A-882,CLIENT-LINKED,XLON
T-0001514,O-0001514,2026-08-25T09:51:26.900000Z,LIQD.P,BUY,4534,42.1401,A-214,CLIENT-14,XLON
T-0001515,O-0001515,2026-08-25T09:51:27.750000Z,NOVA.L,SELL,4194,42.1505,A-215,CLIENT-15,XLON
T-0001516,O-0001516,2026-08-25T09:51:28.600000Z,ALTO.N,BUY,4787,42.1458,A-216,CLIENT-16,XLON
T-0001517,O-0001517,2026-08-25T09:51:29.450000Z,QUAD.N,SELL,5956,42.149,A-217,CLIENT-17,XLON
T-0001518,O-0001518,2026-08-25T09:51:30.300000Z,MEGA.O,BUY,5251,42.1513,A-218,CLIENT-18,XLON
T-0001519,O-0001519,2026-08-25T09:51:31.150000Z,LIQD.P,SELL,5425,42.1496,A-219,CLIENT-19,XLON
T-0001520,O-0001520,2026-08-25T09:51:32Z,NOVA.L,BUY,5000,42.0092,A-104,CLIENT-LINKED,XLON
T-0001521,O-0001521,2026-08-25T09:51:32.850000Z,NOVA.L,SELL,5001,42.0012,A-882,CLIENT-LINKED,XLON
T-0001522,O-0001522,2026-08-25T09:51:33.700000Z,NOVA.L,BUY,5002,41.9989,A-104,CLIENT-LINKED,XLON
T-0001523,O-0001523,2026-08-25T09:51:34.550000Z,NOVA.L,SELL,5003,42.0099,A-882,CLIENT-LINKED,XLON
T-0001524,O-0001524,2026-08-25T09:51:35.400000Z,LIQD.P,BUY,5028,42.0117,A-224,CLIENT-24,XLON
T-0001525,O-0001525,2026-08-25T09:51:36.250000Z,NOVA.L,SELL,4130,42.0131,A-225,CLIENT-25,XLON
T-0001526,O-0001526,2026-08-25T09:51:37.100000Z,ALTO.N,BUY,6461,42.0172,A-226,CLIENT-26,XLON
T-0001527,O-0001527,2026-08-25T09:51:37.950000Z,QUAD.N,SELL,4182,42.0121,A-227,CLIENT-27,XLON
T-0001528,O-0001528,2026-08-25T09:51:38.800000Z,MEGA.O,BUY,5344,42.0171,A-228,CLIENT-28,XLON
T-0001529,O-0001529,2026-08-25T09:51:39.650000Z,LIQD.P,SELL,4029,42.0207,A-229,CLIENT-29,XLON
T-0001530,O-0001530,2026-08-25T09:51:40.500000Z,NOVA.L,BUY,5000,42.0241,A-104,CLIENT-LINKED,XLON
T-0001531,O-0001531,2026-08-25T09:51:41.350000Z,NOVA.L,SELL,5001,42.0137,A-882,CLIENT-LINKED,XLON
T-0001532,O-0001532,2026-08-25T09:51:42.200000Z,NOVA.L,BUY,5002,42.0309,A-104,CLIENT-LINKED,XLON
T-0001533,O-0001533,2026-08-25T09:51:43.050000Z,NOVA.L,SELL,5003,42.0289,A-882,CLIENT-LINKED,XLON
T-0001534,O-0001534,2026-08-25T09:51:43.900000Z,LIQD.P,BUY,5156,42.0293,A-234,CLIENT-34,XLON
T-0001535,O-0001535,2026-08-25T09:51:44.750000Z,NOVA.L,SELL,4190,42.0379,A-235,CLIENT-35,XLON
T-0001536,O-0001536,2026-08-25T09:51:45.600000Z,ALTO.N,BUY,3974,42.0266,A-236,CLIENT-36,XLON
T-0001537,O-0001537,2026-08-25T09:51:46.450000Z,QUAD.N,SELL,6635,42.0418,A-237,CLIENT-37,XLON
T-0001538,O-0001538,2026-08-25T09:51:47.300000Z,MEGA.O,BUY,5747,42.0314,A-238,CLIENT-38,XLON
T-0001539,O-0001539,2026-08-25T09:51:48.150000Z,LIQD.P,SELL,4104,42.0417,A-239,CLIENT-39,XLON
T-0001540,O-0001540,2026-08-25T09:51:49Z,NOVA.L,BUY,5000,42.0356,A-104,CLIENT-LINKED,XLON
T-0001541,O-0001541,2026-08-25T09:51:49.850000Z,NOVA.L,SELL,5001,42.0429,A-882,CLIENT-LINKED,XLON
T-0001542,O-0001542,2026-08-25T09:51:50.700000Z,NOVA.L,BUY,5002,42.0472,A-104,CLIENT-LINKED,XLON
T-0001543,O-0001543,2026-08-25T09:51:51.550000Z,NOVA.L,SELL,5003,42.0396,A-882,CLIENT-LINKED,XLON
T-0001544,O-0001544,2026-08-25T09:51:52.400000Z,LIQD.P,BUY,5088,42.0383,A-244,CLIENT-44,XLON
T-0001545,O-0001545,2026-08-25T09:51:53.250000Z,NOVA.L,SELL,4648,42.0517,A-245,CLIENT-45,XLON
T-0001546,O-0001546,2026-08-25T09:51:54.100000Z,ALTO.N,BUY,6719,42.0584,A-246,CLIENT-46,XLON
T-0001547,O-0001547,2026-08-25T09:51:54.950000Z,QUAD.N,SELL,4115,42.05,A-247,CLIENT-47,XLON
T-0001548,O-0001548,2026-08-25T09:51:55.800000Z,MEGA.O,BUY,6109,42.0508,A-248,CLIENT-48,XLON
T-0001549,O-0001549,2026-08-25T09:51:56.650000Z,LIQD.P,SELL,5393,42.0615,A-249,CLIENT-49,XLON
T-0001550,O-0001550,2026-08-25T09:51:57.500000Z,NOVA.L,BUY,5000,42.0608,A-104,CLIENT-LINKED,XLON
T-0001551,O-0001551,2026-08-25T09:51:58.350000Z,NOVA.L,SELL,5001,42.0597,A-882,CLIENT-LINKED,XLON
T-0001552,O-0001552,2026-08-25T09:51:59.200000Z,NOVA.L,BUY,5002,42.0688,A-104,CLIENT-LINKED,XLON
T-0001553,O-0001553,2026-08-25T09:52:00.050000Z,NOVA.L,SELL,5003,42.0718,A-882,CLIENT-LINKED,XLON
T-0001554,O-0001554,2026-08-25T09:52:00.900000Z,LIQD.P,BUY,6623,42.0725,A-254,CLIENT-54,XLON
T-0001555,O-0001555,2026-08-25T09:52:01.750000Z,NOVA.L,SELL,5851,42.0749,A-255,CLIENT-55,XLON
T-0001556,O-0001556,2026-08-25T09:52:02.600000Z,ALTO.N,BUY,5216,42.0631,A-256,CLIENT-56,XLON
T-0001557,O-0001557,2026-08-25T09:52:03.450000Z,QUAD.N,SELL,5590,42.0686,A-257,CLIENT-57,XLON
T-0001558,O-0001558,2026-08-25T09:52:04.300000Z,MEGA.O,BUY,4111,42.0728,A-258,CLIENT-58,XLON
T-0001559,O-0001559,2026-08-25T09:52:05.150000Z,LIQD.P,SELL,6314,42.0871,A-259,CLIENT-59,XLON
T-0001560,O-0001560,2026-08-25T09:52:06Z,NOVA.L,BUY,5000,42.0779,A-104,CLIENT-LINKED,XLON
T-0001561,O-0001561,2026-08-25T09:52:06.850000Z,NOVA.L,SELL,5001,42.0875,A-882,CLIENT-LINKED,XLON
T-0001562,O-0001562,2026-08-25T09:52:07.700000Z,NOVA.L,BUY,5002,42.0746,A-104,CLIENT-LINKED,XLON
T-0001563,O-0001563,2026-08-25T09:52:08.550000Z,NOVA.L,SELL,5003,42.0815,A-882,CLIENT-LINKED,XLON
T-0001564,O-0001564,2026-08-25T09:52:09.400000Z,LIQD.P,BUY,5645,42.0878,A-204,CLIENT-4,XLON
T-0001565,O-0001565,2026-08-25T09:52:10.250000Z,NOVA.L,SELL,5257,42.0911,A-205,CLIENT-5,XLON
T-0001566,O-0001566,2026-08-25T09:52:11.100000Z,ALTO.N,BUY,5337,42.0906,A-206,CLIENT-6,XLON
T-0001567,O-0001567,2026-08-25T09:52:11.950000Z,QUAD.N,SELL,6584,42.0957,A-207,CLIENT-7,XLON
T-0001568,O-0001568,2026-08-25T09:52:12.800000Z,MEGA.O,BUY,5356,42.0877,A-208,CLIENT-8,XLON
T-0001569,O-0001569,2026-08-25T09:52:13.650000Z,LIQD.P,SELL,6333,42.0939,A-209,CLIENT-9,XLON
T-0001570,O-0001570,2026-08-25T09:52:14.500000Z,NOVA.L,BUY,5000,42.0949,A-104,CLIENT-LINKED,XLON
T-0001571,O-0001571,2026-08-25T09:52:15.350000Z,NOVA.L,SELL,5001,42.0935,A-882,CLIENT-LINKED,XLON
T-0001572,O-0001572,2026-08-25T09:52:16.200000Z,NOVA.L,BUY,5002,42.0994,A-104,CLIENT-LINKED,XLON
T-0001573,O-0001573,2026-08-25T09:52:17.050000Z,NOVA.L,SELL,5003,42.1036,A-882,CLIENT-LINKED,XLON
T-0001574,O-0001574,2026-08-25T09:52:17.900000Z,LIQD.P,BUY,6396,42.1011,A-214,CLIENT-14,XLON
T-0001575,O-0001575,2026-08-25T09:52:18.750000Z,NOVA.L,SELL,5395,42.1063,A-215,CLIENT-15,XLON
T-0001576,O-0001576,2026-08-25T09:52:19.600000Z,ALTO.N,BUY,4236,42.1038,A-216,CLIENT-16,XLON
T-0001577,O-0001577,2026-08-25T09:52:20.450000Z,QUAD.N,SELL,5062,42.1129,A-217,CLIENT-17,XLON
T-0001578,O-0001578,2026-08-25T09:52:21.300000Z,MEGA.O,BUY,4904,42.108,A-218,CLIENT-18,XLON
T-0001579,O-0001579,2026-08-25T09:52:22.150000Z,LIQD.P,SELL,4157,42.1117,A-219,CLIENT-19,XLON
T-0001580,O-0001580,2026-08-25T09:52:23Z,NOVA.L,BUY,5000,42.119,A-104,CLIENT-LINKED,XLON
T-0001581,O-0001581,2026-08-25T09:52:23.850000Z,NOVA.L,SELL,5001,42.1231,A-882,CLIENT-LINKED,XLON
T-0001582,O-0001582,2026-08-25T09:52:24.700000Z,NOVA.L,BUY,5002,42.1222,A-104,CLIENT-LINKED,XLON
T-0001583,O-0001583,2026-08-25T09:52:25.550000Z,NOVA.L,SELL,5003,42.1165,A-882,CLIENT-LINKED,XLON
T-0001584,O-0001584,2026-08-25T09:52:26.400000Z,LIQD.P,BUY,5249,42.1291,A-224,CLIENT-24,XLON
T-0001585,O-0001585,2026-08-25T09:52:27.250000Z,NOVA.L,SELL,6245,42.132,A-225,CLIENT-25,XLON
T-0001586,O-0001586,2026-08-25T09:52:28.100000Z,ALTO.N,BUY,5128,42.1393,A-226,CLIENT-26,XLON
T-0001587,O-0001587,2026-08-25T09:52:28.950000Z,QUAD.N,SELL,3850,42.1298,A-227,CLIENT-27,XLON
T-0001588,O-0001588,2026-08-25T09:52:29.800000Z,MEGA.O,BUY,5388,42.1416,A-228,CLIENT-28,XLON
T-0001589,O-0001589,2026-08-25T09:52:30.650000Z,LIQD.P,SELL,6768,42.146,A-229,CLIENT-29,XLON
T-0001590,O-0001590,2026-08-25T09:52:31.500000Z,NOVA.L,BUY,5000,42.1481,A-104,CLIENT-LINKED,XLON
T-0001591,O-0001591,2026-08-25T09:52:32.350000Z,NOVA.L,SELL,5001,42.1516,A-882,CLIENT-LINKED,XLON
T-0001592,O-0001592,2026-08-25T09:52:33.200000Z,NOVA.L,BUY,5002,42.1454,A-104,CLIENT-LINKED,XLON
T-0001593,O-0001593,2026-08-25T09:52:34.050000Z,NOVA.L,SELL,5003,42.1394,A-882,CLIENT-LINKED,XLON
T-0001594,O-0001594,2026-08-25T09:52:34.900000Z,LIQD.P,BUY,5359,42.1414,A-234,CLIENT-34,XLON
T-0001595,O-0001595,2026-08-25T09:52:35.750000Z,NOVA.L,SELL,4901,42.146,A-235,CLIENT-35,XLON
T-0001596,O-0001596,2026-08-25T09:52:36.600000Z,ALTO.N,BUY,5819,42.1449,A-236,CLIENT-36,XLON
T-0001597,O-0001597,2026-08-25T09:52:37.450000Z,QUAD.N,SELL,4484,42.1527,A-237,CLIENT-37,XLON
T-0001598,O-0001598,2026-08-25T09:52:38.300000Z,MEGA.O,BUY,5524,42.152,A-238,CLIENT-38,XLON
T-0001599,O-0001599,2026-08-25T09:52:39.150000Z,LIQD.P,SELL,4115,42.1552,A-239,CLIENT-39,XLON
T-0001600,O-0001600,2026-08-25T09:52:40Z,NOVA.L,BUY,5000,42.0089,A-104,CLIENT-LINKED,XLON
T-0001601,O-0001601,2026-08-25T09:52:40.850000Z,NOVA.L,SELL,5001,42.0064,A-882,CLIENT-LINKED,XLON
T-0001602,O-0001602,2026-08-25T09:52:41.700000Z,NOVA.L,BUY,5002,42.0039,A-104,CLIENT-LINKED,XLON
T-0001603,O-0001603,2026-08-25T09:52:42.550000Z,NOVA.L,SELL,5003,42.0083,A-882,CLIENT-LINKED,XLON
T-0001604,O-0001604,2026-08-25T09:52:43.400000Z,LIQD.P,BUY,5675,42.0001,A-244,CLIENT-44,XLON
T-0001605,O-0001605,2026-08-25T09:52:44.250000Z,NOVA.L,SELL,5047,42.0001,A-245,CLIENT-45,XLON
T-0001606,O-0001606,2026-08-25T09:52:45.100000Z,ALTO.N,BUY,5420,42.0086,A-246,CLIENT-46,XLON
T-0001607,O-0001607,2026-08-25T09:52:45.950000Z,QUAD.N,SELL,6340,42.0116,A-247,CLIENT-47,XLON
T-0001608,O-0001608,2026-08-25T09:52:46.800000Z,MEGA.O,BUY,5149,42.0148,A-248,CLIENT-48,XLON
T-0001609,O-0001609,2026-08-25T09:52:47.650000Z,LIQD.P,SELL,5563,42.0243,A-249,CLIENT-49,XLON
T-0001610,O-0001610,2026-08-25T09:52:48.500000Z,NOVA.L,BUY,5000,42.0272,A-104,CLIENT-LINKED,XLON
T-0001611,O-0001611,2026-08-25T09:52:49.350000Z,NOVA.L,SELL,5001,42.0315,A-882,CLIENT-LINKED,XLON
T-0001612,O-0001612,2026-08-25T09:52:50.200000Z,NOVA.L,BUY,5002,42.0167,A-104,CLIENT-LINKED,XLON
T-0001613,O-0001613,2026-08-25T09:52:51.050000Z,NOVA.L,SELL,5003,42.0224,A-882,CLIENT-LINKED,XLON
T-0001614,O-0001614,2026-08-25T09:52:51.900000Z,LIQD.P,BUY,6647,42.022,A-254,CLIENT-54,XLON
T-0001615,O-0001615,2026-08-25T09:52:52.750000Z,NOVA.L,SELL,5086,42.0236,A-255,CLIENT-55,XLON
T-0001616,O-0001616,2026-08-25T09:52:53.600000Z,ALTO.N,BUY,5431,42.0414,A-256,CLIENT-56,XLON
T-0001617,O-0001617,2026-08-25T09:52:54.450000Z,QUAD.N,SELL,4993,42.0387,A-257,CLIENT-57,XLON
T-0001618,O-0001618,2026-08-25T09:52:55.300000Z,MEGA.O,BUY,6392,42.0358,A-258,CLIENT-58,XLON
T-0001619,O-0001619,2026-08-25T09:52:56.150000Z,LIQD.P,SELL,6158,42.0436,A-259,CLIENT-59,XLON
T-0001620,O-0001620,2026-08-25T09:52:57Z,NOVA.L,BUY,5000,42.0365,A-104,CLIENT-LINKED,XLON
T-0001621,O-0001621,2026-08-25T09:52:57.850000Z,NOVA.L,SELL,5001,42.0376,A-882,CLIENT-LINKED,XLON
T-0001622,O-0001622,2026-08-25T09:52:58.700000Z,NOVA.L,BUY,5002,42.0497,A-104,CLIENT-LINKED,XLON
T-0001623,O-0001623,2026-08-25T09:52:59.550000Z,NOVA.L,SELL,5003,42.0433,A-882,CLIENT-LINKED,XLON
T-0001624,O-0001624,2026-08-25T09:53:00.400000Z,LIQD.P,BUY,6109,42.042,A-204,CLIENT-4,XLON
T-0001625,O-0001625,2026-08-25T09:53:01.250000Z,NOVA.L,SELL,6034,42.0436,A-205,CLIENT-5,XLON
T-0001626,O-0001626,2026-08-25T09:53:02.100000Z,ALTO.N,BUY,6053,42.0425,A-206,CLIENT-6,XLON
T-0001627,O-0001627,2026-08-25T09:53:02.950000Z,QUAD.N,SELL,6778,42.0532,A-207,CLIENT-7,XLON
T-0001628,O-0001628,2026-08-25T09:53:03.800000Z,MEGA.O,BUY,6701,42.0502,A-208,CLIENT-8,XLON
T-0001629,O-0001629,2026-08-25T09:53:04.650000Z,LIQD.P,SELL,4993,42.0646,A-209,CLIENT-9,XLON
T-0001630,O-0001630,2026-08-25T09:53:05.500000Z,NOVA.L,BUY,5000,42.0514,A-104,CLIENT-LINKED,XLON
T-0001631,O-0001631,2026-08-25T09:53:06.350000Z,NOVA.L,SELL,5001,42.069,A-882,CLIENT-LINKED,XLON
T-0001632,O-0001632,2026-08-25T09:53:07.200000Z,NOVA.L,BUY,5002,42.0699,A-104,CLIENT-LINKED,XLON
T-0001633,O-0001633,2026-08-25T09:53:08.050000Z,NOVA.L,SELL,5003,42.0695,A-882,CLIENT-LINKED,XLON
T-0001634,O-0001634,2026-08-25T09:53:08.900000Z,LIQD.P,BUY,4370,42.0707,A-214,CLIENT-14,XLON
T-0001635,O-0001635,2026-08-25T09:53:09.750000Z,NOVA.L,SELL,4791,42.0651,A-215,CLIENT-15,XLON
T-0001636,O-0001636,2026-08-25T09:53:10.600000Z,ALTO.N,BUY,4431,42.0763,A-216,CLIENT-16,XLON
T-0001637,O-0001637,2026-08-25T09:53:11.450000Z,QUAD.N,SELL,5344,42.0655,A-217,CLIENT-17,XLON
T-0001638,O-0001638,2026-08-25T09:53:12.300000Z,MEGA.O,BUY,6249,42.0756,A-218,CLIENT-18,XLON
T-0001639,O-0001639,2026-08-25T09:53:13.150000Z,LIQD.P,SELL,5441,42.0787,A-219,CLIENT-19,XLON
T-0001640,O-0001640,2026-08-25T09:53:14Z,NOVA.L,BUY,5000,42.0885,A-104,CLIENT-LINKED,XLON
T-0001641,O-0001641,2026-08-25T09:53:14.850000Z,NOVA.L,SELL,5001,42.0894,A-882,CLIENT-LINKED,XLON
T-0001642,O-0001642,2026-08-25T09:53:15.700000Z,NOVA.L,BUY,5002,42.0824,A-104,CLIENT-LINKED,XLON
T-0001643,O-0001643,2026-08-25T09:53:16.550000Z,NOVA.L,SELL,5003,42.0767,A-882,CLIENT-LINKED,XLON
T-0001644,O-0001644,2026-08-25T09:53:17.400000Z,LIQD.P,BUY,5272,42.092,A-224,CLIENT-24,XLON
T-0001645,O-0001645,2026-08-25T09:53:18.250000Z,NOVA.L,SELL,5999,42.0919,A-225,CLIENT-25,XLON
T-0001646,O-0001646,2026-08-25T09:53:19.100000Z,ALTO.N,BUY,4148,42.0842,A-226,CLIENT-26,XLON
T-0001647,O-0001647,2026-08-25T09:53:19.950000Z,QUAD.N,SELL,4816,42.0972,A-227,CLIENT-27,XLON
T-0001648,O-0001648,2026-08-25T09:53:20.800000Z,MEGA.O,BUY,5254,42.0893,A-228,CLIENT-28,XLON
T-0001649,O-0001649,2026-08-25T09:53:21.650000Z,LIQD.P,SELL,6309,42.0889,A-229,CLIENT-29,XLON
T-0001650,O-0001650,2026-08-25T09:53:22.500000Z,NOVA.L,BUY,5000,42.1097,A-104,CLIENT-LINKED,XLON
T-0001651,O-0001651,2026-08-25T09:53:23.350000Z,NOVA.L,SELL,5001,42.1055,A-882,CLIENT-LINKED,XLON
T-0001652,O-0001652,2026-08-25T09:53:24.200000Z,NOVA.L,BUY,5002,42.102,A-104,CLIENT-LINKED,XLON
T-0001653,O-0001653,2026-08-25T09:53:25.050000Z,NOVA.L,SELL,5003,42.1111,A-882,CLIENT-LINKED,XLON
T-0001654,O-0001654,2026-08-25T09:53:25.900000Z,LIQD.P,BUY,5563,42.1001,A-234,CLIENT-34,XLON
T-0001655,O-0001655,2026-08-25T09:53:26.750000Z,NOVA.L,SELL,4203,42.1052,A-235,CLIENT-35,XLON
T-0001656,O-0001656,2026-08-25T09:53:27.600000Z,ALTO.N,BUY,5891,42.1169,A-236,CLIENT-36,XLON
T-0001657,O-0001657,2026-08-25T09:53:28.450000Z,QUAD.N,SELL,6085,42.1156,A-237,CLIENT-37,XLON
T-0001658,O-0001658,2026-08-25T09:53:29.300000Z,MEGA.O,BUY,6156,42.1104,A-238,CLIENT-38,XLON
T-0001659,O-0001659,2026-08-25T09:53:30.150000Z,LIQD.P,SELL,5332,42.1158,A-239,CLIENT-39,XLON
T-0001660,O-0001660,2026-08-25T09:53:31Z,NOVA.L,BUY,5000,42.1254,A-104,CLIENT-LINKED,XLON
T-0001661,O-0001661,2026-08-25T09:53:31.850000Z,NOVA.L,SELL,5001,42.1238,A-882,CLIENT-LINKED,XLON
T-0001662,O-0001662,2026-08-25T09:53:32.700000Z,NOVA.L,BUY,5002,42.124,A-104,CLIENT-LINKED,XLON
T-0001663,O-0001663,2026-08-25T09:53:33.550000Z,NOVA.L,SELL,5003,42.1229,A-882,CLIENT-LINKED,XLON
T-0001664,O-0001664,2026-08-25T09:53:34.400000Z,LIQD.P,BUY,3900,42.1277,A-244,CLIENT-44,XLON
T-0001665,O-0001665,2026-08-25T09:53:35.250000Z,NOVA.L,SELL,5010,42.1283,A-245,CLIENT-45,XLON
T-0001666,O-0001666,2026-08-25T09:53:36.100000Z,ALTO.N,BUY,4151,42.1243,A-246,CLIENT-46,XLON
T-0001667,O-0001667,2026-08-25T09:53:36.950000Z,QUAD.N,SELL,6790,42.1268,A-247,CLIENT-47,XLON
T-0001668,O-0001668,2026-08-25T09:53:37.800000Z,MEGA.O,BUY,5077,42.1329,A-248,CLIENT-48,XLON
T-0001669,O-0001669,2026-08-25T09:53:38.650000Z,LIQD.P,SELL,4647,42.1384,A-249,CLIENT-49,XLON
T-0001670,O-0001670,2026-08-25T09:53:39.500000Z,NOVA.L,BUY,5000,42.137,A-104,CLIENT-LINKED,XLON
T-0001671,O-0001671,2026-08-25T09:53:40.350000Z,NOVA.L,SELL,5001,42.134,A-882,CLIENT-LINKED,XLON
T-0001672,O-0001672,2026-08-25T09:53:41.200000Z,NOVA.L,BUY,5002,42.1484,A-104,CLIENT-LINKED,XLON
T-0001673,O-0001673,2026-08-25T09:53:42.050000Z,NOVA.L,SELL,5003,42.145,A-882,CLIENT-LINKED,XLON
T-0001674,O-0001674,2026-08-25T09:53:42.900000Z,LIQD.P,BUY,4075,42.144,A-254,CLIENT-54,XLON
T-0001675,O-0001675,2026-08-25T09:53:43.750000Z,NOVA.L,SELL,6711,42.1423,A-255,CLIENT-55,XLON
T-0001676,O-0001676,2026-08-25T09:53:44.600000Z,ALTO.N,BUY,5205,42.155,A-256,CLIENT-56,XLON
T-0001677,O-0001677,2026-08-25T09:53:45.450000Z,QUAD.N,SELL,6573,42.16,A-257,CLIENT-57,XLON
T-0001678,O-0001678,2026-08-25T09:53:46.300000Z,MEGA.O,BUY,4799,42.1563,A-258,CLIENT-58,XLON
T-0001679,O-0001679,2026-08-25T09:53:47.150000Z,LIQD.P,SELL,6060,42.1512,A-259,CLIENT-59,XLON
T-0001680,O-0001680,2026-08-25T09:53:48Z,NOVA.L,BUY,5000,42.0012,A-104,CLIENT-LINKED,XLON
T-0001681,O-0001681,2026-08-25T09:53:48.850000Z,NOVA.L,SELL,5001,42.0112,A-882,CLIENT-LINKED,XLON
T-0001682,O-0001682,2026-08-25T09:53:49.700000Z,NOVA.L,BUY,5002,41.9986,A-104,CLIENT-LINKED,XLON
T-0001683,O-0001683,2026-08-25T09:53:50.550000Z,NOVA.L,SELL,5003,42.0041,A-882,CLIENT-LINKED,XLON
T-0001684,O-0001684,2026-08-25T09:53:51.400000Z,LIQD.P,BUY,4555,42.0017,A-204,CLIENT-4,XLON
T-0001685,O-0001685,2026-08-25T09:53:52.250000Z,NOVA.L,SELL,6492,42.0086,A-205,CLIENT-5,XLON
T-0001686,O-0001686,2026-08-25T09:53:53.100000Z,ALTO.N,BUY,3919,42.0167,A-206,CLIENT-6,XLON
T-0001687,O-0001687,2026-08-25T09:53:53.950000Z,QUAD.N,SELL,4608,42.013,A-207,CLIENT-7,XLON
T-0001688,O-0001688,2026-08-25T09:53:54.800000Z,MEGA.O,BUY,5559,42.0138,A-208,CLIENT-8,XLON
T-0001689,O-0001689,2026-08-25T09:53:55.650000Z,LIQD.P,SELL,6686,42.0123,A-209,CLIENT-9,XLON
T-0001690,O-0001690,2026-08-25T09:53:56.500000Z,NOVA.L,BUY,5000,42.0156,A-104,CLIENT-LINKED,XLON
T-0001691,O-0001691,2026-08-25T09:53:57.350000Z,NOVA.L,SELL,5001,42.0261,A-882,CLIENT-LINKED,XLON
T-0001692,O-0001692,2026-08-25T09:53:58.200000Z,NOVA.L,BUY,5002,42.0299,A-104,CLIENT-LINKED,XLON
T-0001693,O-0001693,2026-08-25T09:53:59.050000Z,NOVA.L,SELL,5003,42.0275,A-882,CLIENT-LINKED,XLON
T-0001694,O-0001694,2026-08-25T09:53:59.900000Z,LIQD.P,BUY,5999,42.0217,A-214,CLIENT-14,XLON
T-0001695,O-0001695,2026-08-25T09:54:00.750000Z,NOVA.L,SELL,5135,42.0239,A-215,CLIENT-15,XLON
T-0001696,O-0001696,2026-08-25T09:54:01.600000Z,ALTO.N,BUY,4266,42.0272,A-216,CLIENT-16,XLON
T-0001697,O-0001697,2026-08-25T09:54:02.450000Z,QUAD.N,SELL,5804,42.0346,A-217,CLIENT-17,XLON
T-0001698,O-0001698,2026-08-25T09:54:03.300000Z,MEGA.O,BUY,6417,42.0323,A-218,CLIENT-18,XLON
T-0001699,O-0001699,2026-08-25T09:54:04.150000Z,LIQD.P,SELL,5391,42.0402,A-219,CLIENT-19,XLON
T-0001700,O-0001700,2026-08-25T09:54:05Z,NOVA.L,BUY,5000,42.0417,A-104,CLIENT-LINKED,XLON
T-0001701,O-0001701,2026-08-25T09:54:05.850000Z,NOVA.L,SELL,5001,42.039,A-882,CLIENT-LINKED,XLON
T-0001702,O-0001702,2026-08-25T09:54:06.700000Z,NOVA.L,BUY,5002,42.0509,A-104,CLIENT-LINKED,XLON
T-0001703,O-0001703,2026-08-25T09:54:07.550000Z,NOVA.L,SELL,5003,42.0483,A-882,CLIENT-LINKED,XLON
T-0001704,O-0001704,2026-08-25T09:54:08.400000Z,LIQD.P,BUY,6559,42.0521,A-224,CLIENT-24,XLON
T-0001705,O-0001705,2026-08-25T09:54:09.250000Z,NOVA.L,SELL,5018,42.0584,A-225,CLIENT-25,XLON
T-0001706,O-0001706,2026-08-25T09:54:10.100000Z,ALTO.N,BUY,6217,42.0437,A-226,CLIENT-26,XLON
T-0001707,O-0001707,2026-08-25T09:54:10.950000Z,QUAD.N,SELL,4348,42.0503,A-227,CLIENT-27,XLON
T-0001708,O-0001708,2026-08-25T09:54:11.800000Z,MEGA.O,BUY,4777,42.0521,A-228,CLIENT-28,XLON
T-0001709,O-0001709,2026-08-25T09:54:12.650000Z,LIQD.P,SELL,4549,42.0555,A-229,CLIENT-29,XLON
T-0001710,O-0001710,2026-08-25T09:54:13.500000Z,NOVA.L,BUY,5000,42.0528,A-104,CLIENT-LINKED,XLON
T-0001711,O-0001711,2026-08-25T09:54:14.350000Z,NOVA.L,SELL,5001,42.0598,A-882,CLIENT-LINKED,XLON
T-0001712,O-0001712,2026-08-25T09:54:15.200000Z,NOVA.L,BUY,5002,42.0659,A-104,CLIENT-LINKED,XLON
T-0001713,O-0001713,2026-08-25T09:54:16.050000Z,NOVA.L,SELL,5003,42.0675,A-882,CLIENT-LINKED,XLON
T-0001714,O-0001714,2026-08-25T09:54:16.900000Z,LIQD.P,BUY,5532,42.0617,A-234,CLIENT-34,XLON
T-0001715,O-0001715,2026-08-25T09:54:17.750000Z,NOVA.L,SELL,6403,42.0707,A-235,CLIENT-35,XLON
T-0001716,O-0001716,2026-08-25T09:54:18.600000Z,ALTO.N,BUY,6442,42.0806,A-236,CLIENT-36,XLON
T-0001717,O-0001717,2026-08-25T09:54:19.450000Z,QUAD.N,SELL,4509,42.0751,A-237,CLIENT-37,XLON
T-0001718,O-0001718,2026-08-25T09:54:20.300000Z,MEGA.O,BUY,5805,42.0718,A-238,CLIENT-38,XLON
T-0001719,O-0001719,2026-08-25T09:54:21.150000Z,LIQD.P,SELL,4566,42.0743,A-239,CLIENT-39,XLON
T-0001720,O-0001720,2026-08-25T09:54:22Z,NOVA.L,BUY,5000,42.079,A-104,CLIENT-LINKED,XLON
T-0001721,O-0001721,2026-08-25T09:54:22.850000Z,NOVA.L,SELL,5001,42.0731,A-882,CLIENT-LINKED,XLON
T-0001722,O-0001722,2026-08-25T09:54:23.700000Z,NOVA.L,BUY,5002,42.0812,A-104,CLIENT-LINKED,XLON
T-0001723,O-0001723,2026-08-25T09:54:24.550000Z,NOVA.L,SELL,5003,42.0762,A-882,CLIENT-LINKED,XLON
T-0001724,O-0001724,2026-08-25T09:54:25.400000Z,LIQD.P,BUY,4359,42.0819,A-244,CLIENT-44,XLON
T-0001725,O-0001725,2026-08-25T09:54:26.250000Z,NOVA.L,SELL,5372,42.0993,A-245,CLIENT-45,XLON
T-0001726,O-0001726,2026-08-25T09:54:27.100000Z,ALTO.N,BUY,5870,42.0951,A-246,CLIENT-46,XLON
T-0001727,O-0001727,2026-08-25T09:54:27.950000Z,QUAD.N,SELL,5475,42.0977,A-247,CLIENT-47,XLON
T-0001728,O-0001728,2026-08-25T09:54:28.800000Z,MEGA.O,BUY,5502,42.1002,A-248,CLIENT-48,XLON
T-0001729,O-0001729,2026-08-25T09:54:29.650000Z,LIQD.P,SELL,5618,42.0978,A-249,CLIENT-49,XLON
T-0001730,O-0001730,2026-08-25T09:54:30.500000Z,NOVA.L,BUY,5000,42.0917,A-104,CLIENT-LINKED,XLON
T-0001731,O-0001731,2026-08-25T09:54:31.350000Z,NOVA.L,SELL,5001,42.0926,A-882,CLIENT-LINKED,XLON
T-0001732,O-0001732,2026-08-25T09:54:32.200000Z,NOVA.L,BUY,5002,42.1092,A-104,CLIENT-LINKED,XLON
T-0001733,O-0001733,2026-08-25T09:54:33.050000Z,NOVA.L,SELL,5003,42.1018,A-882,CLIENT-LINKED,XLON
T-0001734,O-0001734,2026-08-25T09:54:33.900000Z,LIQD.P,BUY,4925,42.1025,A-254,CLIENT-54,XLON
T-0001735,O-0001735,2026-08-25T09:54:34.750000Z,NOVA.L,SELL,4982,42.1034,A-255,CLIENT-55,XLON
T-0001736,O-0001736,2026-08-25T09:54:35.600000Z,ALTO.N,BUY,5673,42.1133,A-256,CLIENT-56,XLON
T-0001737,O-0001737,2026-08-25T09:54:36.450000Z,QUAD.N,SELL,5828,42.115,A-257,CLIENT-57,XLON
T-0001738,O-0001738,2026-08-25T09:54:37.300000Z,MEGA.O,BUY,4263,42.1175,A-258,CLIENT-58,XLON
T-0001739,O-0001739,2026-08-25T09:54:38.150000Z,LIQD.P,SELL,4897,42.1235,A-259,CLIENT-59,XLON
T-0001740,O-0001740,2026-08-25T09:54:39Z,NOVA.L,BUY,5000,42.1265,A-104,CLIENT-LINKED,XLON
T-0001741,O-0001741,2026-08-25T09:54:39.850000Z,NOVA.L,SELL,5001,42.1193,A-882,CLIENT-LINKED,XLON
T-0001742,O-0001742,2026-08-25T09:54:40.700000Z,NOVA.L,BUY,5002,42.1305,A-104,CLIENT-LINKED,XLON
T-0001743,O-0001743,2026-08-25T09:54:41.550000Z,NOVA.L,SELL,5003,42.1168,A-882,CLIENT-LINKED,XLON
T-0001744,O-0001744,2026-08-25T09:54:42.400000Z,LIQD.P,BUY,6744,42.1268,A-204,CLIENT-4,XLON
T-0001745,O-0001745,2026-08-25T09:54:43.250000Z,NOVA.L,SELL,4695,42.1398,A-205,CLIENT-5,XLON
T-0001746,O-0001746,2026-08-25T09:54:44.100000Z,ALTO.N,BUY,4219,42.1367,A-206,CLIENT-6,XLON
T-0001747,O-0001747,2026-08-25T09:54:44.950000Z,QUAD.N,SELL,6477,42.139,A-207,CLIENT-7,XLON
T-0001748,O-0001748,2026-08-25T09:54:45.800000Z,MEGA.O,BUY,5019,42.1435,A-208,CLIENT-8,XLON
T-0001749,O-0001749,2026-08-25T09:54:46.650000Z,LIQD.P,SELL,3932,42.137,A-209,CLIENT-9,XLON
T-0001750,O-0001750,2026-08-25T09:54:47.500000Z,NOVA.L,BUY,5000,42.137,A-104,CLIENT-LINKED,XLON
T-0001751,O-0001751,2026-08-25T09:54:48.350000Z,NOVA.L,SELL,5001,42.1483,A-882,CLIENT-LINKED,XLON
T-0001752,O-0001752,2026-08-25T09:54:49.200000Z,NOVA.L,BUY,5002,42.1428,A-104,CLIENT-LINKED,XLON
T-0001753,O-0001753,2026-08-25T09:54:50.050000Z,NOVA.L,SELL,5003,42.1559,A-882,CLIENT-LINKED,XLON
T-0001754,O-0001754,2026-08-25T09:54:50.900000Z,LIQD.P,BUY,4770,42.1422,A-214,CLIENT-14,XLON
T-0001755,O-0001755,2026-08-25T09:54:51.750000Z,NOVA.L,SELL,6208,42.1538,A-215,CLIENT-15,XLON
T-0001756,O-0001756,2026-08-25T09:54:52.600000Z,ALTO.N,BUY,6711,42.1542,A-216,CLIENT-16,XLON
T-0001757,O-0001757,2026-08-25T09:54:53.450000Z,QUAD.N,SELL,5553,42.1473,A-217,CLIENT-17,XLON
T-0001758,O-0001758,2026-08-25T09:54:54.300000Z,MEGA.O,BUY,4370,42.1617,A-218,CLIENT-18,XLON
T-0001759,O-0001759,2026-08-25T09:54:55.150000Z,LIQD.P,SELL,4647,42.1641,A-219,CLIENT-19,XLON
T-0001760,O-0001760,2026-08-25T09:54:56Z,NOVA.L,BUY,5000,42.0014,A-104,CLIENT-LINKED,XLON
T-0001761,O-0001761,2026-08-25T09:54:56.850000Z,NOVA.L,SELL,5001,42.0026,A-882,CLIENT-LINKED,XLON
T-0001762,O-0001762,2026-08-25T09:54:57.700000Z,NOVA.L,BUY,5002,42.0059,A-104,CLIENT-LINKED,XLON
T-0001763,O-0001763,2026-08-25T09:54:58.550000Z,NOVA.L,SELL,5003,41.9994,A-882,CLIENT-LINKED,XLON
T-0001764,O-0001764,2026-08-25T09:54:59.400000Z,LIQD.P,BUY,6683,42.0039,A-224,CLIENT-24,XLON
T-0001765,O-0001765,2026-08-25T09:55:00.250000Z,NOVA.L,SELL,6145,42.0053,A-225,CLIENT-25,XLON
T-0001766,O-0001766,2026-08-25T09:55:01.100000Z,ALTO.N,BUY,5907,42.0217,A-226,CLIENT-26,XLON
T-0001767,O-0001767,2026-08-25T09:55:01.950000Z,QUAD.N,SELL,6582,42.0203,A-227,CLIENT-27,XLON
T-0001768,O-0001768,2026-08-25T09:55:02.800000Z,MEGA.O,BUY,4355,42.0253,A-228,CLIENT-28,XLON
T-0001769,O-0001769,2026-08-25T09:55:03.650000Z,LIQD.P,SELL,5485,42.0264,A-229,CLIENT-29,XLON
T-0001770,O-0001770,2026-08-25T09:55:04.500000Z,NOVA.L,BUY,5000,42.0298,A-104,CLIENT-LINKED,XLON
T-0001771,O-0001771,2026-08-25T09:55:05.350000Z,NOVA.L,SELL,5001,42.0293,A-882,CLIENT-LINKED,XLON
T-0001772,O-0001772,2026-08-25T09:55:06.200000Z,NOVA.L,BUY,5002,42.0165,A-104,CLIENT-LINKED,XLON
T-0001773,O-0001773,2026-08-25T09:55:07.050000Z,NOVA.L,SELL,5003,42.0333,A-882,CLIENT-LINKED,XLON
T-0001774,O-0001774,2026-08-25T09:55:07.900000Z,LIQD.P,BUY,4822,42.0209,A-234,CLIENT-34,XLON
T-0001775,O-0001775,2026-08-25T09:55:08.750000Z,NOVA.L,SELL,5119,42.0366,A-235,CLIENT-35,XLON
T-0001776,O-0001776,2026-08-25T09:55:09.600000Z,ALTO.N,BUY,6569,42.0299,A-236,CLIENT-36,XLON
T-0001777,O-0001777,2026-08-25T09:55:10.450000Z,QUAD.N,SELL,4382,42.0355,A-237,CLIENT-37,XLON
T-0001778,O-0001778,2026-08-25T09:55:11.300000Z,MEGA.O,BUY,4900,42.0386,A-238,CLIENT-38,XLON
T-0001779,O-0001779,2026-08-25T09:55:12.150000Z,LIQD.P,SELL,5336,42.037,A-239,CLIENT-39,XLON
T-0001780,O-0001780,2026-08-25T09:55:13Z,NOVA.L,BUY,5000,42.0427,A-104,CLIENT-LINKED,XLON
T-0001781,O-0001781,2026-08-25T09:55:13.850000Z,NOVA.L,SELL,5001,42.0496,A-882,CLIENT-LINKED,XLON
T-0001782,O-0001782,2026-08-25T09:55:14.700000Z,NOVA.L,BUY,5002,42.0359,A-104,CLIENT-LINKED,XLON
T-0001783,O-0001783,2026-08-25T09:55:15.550000Z,NOVA.L,SELL,5003,42.0463,A-882,CLIENT-LINKED,XLON
T-0001784,O-0001784,2026-08-25T09:55:16.400000Z,LIQD.P,BUY,4939,42.0519,A-244,CLIENT-44,XLON
T-0001785,O-0001785,2026-08-25T09:55:17.250000Z,NOVA.L,SELL,5311,42.0491,A-245,CLIENT-45,XLON
T-0001786,O-0001786,2026-08-25T09:55:18.100000Z,ALTO.N,BUY,5799,42.0485,A-246,CLIENT-46,XLON
T-0001787,O-0001787,2026-08-25T09:55:18.950000Z,QUAD.N,SELL,3810,42.0614,A-247,CLIENT-47,XLON
T-0001788,O-0001788,2026-08-25T09:55:19.800000Z,MEGA.O,BUY,4181,42.0606,A-248,CLIENT-48,XLON
T-0001789,O-0001789,2026-08-25T09:55:20.650000Z,LIQD.P,SELL,5677,42.0607,A-249,CLIENT-49,XLON
T-0001790,O-0001790,2026-08-25T09:55:21.500000Z,NOVA.L,BUY,5000,42.0639,A-104,CLIENT-LINKED,XLON
T-0001791,O-0001791,2026-08-25T09:55:22.350000Z,NOVA.L,SELL,5001,42.069,A-882,CLIENT-LINKED,XLON
T-0001792,O-0001792,2026-08-25T09:55:23.200000Z,NOVA.L,BUY,5002,42.0699,A-104,CLIENT-LINKED,XLON
T-0001793,O-0001793,2026-08-25T09:55:24.050000Z,NOVA.L,SELL,5003,42.064,A-882,CLIENT-LINKED,XLON
T-0001794,O-0001794,2026-08-25T09:55:24.900000Z,LIQD.P,BUY,5559,42.0745,A-254,CLIENT-54,XLON
T-0001795,O-0001795,2026-08-25T09:55:25.750000Z,NOVA.L,SELL,5826,42.0654,A-255,CLIENT-55,XLON
T-0001796,O-0001796,2026-08-25T09:55:26.600000Z,ALTO.N,BUY,4961,42.0688,A-256,CLIENT-56,XLON
T-0001797,O-0001797,2026-08-25T09:55:27.450000Z,QUAD.N,SELL,6167,42.0666,A-257,CLIENT-57,XLON
T-0001798,O-0001798,2026-08-25T09:55:28.300000Z,MEGA.O,BUY,5787,42.0818,A-258,CLIENT-58,XLON
T-0001799,O-0001799,2026-08-25T09:55:29.150000Z,LIQD.P,SELL,6595,42.0832,A-259,CLIENT-59,XLON
T-0001800,O-0001800,2026-08-25T09:55:30Z,NOVA.L,BUY,5000,42.0709,A-104,CLIENT-LINKED,XLON
T-0001801,O-0001801,2026-08-25T09:55:30.850000Z,NOVA.L,SELL,5001,42.0845,A-882,CLIENT-LINKED,XLON
T-0001802,O-0001802,2026-08-25T09:55:31.700000Z,NOVA.L,BUY,5002,42.0907,A-104,CLIENT-LINKED,XLON
T-0001803,O-0001803,2026-08-25T09:55:32.550000Z,NOVA.L,SELL,5003,42.0763,A-882,CLIENT-LINKED,XLON
T-0001804,O-0001804,2026-08-25T09:55:33.400000Z,LIQD.P,BUY,4447,42.0868,A-204,CLIENT-4,XLON
T-0001805,O-0001805,2026-08-25T09:55:34.250000Z,NOVA.L,SELL,3802,42.0998,A-205,CLIENT-5,XLON
T-0001806,O-0001806,2026-08-25T09:55:35.100000Z,ALTO.N,BUY,5552,42.086,A-206,CLIENT-6,XLON
T-0001807,O-0001807,2026-08-25T09:55:35.950000Z,QUAD.N,SELL,6620,42.1022,A-207,CLIENT-7,XLON
T-0001808,O-0001808,2026-08-25T09:55:36.800000Z,MEGA.O,BUY,6462,42.092,A-208,CLIENT-8,XLON
T-0001809,O-0001809,2026-08-25T09:55:37.650000Z,LIQD.P,SELL,4922,42.0899,A-209,CLIENT-9,XLON
T-0001810,O-0001810,2026-08-25T09:55:38.500000Z,NOVA.L,BUY,5000,42.0972,A-104,CLIENT-LINKED,XLON
T-0001811,O-0001811,2026-08-25T09:55:39.350000Z,NOVA.L,SELL,5001,42.0936,A-882,CLIENT-LINKED,XLON
T-0001812,O-0001812,2026-08-25T09:55:40.200000Z,NOVA.L,BUY,5002,42.1073,A-104,CLIENT-LINKED,XLON
T-0001813,O-0001813,2026-08-25T09:55:41.050000Z,NOVA.L,SELL,5003,42.109,A-882,CLIENT-LINKED,XLON
T-0001814,O-0001814,2026-08-25T09:55:41.900000Z,LIQD.P,BUY,4012,42.1059,A-214,CLIENT-14,XLON
T-0001815,O-0001815,2026-08-25T09:55:42.750000Z,NOVA.L,SELL,5051,42.1145,A-215,CLIENT-15,XLON
T-0001816,O-0001816,2026-08-25T09:55:43.600000Z,ALTO.N,BUY,4759,42.1106,A-216,CLIENT-16,XLON
T-0001817,O-0001817,2026-08-25T09:55:44.450000Z,QUAD.N,SELL,4173,42.1181,A-217,CLIENT-17,XLON
T-0001818,O-0001818,2026-08-25T09:55:45.300000Z,MEGA.O,BUY,3804,42.1103,A-218,CLIENT-18,XLON
T-0001819,O-0001819,2026-08-25T09:55:46.150000Z,LIQD.P,SELL,4119,42.1107,A-219,CLIENT-19,XLON
T-0001820,O-0001820,2026-08-25T09:55:47Z,NOVA.L,BUY,5000,42.1145,A-104,CLIENT-LINKED,XLON
T-0001821,O-0001821,2026-08-25T09:55:47.850000Z,NOVA.L,SELL,5001,42.1256,A-882,CLIENT-LINKED,XLON
T-0001822,O-0001822,2026-08-25T09:55:48.700000Z,NOVA.L,BUY,5002,42.1142,A-104,CLIENT-LINKED,XLON
T-0001823,O-0001823,2026-08-25T09:55:49.550000Z,NOVA.L,SELL,5003,42.1299,A-882,CLIENT-LINKED,XLON
T-0001824,O-0001824,2026-08-25T09:55:50.400000Z,LIQD.P,BUY,4293,42.1378,A-224,CLIENT-24,XLON
T-0001825,O-0001825,2026-08-25T09:55:51.250000Z,NOVA.L,SELL,5529,42.1339,A-225,CLIENT-25,XLON
T-0001826,O-0001826,2026-08-25T09:55:52.100000Z,ALTO.N,BUY,5756,42.1234,A-226,CLIENT-26,XLON
T-0001827,O-0001827,2026-08-25T09:55:52.950000Z,QUAD.N,SELL,5369,42.1258,A-227,CLIENT-27,XLON
T-0001828,O-0001828,2026-08-25T09:55:53.800000Z,MEGA.O,BUY,4219,42.1281,A-228,CLIENT-28,XLON
T-0001829,O-0001829,2026-08-25T09:55:54.650000Z,LIQD.P,SELL,5305,42.1456,A-229,CLIENT-29,XLON
T-0001830,O-0001830,2026-08-25T09:55:55.500000Z,NOVA.L,BUY,5000,42.1327,A-104,CLIENT-LINKED,XLON
T-0001831,O-0001831,2026-08-25T09:55:56.350000Z,NOVA.L,SELL,5001,42.1475,A-882,CLIENT-LINKED,XLON
T-0001832,O-0001832,2026-08-25T09:55:57.200000Z,NOVA.L,BUY,5002,42.1491,A-104,CLIENT-LINKED,XLON
T-0001833,O-0001833,2026-08-25T09:55:58.050000Z,NOVA.L,SELL,5003,42.1387,A-882,CLIENT-LINKED,XLON
T-0001834,O-0001834,2026-08-25T09:55:58.900000Z,LIQD.P,BUY,6573,42.1409,A-234,CLIENT-34,XLON
T-0001835,O-0001835,2026-08-25T09:55:59.750000Z,NOVA.L,SELL,5972,42.1513,A-235,CLIENT-35,XLON
T-0001836,O-0001836,2026-08-25T09:56:00.600000Z,ALTO.N,BUY,6299,42.155,A-236,CLIENT-36,XLON
T-0001837,O-0001837,2026-08-25T09:56:01.450000Z,QUAD.N,SELL,5602,42.151,A-237,CLIENT-37,XLON
T-0001838,O-0001838,2026-08-25T09:56:02.300000Z,MEGA.O,BUY,4672,42.1586,A-238,CLIENT-38,XLON
T-0001839,O-0001839,2026-08-25T09:56:03.150000Z,LIQD.P,SELL,4420,42.1664,A-239,CLIENT-39,XLON
T-0001840,O-0001840,2026-08-25T09:56:04Z,NOVA.L,BUY,5000,42.0023,A-104,CLIENT-LINKED,XLON
T-0001841,O-0001841,2026-08-25T09:56:04.850000Z,NOVA.L,SELL,5001,42.0008,A-882,CLIENT-LINKED,XLON
T-0001842,O-0001842,2026-08-25T09:56:05.700000Z,NOVA.L,BUY,5002,41.9983,A-104,CLIENT-LINKED,XLON
T-0001843,O-0001843,2026-08-25T09:56:06.550000Z,NOVA.L,SELL,5003,42.0139,A-882,CLIENT-LINKED,XLON
T-0001844,O-0001844,2026-08-25T09:56:07.400000Z,LIQD.P,BUY,4373,42.013,A-244,CLIENT-44,XLON
T-0001845,O-0001845,2026-08-25T09:56:08.250000Z,NOVA.L,SELL,6214,42.0146,A-245,CLIENT-45,XLON
T-0001846,O-0001846,2026-08-25T09:56:09.100000Z,ALTO.N,BUY,5239,42.0213,A-246,CLIENT-46,XLON
T-0001847,O-0001847,2026-08-25T09:56:09.950000Z,QUAD.N,SELL,5088,42.0198,A-247,CLIENT-47,XLON
T-0001848,O-0001848,2026-08-25T09:56:10.800000Z,MEGA.O,BUY,4814,42.0115,A-248,CLIENT-48,XLON
T-0001849,O-0001849,2026-08-25T09:56:11.650000Z,LIQD.P,SELL,4145,42.013,A-249,CLIENT-49,XLON
T-0001850,O-0001850,2026-08-25T09:56:12.500000Z,NOVA.L,BUY,5000,42.022,A-104,CLIENT-LINKED,XLON
T-0001851,O-0001851,2026-08-25T09:56:13.350000Z,NOVA.L,SELL,5001,42.0264,A-882,CLIENT-LINKED,XLON
T-0001852,O-0001852,2026-08-25T09:56:14.200000Z,NOVA.L,BUY,5002,42.0197,A-104,CLIENT-LINKED,XLON
T-0001853,O-0001853,2026-08-25T09:56:15.050000Z,NOVA.L,SELL,5003,42.0348,A-882,CLIENT-LINKED,XLON
T-0001854,O-0001854,2026-08-25T09:56:15.900000Z,LIQD.P,BUY,3909,42.035,A-254,CLIENT-54,XLON
T-0001855,O-0001855,2026-08-25T09:56:16.750000Z,NOVA.L,SELL,6496,42.0375,A-255,CLIENT-55,XLON
T-0001856,O-0001856,2026-08-25T09:56:17.600000Z,ALTO.N,BUY,4641,42.0324,A-256,CLIENT-56,XLON
T-0001857,O-0001857,2026-08-25T09:56:18.450000Z,QUAD.N,SELL,5887,42.0278,A-257,CLIENT-57,XLON
T-0001858,O-0001858,2026-08-25T09:56:19.300000Z,MEGA.O,BUY,5404,42.0319,A-258,CLIENT-58,XLON
T-0001859,O-0001859,2026-08-25T09:56:20.150000Z,LIQD.P,SELL,4023,42.0437,A-259,CLIENT-59,XLON
T-0001860,O-0001860,2026-08-25T09:56:21Z,NOVA.L,BUY,5000,42.0459,A-104,CLIENT-LINKED,XLON
T-0001861,O-0001861,2026-08-25T09:56:21.850000Z,NOVA.L,SELL,5001,42.0368,A-882,CLIENT-LINKED,XLON
T-0001862,O-0001862,2026-08-25T09:56:22.700000Z,NOVA.L,BUY,5002,42.0417,A-104,CLIENT-LINKED,XLON
T-0001863,O-0001863,2026-08-25T09:56:23.550000Z,NOVA.L,SELL,5003,42.0408,A-882,CLIENT-LINKED,XLON
T-0001864,O-0001864,2026-08-25T09:56:24.400000Z,LIQD.P,BUY,6413,42.0499,A-204,CLIENT-4,XLON
T-0001865,O-0001865,2026-08-25T09:56:25.250000Z,NOVA.L,SELL,5963,42.0578,A-205,CLIENT-5,XLON
T-0001866,O-0001866,2026-08-25T09:56:26.100000Z,ALTO.N,BUY,3849,42.0617,A-206,CLIENT-6,XLON
T-0001867,O-0001867,2026-08-25T09:56:26.950000Z,QUAD.N,SELL,5096,42.0466,A-207,CLIENT-7,XLON
T-0001868,O-0001868,2026-08-25T09:56:27.800000Z,MEGA.O,BUY,6128,42.0544,A-208,CLIENT-8,XLON
T-0001869,O-0001869,2026-08-25T09:56:28.650000Z,LIQD.P,SELL,6037,42.0617,A-209,CLIENT-9,XLON
T-0001870,O-0001870,2026-08-25T09:56:29.500000Z,NOVA.L,BUY,5000,42.0653,A-104,CLIENT-LINKED,XLON
T-0001871,O-0001871,2026-08-25T09:56:30.350000Z,NOVA.L,SELL,5001,42.0711,A-882,CLIENT-LINKED,XLON
T-0001872,O-0001872,2026-08-25T09:56:31.200000Z,NOVA.L,BUY,5002,42.0694,A-104,CLIENT-LINKED,XLON
T-0001873,O-0001873,2026-08-25T09:56:32.050000Z,NOVA.L,SELL,5003,42.0563,A-882,CLIENT-LINKED,XLON
T-0001874,O-0001874,2026-08-25T09:56:32.900000Z,LIQD.P,BUY,4076,42.0583,A-214,CLIENT-14,XLON
T-0001875,O-0001875,2026-08-25T09:56:33.750000Z,NOVA.L,SELL,4683,42.0608,A-215,CLIENT-15,XLON
T-0001876,O-0001876,2026-08-25T09:56:34.600000Z,ALTO.N,BUY,4047,42.081,A-216,CLIENT-16,XLON
T-0001877,O-0001877,2026-08-25T09:56:35.450000Z,QUAD.N,SELL,5430,42.0741,A-217,CLIENT-17,XLON
T-0001878,O-0001878,2026-08-25T09:56:36.300000Z,MEGA.O,BUY,6374,42.0803,A-218,CLIENT-18,XLON
T-0001879,O-0001879,2026-08-25T09:56:37.150000Z,LIQD.P,SELL,5501,42.0765,A-219,CLIENT-19,XLON
T-0001880,O-0001880,2026-08-25T09:56:38Z,NOVA.L,BUY,5000,42.078,A-104,CLIENT-LINKED,XLON
T-0001881,O-0001881,2026-08-25T09:56:38.850000Z,NOVA.L,SELL,5001,42.0848,A-882,CLIENT-LINKED,XLON
T-0001882,O-0001882,2026-08-25T09:56:39.700000Z,NOVA.L,BUY,5002,42.0848,A-104,CLIENT-LINKED,XLON
T-0001883,O-0001883,2026-08-25T09:56:40.550000Z,NOVA.L,SELL,5003,42.0791,A-882,CLIENT-LINKED,XLON
T-0001884,O-0001884,2026-08-25T09:56:41.400000Z,LIQD.P,BUY,4142,42.0842,A-224,CLIENT-24,XLON
T-0001885,O-0001885,2026-08-25T09:56:42.250000Z,NOVA.L,SELL,5894,42.0984,A-225,CLIENT-25,XLON
T-0001886,O-0001886,2026-08-25T09:56:43.100000Z,ALTO.N,BUY,4436,42.0927,A-226,CLIENT-26,XLON
T-0001887,O-0001887,2026-08-25T09:56:43.950000Z,QUAD.N,SELL,5400,42.0957,A-227,CLIENT-27,XLON
T-0001888,O-0001888,2026-08-25T09:56:44.800000Z,MEGA.O,BUY,6461,42.0996,A-228,CLIENT-28,XLON
T-0001889,O-0001889,2026-08-25T09:56:45.650000Z,LIQD.P,SELL,4070,42.0942,A-229,CLIENT-29,XLON
T-0001890,O-0001890,2026-08-25T09:56:46.500000Z,NOVA.L,BUY,5000,42.0987,A-104,CLIENT-LINKED,XLON
T-0001891,O-0001891,2026-08-25T09:56:47.350000Z,NOVA.L,SELL,5001,42.1111,A-882,CLIENT-LINKED,XLON
T-0001892,O-0001892,2026-08-25T09:56:48.200000Z,NOVA.L,BUY,5002,42.0988,A-104,CLIENT-LINKED,XLON
T-0001893,O-0001893,2026-08-25T09:56:49.050000Z,NOVA.L,SELL,5003,42.1009,A-882,CLIENT-LINKED,XLON
T-0001894,O-0001894,2026-08-25T09:56:49.900000Z,LIQD.P,BUY,5579,42.1003,A-234,CLIENT-34,XLON
T-0001895,O-0001895,2026-08-25T09:56:50.750000Z,NOVA.L,SELL,6307,42.1122,A-235,CLIENT-35,XLON
T-0001896,O-0001896,2026-08-25T09:56:51.600000Z,ALTO.N,BUY,5066,42.1153,A-236,CLIENT-36,XLON
T-0001897,O-0001897,2026-08-25T09:56:52.450000Z,QUAD.N,SELL,6495,42.1188,A-237,CLIENT-37,XLON
T-0001898,O-0001898,2026-08-25T09:56:53.300000Z,MEGA.O,BUY,4289,42.1063,A-238,CLIENT-38,XLON
T-0001899,O-0001899,2026-08-25T09:56:54.150000Z,LIQD.P,SELL,4362,42.122,A-239,CLIENT-39,XLON
T-0001900,O-0001900,2026-08-25T09:56:55Z,NOVA.L,BUY,5000,42.1133,A-104,CLIENT-LINKED,XLON
T-0001901,O-0001901,2026-08-25T09:56:55.850000Z,NOVA.L,SELL,5001,42.1311,A-882,CLIENT-LINKED,XLON
T-0001902,O-0001902,2026-08-25T09:56:56.700000Z,NOVA.L,BUY,5002,42.1245,A-104,CLIENT-LINKED,XLON
T-0001903,O-0001903,2026-08-25T09:56:57.550000Z,NOVA.L,SELL,5003,42.1317,A-882,CLIENT-LINKED,XLON
T-0001904,O-0001904,2026-08-25T09:56:58.400000Z,LIQD.P,BUY,6752,42.1232,A-244,CLIENT-44,XLON
T-0001905,O-0001905,2026-08-25T09:56:59.250000Z,NOVA.L,SELL,5323,42.1225,A-245,CLIENT-45,XLON
T-0001906,O-0001906,2026-08-25T09:57:00.100000Z,ALTO.N,BUY,4900,42.1367,A-246,CLIENT-46,XLON
T-0001907,O-0001907,2026-08-25T09:57:00.950000Z,QUAD.N,SELL,4283,42.1394,A-247,CLIENT-47,XLON
T-0001908,O-0001908,2026-08-25T09:57:01.800000Z,MEGA.O,BUY,3920,42.1327,A-248,CLIENT-48,XLON
T-0001909,O-0001909,2026-08-25T09:57:02.650000Z,LIQD.P,SELL,5558,42.1334,A-249,CLIENT-49,XLON
T-0001910,O-0001910,2026-08-25T09:57:03.500000Z,NOVA.L,BUY,5000,42.1313,A-104,CLIENT-LINKED,XLON
T-0001911,O-0001911,2026-08-25T09:57:04.350000Z,NOVA.L,SELL,5001,42.1462,A-882,CLIENT-LINKED,XLON
T-0001912,O-0001912,2026-08-25T09:57:05.200000Z,NOVA.L,BUY,5002,42.1455,A-104,CLIENT-LINKED,XLON
T-0001913,O-0001913,2026-08-25T09:57:06.050000Z,NOVA.L,SELL,5003,42.1375,A-882,CLIENT-LINKED,XLON
T-0001914,O-0001914,2026-08-25T09:57:06.900000Z,LIQD.P,BUY,5664,42.1482,A-254,CLIENT-54,XLON
T-0001915,O-0001915,2026-08-25T09:57:07.750000Z,NOVA.L,SELL,4027,42.15,A-255,CLIENT-55,XLON
T-0001916,O-0001916,2026-08-25T09:57:08.600000Z,ALTO.N,BUY,6121,42.1453,A-256,CLIENT-56,XLON
T-0001917,O-0001917,2026-08-25T09:57:09.450000Z,QUAD.N,SELL,4444,42.1491,A-257,CLIENT-57,XLON
T-0001918,O-0001918,2026-08-25T09:57:10.300000Z,MEGA.O,BUY,4221,42.1639,A-258,CLIENT-58,XLON
T-0001919,O-0001919,2026-08-25T09:57:11.150000Z,LIQD.P,SELL,6561,42.1625,A-259,CLIENT-59,XLON
T-0001920,O-0001920,2026-08-25T09:57:12Z,NOVA.L,BUY,5000,41.9946,A-104,CLIENT-LINKED,XLON
T-0001921,O-0001921,2026-08-25T09:57:12.850000Z,NOVA.L,SELL,5001,42.0022,A-882,CLIENT-LINKED,XLON
T-0001922,O-0001922,2026-08-25T09:57:13.700000Z,NOVA.L,BUY,5002,41.9949,A-104,CLIENT-LINKED,XLON
T-0001923,O-0001923,2026-08-25T09:57:14.550000Z,NOVA.L,SELL,5003,42.0133,A-882,CLIENT-LINKED,XLON
T-0001924,O-0001924,2026-08-25T09:57:15.400000Z,LIQD.P,BUY,4801,41.9989,A-204,CLIENT-4,XLON
T-0001925,O-0001925,2026-08-25T09:57:16.250000Z,NOVA.L,SELL,5290,42.0077,A-205,CLIENT-5,XLON
T-0001926,O-0001926,2026-08-25T09:57:17.100000Z,ALTO.N,BUY,4414,42.0056,A-206,CLIENT-6,XLON
T-0001927,O-0001927,2026-08-25T09:57:17.950000Z,QUAD.N,SELL,3944,42.0151,A-207,CLIENT-7,XLON
T-0001928,O-0001928,2026-08-25T09:57:18.800000Z,MEGA.O,BUY,6724,42.0208,A-208,CLIENT-8,XLON
T-0001929,O-0001929,2026-08-25T09:57:19.650000Z,LIQD.P,SELL,5517,42.0125,A-209,CLIENT-9,XLON
T-0001930,O-0001930,2026-08-25T09:57:20.500000Z,NOVA.L,BUY,5000,42.015,A-104,CLIENT-LINKED,XLON
T-0001931,O-0001931,2026-08-25T09:57:21.350000Z,NOVA.L,SELL,5001,42.0303,A-882,CLIENT-LINKED,XLON
T-0001932,O-0001932,2026-08-25T09:57:22.200000Z,NOVA.L,BUY,5002,42.0204,A-104,CLIENT-LINKED,XLON
T-0001933,O-0001933,2026-08-25T09:57:23.050000Z,NOVA.L,SELL,5003,42.0325,A-882,CLIENT-LINKED,XLON
T-0001934,O-0001934,2026-08-25T09:57:23.900000Z,LIQD.P,BUY,6141,42.0255,A-214,CLIENT-14,XLON
T-0001935,O-0001935,2026-08-25T09:57:24.750000Z,NOVA.L,SELL,5856,42.0335,A-215,CLIENT-15,XLON
T-0001936,O-0001936,2026-08-25T09:57:25.600000Z,ALTO.N,BUY,4015,42.0256,A-216,CLIENT-16,XLON
T-0001937,O-0001937,2026-08-25T09:57:26.450000Z,QUAD.N,SELL,5912,42.0436,A-217,CLIENT-17,XLON
T-0001938,O-0001938,2026-08-25T09:57:27.300000Z,MEGA.O,BUY,5442,42.0274,A-218,CLIENT-18,XLON
T-0001939,O-0001939,2026-08-25T09:57:28.150000Z,LIQD.P,SELL,5705,42.0453,A-219,CLIENT-19,XLON
T-0001940,O-0001940,2026-08-25T09:57:29Z,NOVA.L,BUY,5000,42.0455,A-104,CLIENT-LINKED,XLON
T-0001941,O-0001941,2026-08-25T09:57:29.850000Z,NOVA.L,SELL,5001,42.0382,A-882,CLIENT-LINKED,XLON
T-0001942,O-0001942,2026-08-25T09:57:30.700000Z,NOVA.L,BUY,5002,42.0357,A-104,CLIENT-LINKED,XLON
T-0001943,O-0001943,2026-08-25T09:57:31.550000Z,NOVA.L,SELL,5003,42.0451,A-882,CLIENT-LINKED,XLON
T-0001944,O-0001944,2026-08-25T09:57:32.400000Z,LIQD.P,BUY,5311,42.042,A-224,CLIENT-24,XLON
T-0001945,O-0001945,2026-08-25T09:57:33.250000Z,NOVA.L,SELL,6109,42.0557,A-225,CLIENT-25,XLON
T-0001946,O-0001946,2026-08-25T09:57:34.100000Z,ALTO.N,BUY,6350,42.0469,A-226,CLIENT-26,XLON
T-0001947,O-0001947,2026-08-25T09:57:34.950000Z,QUAD.N,SELL,5308,42.0558,A-227,CLIENT-27,XLON
T-0001948,O-0001948,2026-08-25T09:57:35.800000Z,MEGA.O,BUY,5820,42.066,A-228,CLIENT-28,XLON
T-0001949,O-0001949,2026-08-25T09:57:36.650000Z,LIQD.P,SELL,4600,42.0626,A-229,CLIENT-29,XLON
T-0001950,O-0001950,2026-08-25T09:57:37.500000Z,NOVA.L,BUY,5000,42.0609,A-104,CLIENT-LINKED,XLON
T-0001951,O-0001951,2026-08-25T09:57:38.350000Z,NOVA.L,SELL,5001,42.0679,A-882,CLIENT-LINKED,XLON
T-0001952,O-0001952,2026-08-25T09:57:39.200000Z,NOVA.L,BUY,5002,42.057,A-104,CLIENT-LINKED,XLON
T-0001953,O-0001953,2026-08-25T09:57:40.050000Z,NOVA.L,SELL,5003,42.0746,A-882,CLIENT-LINKED,XLON
T-0001954,O-0001954,2026-08-25T09:57:40.900000Z,LIQD.P,BUY,3897,42.0627,A-234,CLIENT-34,XLON
T-0001955,O-0001955,2026-08-25T09:57:41.750000Z,NOVA.L,SELL,5218,42.0727,A-235,CLIENT-35,XLON
T-0001956,O-0001956,2026-08-25T09:57:42.600000Z,ALTO.N,BUY,6640,42.0795,A-236,CLIENT-36,XLON
T-0001957,O-0001957,2026-08-25T09:57:43.450000Z,QUAD.N,SELL,5172,42.064,A-237,CLIENT-37,XLON
T-0001958,O-0001958,2026-08-25T09:57:44.300000Z,MEGA.O,BUY,6492,42.0735,A-238,CLIENT-38,XLON
T-0001959,O-0001959,2026-08-25T09:57:45.150000Z,LIQD.P,SELL,6778,42.0742,A-239,CLIENT-39,XLON
T-0001960,O-0001960,2026-08-25T09:57:46Z,NOVA.L,BUY,5000,42.0741,A-104,CLIENT-LINKED,XLON
T-0001961,O-0001961,2026-08-25T09:57:46.850000Z,NOVA.L,SELL,5001,42.0917,A-882,CLIENT-LINKED,XLON
T-0001962,O-0001962,2026-08-25T09:57:47.700000Z,NOVA.L,BUY,5002,42.0824,A-104,CLIENT-LINKED,XLON
T-0001963,O-0001963,2026-08-25T09:57:48.550000Z,NOVA.L,SELL,5003,42.0952,A-882,CLIENT-LINKED,XLON
T-0001964,O-0001964,2026-08-25T09:57:49.400000Z,LIQD.P,BUY,4383,42.0922,A-244,CLIENT-44,XLON
T-0001965,O-0001965,2026-08-25T09:57:50.250000Z,NOVA.L,SELL,4181,42.0809,A-245,CLIENT-45,XLON
T-0001966,O-0001966,2026-08-25T09:57:51.100000Z,ALTO.N,BUY,4748,42.0999,A-246,CLIENT-46,XLON
T-0001967,O-0001967,2026-08-25T09:57:51.950000Z,QUAD.N,SELL,5928,42.0923,A-247,CLIENT-47,XLON
T-0001968,O-0001968,2026-08-25T09:57:52.800000Z,MEGA.O,BUY,5325,42.0952,A-248,CLIENT-48,XLON
T-0001969,O-0001969,2026-08-25T09:57:53.650000Z,LIQD.P,SELL,4147,42.0996,A-249,CLIENT-49,XLON
T-0001970,O-0001970,2026-08-25T09:57:54.500000Z,NOVA.L,BUY,5000,42.1001,A-104,CLIENT-LINKED,XLON
T-0001971,O-0001971,2026-08-25T09:57:55.350000Z,NOVA.L,SELL,5001,42.1047,A-882,CLIENT-LINKED,XLON
T-0001972,O-0001972,2026-08-25T09:57:56.200000Z,NOVA.L,BUY,5002,42.1019,A-104,CLIENT-LINKED,XLON
T-0001973,O-0001973,2026-08-25T09:57:57.050000Z,NOVA.L,SELL,5003,42.1078,A-882,CLIENT-LINKED,XLON
T-0001974,O-0001974,2026-08-25T09:57:57.900000Z,LIQD.P,BUY,4055,42.1067,A-254,CLIENT-54,XLON
T-0001975,O-0001975,2026-08-25T09:57:58.750000Z,NOVA.L,SELL,4335,42.1047,A-255,CLIENT-55,XLON
T-0001976,O-0001976,2026-08-25T09:57:59.600000Z,ALTO.N,BUY,4869,42.119,A-256,CLIENT-56,XLON
T-0001977,O-0001977,2026-08-25T09:58:00.450000Z,QUAD.N,SELL,5409,42.118,A-257,CLIENT-57,XLON
T-0001978,O-0001978,2026-08-25T09:58:01.300000Z,MEGA.O,BUY,5136,42.1124,A-258,CLIENT-58,XLON
T-0001979,O-0001979,2026-08-25T09:58:02.150000Z,LIQD.P,SELL,4913,42.1127,A-259,CLIENT-59,XLON
T-0001980,O-0001980,2026-08-25T09:58:03Z,NOVA.L,BUY,5000,42.1289,A-104,CLIENT-LINKED,XLON
T-0001981,O-0001981,2026-08-25T09:58:03.850000Z,NOVA.L,SELL,5001,42.1147,A-882,CLIENT-LINKED,XLON
T-0001982,O-0001982,2026-08-25T09:58:04.700000Z,NOVA.L,BUY,5002,42.1294,A-104,CLIENT-LINKED,XLON
T-0001983,O-0001983,2026-08-25T09:58:05.550000Z,NOVA.L,SELL,5003,42.1182,A-882,CLIENT-LINKED,XLON
T-0001984,O-0001984,2026-08-25T09:58:06.400000Z,LIQD.P,BUY,4232,42.1213,A-204,CLIENT-4,XLON
T-0001985,O-0001985,2026-08-25T09:58:07.250000Z,NOVA.L,SELL,5708,42.1263,A-205,CLIENT-5,XLON
T-0001986,O-0001986,2026-08-25T09:58:08.100000Z,ALTO.N,BUY,4294,42.1327,A-206,CLIENT-6,XLON
T-0001987,O-0001987,2026-08-25T09:58:08.950000Z,QUAD.N,SELL,4650,42.133,A-207,CLIENT-7,XLON
T-0001988,O-0001988,2026-08-25T09:58:09.800000Z,MEGA.O,BUY,5697,42.1313,A-208,CLIENT-8,XLON
T-0001989,O-0001989,2026-08-25T09:58:10.650000Z,LIQD.P,SELL,4291,42.1298,A-209,CLIENT-9,XLON
T-0001990,O-0001990,2026-08-25T09:58:11.500000Z,NOVA.L,BUY,5000,42.1462,A-104,CLIENT-LINKED,XLON
T-0001991,O-0001991,2026-08-25T09:58:12.350000Z,NOVA.L,SELL,5001,42.1381,A-882,CLIENT-LINKED,XLON
T-0001992,O-0001992,2026-08-25T09:58:13.200000Z,NOVA.L,BUY,5002,42.1481,A-104,CLIENT-LINKED,XLON
T-0001993,O-0001993,2026-08-25T09:58:14.050000Z,NOVA.L,SELL,5003,42.1481,A-882,CLIENT-LINKED,XLON
T-0001994,O-0001994,2026-08-25T09:58:14.900000Z,LIQD.P,BUY,4680,42.1547,A-214,CLIENT-14,XLON
T-0001995,O-0001995,2026-08-25T09:58:15.750000Z,NOVA.L,SELL,5142,42.143,A-215,CLIENT-15,XLON
T-0001996,O-0001996,2026-08-25T09:58:16.600000Z,ALTO.N,BUY,6712,42.147,A-216,CLIENT-16,XLON
T-0001997,O-0001997,2026-08-25T09:58:17.450000Z,QUAD.N,SELL,5257,42.1519,A-217,CLIENT-17,XLON
T-0001998,O-0001998,2026-08-25T09:58:18.300000Z,MEGA.O,BUY,4000,42.1595,A-218,CLIENT-18,XLON
T-0001999,O-0001999,2026-08-25T09:58:19.150000Z,LIQD.P,SELL,4865,42.1644,A-219,CLIENT-19,XLON
T-0002000,O-0002000,2026-08-25T09:58:20Z,NOVA.L,BUY,5000,41.9935,A-104,CLIENT-LINKED,XLON
T-0002001,O-0002001,2026-08-25T09:58:20.850000Z,NOVA.L,SELL,5001,42.011,A-882,CLIENT-LINKED,XLON
T-0002002,O-0002002,2026-08-25T09:58:21.700000Z,NOVA.L,BUY,5002,42.0111,A-104,CLIENT-LINKED,XLON
T-0002003,O-0002003,2026-08-25T09:58:22.550000Z,NOVA.L,SELL,5003,42.0071,A-882,CLIENT-LINKED,XLON
T-0002004,O-0002004,2026-08-25T09:58:23.400000Z,LIQD.P,BUY,6053,42.003,A-224,CLIENT-24,XLON
T-0002005,O-0002005,2026-08-25T09:58:24.250000Z,NOVA.L,SELL,5692,42.002,A-225,CLIENT-25,XLON
T-0002006,O-0002006,2026-08-25T09:58:25.100000Z,ALTO.N,BUY,4372,42.0044,A-226,CLIENT-26,XLON
T-0002007,O-0002007,2026-08-25T09:58:25.950000Z,QUAD.N,SELL,4052,42.0206,A-227,CLIENT-27,XLON
T-0002008,O-0002008,2026-08-25T09:58:26.800000Z,MEGA.O,BUY,4710,42.0086,A-228,CLIENT-28,XLON
T-0002009,O-0002009,2026-08-25T09:58:27.650000Z,LIQD.P,SELL,5440,42.0154,A-229,CLIENT-29,XLON
T-0002010,O-0002010,2026-08-25T09:58:28.500000Z,NOVA.L,BUY,5000,42.0226,A-104,CLIENT-LINKED,XLON
T-0002011,O-0002011,2026-08-25T09:58:29.350000Z,NOVA.L,SELL,5001,42.0249,A-882,CLIENT-LINKED,XLON
T-0002012,O-0002012,2026-08-25T09:58:30.200000Z,NOVA.L,BUY,5002,42.0256,A-104,CLIENT-LINKED,XLON
T-0002013,O-0002013,2026-08-25T09:58:31.050000Z,NOVA.L,SELL,5003,42.0212,A-882,CLIENT-LINKED,XLON
T-0002014,O-0002014,2026-08-25T09:58:31.900000Z,LIQD.P,BUY,4107,42.0184,A-234,CLIENT-34,XLON
T-0002015,O-0002015,2026-08-25T09:58:32.750000Z,NOVA.L,SELL,4064,42.024,A-235,CLIENT-35,XLON
T-0002016,O-0002016,2026-08-25T09:58:33.600000Z,ALTO.N,BUY,6445,42.0309,A-236,CLIENT-36,XLON
T-0002017,O-0002017,2026-08-25T09:58:34.450000Z,QUAD.N,SELL,4327,42.0258,A-237,CLIENT-37,XLON
T-0002018,O-0002018,2026-08-25T09:58:35.300000Z,MEGA.O,BUY,5158,42.0285,A-238,CLIENT-38,XLON
T-0002019,O-0002019,2026-08-25T09:58:36.150000Z,LIQD.P,SELL,5688,42.029,A-239,CLIENT-39,XLON
T-0002020,O-0002020,2026-08-25T09:58:37Z,NOVA.L,BUY,5000,42.0485,A-104,CLIENT-LINKED,XLON
T-0002021,O-0002021,2026-08-25T09:58:37.850000Z,NOVA.L,SELL,5001,42.0407,A-882,CLIENT-LINKED,XLON
T-0002022,O-0002022,2026-08-25T09:58:38.700000Z,NOVA.L,BUY,5002,42.0485,A-104,CLIENT-LINKED,XLON
T-0002023,O-0002023,2026-08-25T09:58:39.550000Z,NOVA.L,SELL,5003,42.0459,A-882,CLIENT-LINKED,XLON
T-0002024,O-0002024,2026-08-25T09:58:40.400000Z,LIQD.P,BUY,5367,42.0517,A-244,CLIENT-44,XLON
T-0002025,O-0002025,2026-08-25T09:58:41.250000Z,NOVA.L,SELL,4507,42.0471,A-245,CLIENT-45,XLON
T-0002026,O-0002026,2026-08-25T09:58:42.100000Z,ALTO.N,BUY,4566,42.0475,A-246,CLIENT-46,XLON
T-0002027,O-0002027,2026-08-25T09:58:42.950000Z,QUAD.N,SELL,5626,42.0617,A-247,CLIENT-47,XLON
T-0002028,O-0002028,2026-08-25T09:58:43.800000Z,MEGA.O,BUY,3941,42.0583,A-248,CLIENT-48,XLON
T-0002029,O-0002029,2026-08-25T09:58:44.650000Z,LIQD.P,SELL,6327,42.0529,A-249,CLIENT-49,XLON
T-0002030,O-0002030,2026-08-25T09:58:45.500000Z,NOVA.L,BUY,5000,42.0559,A-104,CLIENT-LINKED,XLON
T-0002031,O-0002031,2026-08-25T09:58:46.350000Z,NOVA.L,SELL,5001,42.0602,A-882,CLIENT-LINKED,XLON
T-0002032,O-0002032,2026-08-25T09:58:47.200000Z,NOVA.L,BUY,5002,42.065,A-104,CLIENT-LINKED,XLON
T-0002033,O-0002033,2026-08-25T09:58:48.050000Z,NOVA.L,SELL,5003,42.0572,A-882,CLIENT-LINKED,XLON
T-0002034,O-0002034,2026-08-25T09:58:48.900000Z,LIQD.P,BUY,4945,42.0657,A-254,CLIENT-54,XLON
T-0002035,O-0002035,2026-08-25T09:58:49.750000Z,NOVA.L,SELL,5517,42.064,A-255,CLIENT-55,XLON
T-0002036,O-0002036,2026-08-25T09:58:50.600000Z,ALTO.N,BUY,5953,42.067,A-256,CLIENT-56,XLON
T-0002037,O-0002037,2026-08-25T09:58:51.450000Z,QUAD.N,SELL,6026,42.0799,A-257,CLIENT-57,XLON
T-0002038,O-0002038,2026-08-25T09:58:52.300000Z,MEGA.O,BUY,5366,42.0816,A-258,CLIENT-58,XLON
T-0002039,O-0002039,2026-08-25T09:58:53.150000Z,LIQD.P,SELL,5270,42.0776,A-259,CLIENT-59,XLON
T-0002040,O-0002040,2026-08-25T09:58:54Z,NOVA.L,BUY,5000,42.0856,A-104,CLIENT-LINKED,XLON
T-0002041,O-0002041,2026-08-25T09:58:54.850000Z,NOVA.L,SELL,5001,42.0789,A-882,CLIENT-LINKED,XLON
T-0002042,O-0002042,2026-08-25T09:58:55.700000Z,NOVA.L,BUY,5002,42.0853,A-104,CLIENT-LINKED,XLON
T-0002043,O-0002043,2026-08-25T09:58:56.550000Z,NOVA.L,SELL,5003,42.0824,A-882,CLIENT-LINKED,XLON
T-0002044,O-0002044,2026-08-25T09:58:57.400000Z,LIQD.P,BUY,4907,42.0816,A-204,CLIENT-4,XLON
T-0002045,O-0002045,2026-08-25T09:58:58.250000Z,NOVA.L,SELL,5106,42.0919,A-205,CLIENT-5,XLON
T-0002046,O-0002046,2026-08-25T09:58:59.100000Z,ALTO.N,BUY,3920,42.0999,A-206,CLIENT-6,XLON
T-0002047,O-0002047,2026-08-25T09:58:59.950000Z,QUAD.N,SELL,4950,42.0852,A-207,CLIENT-7,XLON
T-0002048,O-0002048,2026-08-25T09:59:00.800000Z,MEGA.O,BUY,5732,42.0966,A-208,CLIENT-8,XLON
T-0002049,O-0002049,2026-08-25T09:59:01.650000Z,LIQD.P,SELL,6192,42.108,A-209,CLIENT-9,XLON
T-0002050,O-0002050,2026-08-25T09:59:02.500000Z,NOVA.L,BUY,5000,42.1095,A-104,CLIENT-LINKED,XLON
T-0002051,O-0002051,2026-08-25T09:59:03.350000Z,NOVA.L,SELL,5001,42.094,A-882,CLIENT-LINKED,XLON
T-0002052,O-0002052,2026-08-25T09:59:04.200000Z,NOVA.L,BUY,5002,42.1071,A-104,CLIENT-LINKED,XLON
T-0002053,O-0002053,2026-08-25T09:59:05.050000Z,NOVA.L,SELL,5003,42.1013,A-882,CLIENT-LINKED,XLON
T-0002054,O-0002054,2026-08-25T09:59:05.900000Z,LIQD.P,BUY,4029,42.1133,A-214,CLIENT-14,XLON
T-0002055,O-0002055,2026-08-25T09:59:06.750000Z,NOVA.L,SELL,4698,42.1115,A-215,CLIENT-15,XLON
T-0002056,O-0002056,2026-08-25T09:59:07.600000Z,ALTO.N,BUY,5390,42.1091,A-216,CLIENT-16,XLON
T-0002057,O-0002057,2026-08-25T09:59:08.450000Z,QUAD.N,SELL,4511,42.1075,A-217,CLIENT-17,XLON
T-0002058,O-0002058,2026-08-25T09:59:09.300000Z,MEGA.O,BUY,6226,42.1124,A-218,CLIENT-18,XLON
T-0002059,O-0002059,2026-08-25T09:59:10.150000Z,LIQD.P,SELL,6657,42.1152,A-219,CLIENT-19,XLON
T-0002060,O-0002060,2026-08-25T09:59:11Z,NOVA.L,BUY,5000,42.1218,A-104,CLIENT-LINKED,XLON
T-0002061,O-0002061,2026-08-25T09:59:11.850000Z,NOVA.L,SELL,5001,42.1261,A-882,CLIENT-LINKED,XLON
T-0002062,O-0002062,2026-08-25T09:59:12.700000Z,NOVA.L,BUY,5002,42.121,A-104,CLIENT-LINKED,XLON
T-0002063,O-0002063,2026-08-25T09:59:13.550000Z,NOVA.L,SELL,5003,42.1274,A-882,CLIENT-LINKED,XLON
T-0002064,O-0002064,2026-08-25T09:59:14.400000Z,LIQD.P,BUY,4382,42.1293,A-224,CLIENT-24,XLON
T-0002065,O-0002065,2026-08-25T09:59:15.250000Z,NOVA.L,SELL,4571,42.1367,A-225,CLIENT-25,XLON
T-0002066,O-0002066,2026-08-25T09:59:16.100000Z,ALTO.N,BUY,5816,42.1328,A-226,CLIENT-26,XLON
T-0002067,O-0002067,2026-08-25T09:59:16.950000Z,QUAD.N,SELL,4519,42.1338,A-227,CLIENT-27,XLON
T-0002068,O-0002068,2026-08-25T09:59:17.800000Z,MEGA.O,BUY,4169,42.1271,A-228,CLIENT-28,XLON
T-0002069,O-0002069,2026-08-25T09:59:18.650000Z,LIQD.P,SELL,6264,42.1324,A-229,CLIENT-29,XLON
T-0002070,O-0002070,2026-08-25T09:59:19.500000Z,NOVA.L,BUY,5000,42.1405,A-104,CLIENT-LINKED,XLON
T-0002071,O-0002071,2026-08-25T09:59:20.350000Z,NOVA.L,SELL,5001,42.132,A-882,CLIENT-LINKED,XLON
T-0002072,O-0002072,2026-08-25T09:59:21.200000Z,NOVA.L,BUY,5002,42.1524,A-104,CLIENT-LINKED,XLON
T-0002073,O-0002073,2026-08-25T09:59:22.050000Z,NOVA.L,SELL,5003,42.14,A-882,CLIENT-LINKED,XLON
T-0002074,O-0002074,2026-08-25T09:59:22.900000Z,LIQD.P,BUY,4334,42.1448,A-234,CLIENT-34,XLON
T-0002075,O-0002075,2026-08-25T09:59:23.750000Z,NOVA.L,SELL,4526,42.1584,A-235,CLIENT-35,XLON
T-0002076,O-0002076,2026-08-25T09:59:24.600000Z,ALTO.N,BUY,5125,42.1432,A-236,CLIENT-36,XLON
T-0002077,O-0002077,2026-08-25T09:59:25.450000Z,QUAD.N,SELL,4405,42.1557,A-237,CLIENT-37,XLON
T-0002078,O-0002078,2026-08-25T09:59:26.300000Z,MEGA.O,BUY,4380,42.1615,A-238,CLIENT-38,XLON
T-0002079,O-0002079,2026-08-25T09:59:27.150000Z,LIQD.P,SELL,5955,42.1652,A-239,CLIENT-39,XLON
T-0002080,O-0002080,2026-08-25T09:59:28Z,NOVA.L,BUY,5000,42.0092,A-104,CLIENT-LINKED,XLON
T-0002081,O-0002081,2026-08-25T09:59:28.850000Z,NOVA.L,SELL,5001,41.9995,A-882,CLIENT-LINKED,XLON
T-0002082,O-0002082,2026-08-25T09:59:29.700000Z,NOVA.L,BUY,5002,42.0128,A-104,CLIENT-LINKED,XLON
T-0002083,O-0002083,2026-08-25T09:59:30.550000Z,NOVA.L,SELL,5003,42.0039,A-882,CLIENT-LINKED,XLON
T-0002084,O-0002084,2026-08-25T09:59:31.400000Z,LIQD.P,BUY,4213,42.0047,A-244,CLIENT-44,XLON
T-0002085,O-0002085,2026-08-25T09:59:32.250000Z,NOVA.L,SELL,5121,42.0027,A-245,CLIENT-45,XLON
T-0002086,O-0002086,2026-08-25T09:59:33.100000Z,ALTO.N,BUY,4445,42.0166,A-246,CLIENT-46,XLON
T-0002087,O-0002087,2026-08-25T09:59:33.950000Z,QUAD.N,SELL,5589,42.0198,A-247,CLIENT-47,XLON
T-0002088,O-0002088,2026-08-25T09:59:34.800000Z,MEGA.O,BUY,5795,42.019,A-248,CLIENT-48,XLON
T-0002089,O-0002089,2026-08-25T09:59:35.650000Z,LIQD.P,SELL,4513,42.0221,A-249,CLIENT-49,XLON
T-0002090,O-0002090,2026-08-25T09:59:36.500000Z,NOVA.L,BUY,5000,42.0212,A-104,CLIENT-LINKED,XLON
T-0002091,O-0002091,2026-08-25T09:59:37.350000Z,NOVA.L,SELL,5001,42.0298,A-882,CLIENT-LINKED,XLON
T-0002092,O-0002092,2026-08-25T09:59:38.200000Z,NOVA.L,BUY,5002,42.0263,A-104,CLIENT-LINKED,XLON
T-0002093,O-0002093,2026-08-25T09:59:39.050000Z,NOVA.L,SELL,5003,42.0231,A-882,CLIENT-LINKED,XLON
T-0002094,O-0002094,2026-08-25T09:59:39.900000Z,LIQD.P,BUY,6526,42.0298,A-254,CLIENT-54,XLON
T-0002095,O-0002095,2026-08-25T09:59:40.750000Z,NOVA.L,SELL,4518,42.0276,A-255,CLIENT-55,XLON
T-0002096,O-0002096,2026-08-25T09:59:41.600000Z,ALTO.N,BUY,6620,42.0279,A-256,CLIENT-56,XLON
T-0002097,O-0002097,2026-08-25T09:59:42.450000Z,QUAD.N,SELL,4527,42.0386,A-257,CLIENT-57,XLON
T-0002098,O-0002098,2026-08-25T09:59:43.300000Z,MEGA.O,BUY,6675,42.045,A-258,CLIENT-58,XLON
T-0002099,O-0002099,2026-08-25T09:59:44.150000Z,LIQD.P,SELL,5403,42.045,A-259,CLIENT-59,XLON
T-0002100,O-0002100,2026-08-25T09:59:45Z,NOVA.L,BUY,5000,42.0454,A-104,CLIENT-LINKED,XLON
T-0002101,O-0002101,2026-08-25T09:59:45.850000Z,NOVA.L,SELL,5001,42.0433,A-882,CLIENT-LINKED,XLON
T-0002102,O-0002102,2026-08-25T09:59:46.700000Z,NOVA.L,BUY,5002,42.0376,A-104,CLIENT-LINKED,XLON
T-0002103,O-0002103,2026-08-25T09:59:47.550000Z,NOVA.L,SELL,5003,42.0424,A-882,CLIENT-LINKED,XLON
T-0002104,O-0002104,2026-08-25T09:59:48.400000Z,LIQD.P,BUY,6304,42.0424,A-204,CLIENT-4,XLON
T-0002105,O-0002105,2026-08-25T09:59:49.250000Z,NOVA.L,SELL,6116,42.0421,A-205,CLIENT-5,XLON
T-0002106,O-0002106,2026-08-25T09:59:50.100000Z,ALTO.N,BUY,5832,42.0448,A-206,CLIENT-6,XLON
T-0002107,O-0002107,2026-08-25T09:59:50.950000Z,QUAD.N,SELL,4118,42.0488,A-207,CLIENT-7,XLON
T-0002108,O-0002108,2026-08-25T09:59:51.800000Z,MEGA.O,BUY,5108,42.0494,A-208,CLIENT-8,XLON
T-0002109,O-0002109,2026-08-25T09:59:52.650000Z,LIQD.P,SELL,4163,42.0644,A-209,CLIENT-9,XLON
T-0002110,O-0002110,2026-08-25T09:59:53.500000Z,NOVA.L,BUY,5000,42.0634,A-104,CLIENT-LINKED,XLON
T-0002111,O-0002111,2026-08-25T09:59:54.350000Z,NOVA.L,SELL,5001,42.0666,A-882,CLIENT-LINKED,XLON
T-0002112,O-0002112,2026-08-25T09:59:55.200000Z,NOVA.L,BUY,5002,42.0607,A-104,CLIENT-LINKED,XLON
T-0002113,O-0002113,2026-08-25T09:59:56.050000Z,NOVA.L,SELL,5003,42.0562,A-882,CLIENT-LINKED,XLON
T-0002114,O-0002114,2026-08-25T09:59:56.900000Z,LIQD.P,BUY,4658,42.063,A-214,CLIENT-14,XLON
T-0002115,O-0002115,2026-08-25T09:59:57.750000Z,NOVA.L,SELL,4077,42.067,A-215,CLIENT-15,XLON
T-0002116,O-0002116,2026-08-25T09:59:58.600000Z,ALTO.N,BUY,4242,42.0764,A-216,CLIENT-16,XLON
T-0002117,O-0002117,2026-08-25T09:59:59.450000Z,QUAD.N,SELL,3997,42.0717,A-217,CLIENT-17,XLON
T-0002118,O-0002118,2026-08-25T10:00:00.300000Z,MEGA.O,BUY,6800,42.0744,A-218,CLIENT-18,XLON
T-0002119,O-0002119,2026-08-25T10:00:01.150000Z,LIQD.P,SELL,4481,42.0857,A-219,CLIENT-19,XLON
T-0002120,O-0002120,2026-08-25T10:00:02Z,NOVA.L,BUY,5000,42.0799,A-104,CLIENT-LINKED,XLON
T-0002121,O-0002121,2026-08-25T10:00:02.850000Z,NOVA.L,SELL,5001,42.0796,A-882,CLIENT-LINKED,XLON
T-0002122,O-0002122,2026-08-25T10:00:03.700000Z,NOVA.L,BUY,5002,42.0849,A-104,CLIENT-LINKED,XLON
T-0002123,O-0002123,2026-08-25T10:00:04.550000Z,NOVA.L,SELL,5003,42.078,A-882,CLIENT-LINKED,XLON
T-0002124,O-0002124,2026-08-25T10:00:05.400000Z,LIQD.P,BUY,5763,42.0938,A-224,CLIENT-24,XLON
T-0002125,O-0002125,2026-08-25T10:00:06.250000Z,NOVA.L,SELL,6167,42.093,A-225,CLIENT-25,XLON
T-0002126,O-0002126,2026-08-25T10:00:07.100000Z,ALTO.N,BUY,6614,42.0865,A-226,CLIENT-26,XLON
T-0002127,O-0002127,2026-08-25T10:00:07.950000Z,QUAD.N,SELL,5648,42.0855,A-227,CLIENT-27,XLON
T-0002128,O-0002128,2026-08-25T10:00:08.800000Z,MEGA.O,BUY,3936,42.0919,A-228,CLIENT-28,XLON
T-0002129,O-0002129,2026-08-25T10:00:09.650000Z,LIQD.P,SELL,5105,42.0932,A-229,CLIENT-29,XLON
T-0002130,O-0002130,2026-08-25T10:00:10.500000Z,NOVA.L,BUY,5000,42.0921,A-104,CLIENT-LINKED,XLON
T-0002131,O-0002131,2026-08-25T10:00:11.350000Z,NOVA.L,SELL,5001,42.0988,A-882,CLIENT-LINKED,XLON
T-0002132,O-0002132,2026-08-25T10:00:12.200000Z,NOVA.L,BUY,5002,42.1118,A-104,CLIENT-LINKED,XLON
T-0002133,O-0002133,2026-08-25T10:00:13.050000Z,NOVA.L,SELL,5003,42.0992,A-882,CLIENT-LINKED,XLON
T-0002134,O-0002134,2026-08-25T10:00:13.900000Z,LIQD.P,BUY,4107,42.1089,A-234,CLIENT-34,XLON
T-0002135,O-0002135,2026-08-25T10:00:14.750000Z,NOVA.L,SELL,4181,42.1068,A-235,CLIENT-35,XLON
T-0002136,O-0002136,2026-08-25T10:00:15.600000Z,ALTO.N,BUY,6313,42.1199,A-236,CLIENT-36,XLON
T-0002137,O-0002137,2026-08-25T10:00:16.450000Z,QUAD.N,SELL,6685,42.1046,A-237,CLIENT-37,XLON
T-0002138,O-0002138,2026-08-25T10:00:17.300000Z,MEGA.O,BUY,6477,42.1093,A-238,CLIENT-38,XLON
T-0002139,O-0002139,2026-08-25T10:00:18.150000Z,LIQD.P,SELL,5578,42.1111,A-239,CLIENT-39,XLON
T-0002140,O-0002140,2026-08-25T10:00:19Z,NOVA.L,BUY,5000,42.112,A-104,CLIENT-LINKED,XLON
T-0002141,O-0002141,2026-08-25T10:00:19.850000Z,NOVA.L,SELL,5001,42.1161,A-882,CLIENT-LINKED,XLON
T-0002142,O-0002142,2026-08-25T10:00:20.700000Z,NOVA.L,BUY,5002,42.1178,A-104,CLIENT-LINKED,XLON
T-0002143,O-0002143,2026-08-25T10:00:21.550000Z,NOVA.L,SELL,5003,42.1299,A-882,CLIENT-LINKED,XLON
T-0002144,O-0002144,2026-08-25T10:00:22.400000Z,LIQD.P,BUY,6757,42.1365,A-244,CLIENT-44,XLON
T-0002145,O-0002145,2026-08-25T10:00:23.250000Z,NOVA.L,SELL,6012,42.1253,A-245,CLIENT-45,XLON
T-0002146,O-0002146,2026-08-25T10:00:24.100000Z,ALTO.N,BUY,4953,42.1279,A-246,CLIENT-46,XLON
T-0002147,O-0002147,2026-08-25T10:00:24.950000Z,QUAD.N,SELL,4192,42.125,A-247,CLIENT-47,XLON
T-0002148,O-0002148,2026-08-25T10:00:25.800000Z,MEGA.O,BUY,6141,42.137,A-248,CLIENT-48,XLON
T-0002149,O-0002149,2026-08-25T10:00:26.650000Z,LIQD.P,SELL,5810,42.1311,A-249,CLIENT-49,XLON
T-0002150,O-0002150,2026-08-25T10:00:27.500000Z,NOVA.L,BUY,5000,42.1372,A-104,CLIENT-LINKED,XLON
T-0002151,O-0002151,2026-08-25T10:00:28.350000Z,NOVA.L,SELL,5001,42.1406,A-882,CLIENT-LINKED,XLON
T-0002152,O-0002152,2026-08-25T10:00:29.200000Z,NOVA.L,BUY,5002,42.1399,A-104,CLIENT-LINKED,XLON
T-0002153,O-0002153,2026-08-25T10:00:30.050000Z,NOVA.L,SELL,5003,42.1492,A-882,CLIENT-LINKED,XLON
T-0002154,O-0002154,2026-08-25T10:00:30.900000Z,LIQD.P,BUY,6258,42.1476,A-254,CLIENT-54,XLON
T-0002155,O-0002155,2026-08-25T10:00:31.750000Z,NOVA.L,SELL,4197,42.1405,A-255,CLIENT-55,XLON
T-0002156,O-0002156,2026-08-25T10:00:32.600000Z,ALTO.N,BUY,4499,42.1548,A-256,CLIENT-56,XLON
T-0002157,O-0002157,2026-08-25T10:00:33.450000Z,QUAD.N,SELL,4135,42.1535,A-257,CLIENT-57,XLON
T-0002158,O-0002158,2026-08-25T10:00:34.300000Z,MEGA.O,BUY,4273,42.1522,A-258,CLIENT-58,XLON
T-0002159,O-0002159,2026-08-25T10:00:35.150000Z,LIQD.P,SELL,5428,42.1574,A-259,CLIENT-59,XLON
T-0002160,O-0002160,2026-08-25T10:00:36Z,NOVA.L,BUY,5000,42.0079,A-104,CLIENT-LINKED,XLON
T-0002161,O-0002161,2026-08-25T10:00:36.850000Z,NOVA.L,SELL,5001,41.9973,A-882,CLIENT-LINKED,XLON
T-0002162,O-0002162,2026-08-25T10:00:37.700000Z,NOVA.L,BUY,5002,42.0068,A-104,CLIENT-LINKED,XLON
T-0002163,O-0002163,2026-08-25T10:00:38.550000Z,NOVA.L,SELL,5003,42.0038,A-882,CLIENT-LINKED,XLON
T-0002164,O-0002164,2026-08-25T10:00:39.400000Z,LIQD.P,BUY,5319,42.0157,A-204,CLIENT-4,XLON
T-0002165,O-0002165,2026-08-25T10:00:40.250000Z,NOVA.L,SELL,5313,42.0037,A-205,CLIENT-5,XLON
T-0002166,O-0002166,2026-08-25T10:00:41.100000Z,ALTO.N,BUY,3982,42.0073,A-206,CLIENT-6,XLON
T-0002167,O-0002167,2026-08-25T10:00:41.950000Z,QUAD.N,SELL,5704,42.0093,A-207,CLIENT-7,XLON
T-0002168,O-0002168,2026-08-25T10:00:42.800000Z,MEGA.O,BUY,4900,42.0173,A-208,CLIENT-8,XLON
T-0002169,O-0002169,2026-08-25T10:00:43.650000Z,LIQD.P,SELL,4419,42.023,A-209,CLIENT-9,XLON
T-0002170,O-0002170,2026-08-25T10:00:44.500000Z,NOVA.L,BUY,5000,42.0233,A-104,CLIENT-LINKED,XLON
T-0002171,O-0002171,2026-08-25T10:00:45.350000Z,NOVA.L,SELL,5001,42.0137,A-882,CLIENT-LINKED,XLON
T-0002172,O-0002172,2026-08-25T10:00:46.200000Z,NOVA.L,BUY,5002,42.0209,A-104,CLIENT-LINKED,XLON
T-0002173,O-0002173,2026-08-25T10:00:47.050000Z,NOVA.L,SELL,5003,42.0268,A-882,CLIENT-LINKED,XLON
T-0002174,O-0002174,2026-08-25T10:00:47.900000Z,LIQD.P,BUY,6215,42.0226,A-214,CLIENT-14,XLON
T-0002175,O-0002175,2026-08-25T10:00:48.750000Z,NOVA.L,SELL,4049,42.0368,A-215,CLIENT-15,XLON
T-0002176,O-0002176,2026-08-25T10:00:49.600000Z,ALTO.N,BUY,5940,42.0304,A-216,CLIENT-16,XLON
T-0002177,O-0002177,2026-08-25T10:00:50.450000Z,QUAD.N,SELL,5993,42.0377,A-217,CLIENT-17,XLON
T-0002178,O-0002178,2026-08-25T10:00:51.300000Z,MEGA.O,BUY,5744,42.0375,A-218,CLIENT-18,XLON
T-0002179,O-0002179,2026-08-25T10:00:52.150000Z,LIQD.P,SELL,4765,42.0375,A-219,CLIENT-19,XLON
T-0002180,O-0002180,2026-08-25T10:00:53Z,NOVA.L,BUY,5000,42.0316,A-104,CLIENT-LINKED,XLON
T-0002181,O-0002181,2026-08-25T10:00:53.850000Z,NOVA.L,SELL,5001,42.0501,A-882,CLIENT-LINKED,XLON
T-0002182,O-0002182,2026-08-25T10:00:54.700000Z,NOVA.L,BUY,5002,42.0483,A-104,CLIENT-LINKED,XLON
T-0002183,O-0002183,2026-08-25T10:00:55.550000Z,NOVA.L,SELL,5003,42.046,A-882,CLIENT-LINKED,XLON
T-0002184,O-0002184,2026-08-25T10:00:56.400000Z,LIQD.P,BUY,5916,42.054,A-224,CLIENT-24,XLON
T-0002185,O-0002185,2026-08-25T10:00:57.250000Z,NOVA.L,SELL,6575,42.0597,A-225,CLIENT-25,XLON
T-0002186,O-0002186,2026-08-25T10:00:58.100000Z,ALTO.N,BUY,4403,42.0444,A-226,CLIENT-26,XLON
T-0002187,O-0002187,2026-08-25T10:00:58.950000Z,QUAD.N,SELL,5639,42.0475,A-227,CLIENT-27,XLON
T-0002188,O-0002188,2026-08-25T10:00:59.800000Z,MEGA.O,BUY,4484,42.0654,A-228,CLIENT-28,XLON
T-0002189,O-0002189,2026-08-25T10:01:00.650000Z,LIQD.P,SELL,4589,42.0505,A-229,CLIENT-29,XLON
T-0002190,O-0002190,2026-08-25T10:01:01.500000Z,NOVA.L,BUY,5000,42.0585,A-104,CLIENT-LINKED,XLON
T-0002191,O-0002191,2026-08-25T10:01:02.350000Z,NOVA.L,SELL,5001,42.0718,A-882,CLIENT-LINKED,XLON
T-0002192,O-0002192,2026-08-25T10:01:03.200000Z,NOVA.L,BUY,5002,42.0627,A-104,CLIENT-LINKED,XLON
T-0002193,O-0002193,2026-08-25T10:01:04.050000Z,NOVA.L,SELL,5003,42.0759,A-882,CLIENT-LINKED,XLON
T-0002194,O-0002194,2026-08-25T10:01:04.900000Z,LIQD.P,BUY,6369,42.061,A-234,CLIENT-34,XLON
T-0002195,O-0002195,2026-08-25T10:01:05.750000Z,NOVA.L,SELL,6237,42.0652,A-235,CLIENT-35,XLON
T-0002196,O-0002196,2026-08-25T10:01:06.600000Z,ALTO.N,BUY,6778,42.0803,A-236,CLIENT-36,XLON
T-0002197,O-0002197,2026-08-25T10:01:07.450000Z,QUAD.N,SELL,4074,42.0657,A-237,CLIENT-37,XLON
T-0002198,O-0002198,2026-08-25T10:01:08.300000Z,MEGA.O,BUY,6078,42.0739,A-238,CLIENT-38,XLON
T-0002199,O-0002199,2026-08-25T10:01:09.150000Z,LIQD.P,SELL,5135,42.0851,A-239,CLIENT-39,XLON
T-0002200,O-0002200,2026-08-25T10:01:10Z,NOVA.L,BUY,5000,42.0804,A-104,CLIENT-LINKED,XLON
T-0002201,O-0002201,2026-08-25T10:01:10.850000Z,NOVA.L,SELL,5001,42.0903,A-882,CLIENT-LINKED,XLON
T-0002202,O-0002202,2026-08-25T10:01:11.700000Z,NOVA.L,BUY,5002,42.0742,A-104,CLIENT-LINKED,XLON
T-0002203,O-0002203,2026-08-25T10:01:12.550000Z,NOVA.L,SELL,5003,42.09,A-882,CLIENT-LINKED,XLON
T-0002204,O-0002204,2026-08-25T10:01:13.400000Z,LIQD.P,BUY,6206,42.0885,A-244,CLIENT-44,XLON
T-0002205,O-0002205,2026-08-25T10:01:14.250000Z,NOVA.L,SELL,5518,42.0823,A-245,CLIENT-45,XLON
T-0002206,O-0002206,2026-08-25T10:01:15.100000Z,ALTO.N,BUY,4412,42.085,A-246,CLIENT-46,XLON
T-0002207,O-0002207,2026-08-25T10:01:15.950000Z,QUAD.N,SELL,6208,42.0957,A-247,CLIENT-47,XLON
T-0002208,O-0002208,2026-08-25T10:01:16.800000Z,MEGA.O,BUY,4210,42.1045,A-248,CLIENT-48,XLON
T-0002209,O-0002209,2026-08-25T10:01:17.650000Z,LIQD.P,SELL,6104,42.1036,A-249,CLIENT-49,XLON
T-0002210,O-0002210,2026-08-25T10:01:18.500000Z,NOVA.L,BUY,5000,42.1057,A-104,CLIENT-LINKED,XLON
T-0002211,O-0002211,2026-08-25T10:01:19.350000Z,NOVA.L,SELL,5001,42.1093,A-882,CLIENT-LINKED,XLON
T-0002212,O-0002212,2026-08-25T10:01:20.200000Z,NOVA.L,BUY,5002,42.1116,A-104,CLIENT-LINKED,XLON
T-0002213,O-0002213,2026-08-25T10:01:21.050000Z,NOVA.L,SELL,5003,42.1136,A-882,CLIENT-LINKED,XLON
T-0002214,O-0002214,2026-08-25T10:01:21.900000Z,LIQD.P,BUY,4881,42.1057,A-254,CLIENT-54,XLON
T-0002215,O-0002215,2026-08-25T10:01:22.750000Z,NOVA.L,SELL,5788,42.1114,A-255,CLIENT-55,XLON
T-0002216,O-0002216,2026-08-25T10:01:23.600000Z,ALTO.N,BUY,5737,42.1027,A-256,CLIENT-56,XLON
T-0002217,O-0002217,2026-08-25T10:01:24.450000Z,QUAD.N,SELL,4928,42.1121,A-257,CLIENT-57,XLON
T-0002218,O-0002218,2026-08-25T10:01:25.300000Z,MEGA.O,BUY,6332,42.1182,A-258,CLIENT-58,XLON
T-0002219,O-0002219,2026-08-25T10:01:26.150000Z,LIQD.P,SELL,6641,42.116,A-259,CLIENT-59,XLON
T-0002220,O-0002220,2026-08-25T10:01:27Z,NOVA.L,BUY,5000,42.1179,A-104,CLIENT-LINKED,XLON
T-0002221,O-0002221,2026-08-25T10:01:27.850000Z,NOVA.L,SELL,5001,42.1296,A-882,CLIENT-LINKED,XLON
T-0002222,O-0002222,2026-08-25T10:01:28.700000Z,NOVA.L,BUY,5002,42.1278,A-104,CLIENT-LINKED,XLON
T-0002223,O-0002223,2026-08-25T10:01:29.550000Z,NOVA.L,SELL,5003,42.117,A-882,CLIENT-LINKED,XLON
T-0002224,O-0002224,2026-08-25T10:01:30.400000Z,LIQD.P,BUY,5746,42.1364,A-204,CLIENT-4,XLON
T-0002225,O-0002225,2026-08-25T10:01:31.250000Z,NOVA.L,SELL,5325,42.1204,A-205,CLIENT-5,XLON
T-0002226,O-0002226,2026-08-25T10:01:32.100000Z,ALTO.N,BUY,5041,42.1282,A-206,CLIENT-6,XLON
T-0002227,O-0002227,2026-08-25T10:01:32.950000Z,QUAD.N,SELL,5813,42.1412,A-207,CLIENT-7,XLON
T-0002228,O-0002228,2026-08-25T10:01:33.800000Z,MEGA.O,BUY,6605,42.128,A-208,CLIENT-8,XLON
T-0002229,O-0002229,2026-08-25T10:01:34.650000Z,LIQD.P,SELL,4733,42.1307,A-209,CLIENT-9,XLON
T-0002230,O-0002230,2026-08-25T10:01:35.500000Z,NOVA.L,BUY,5000,42.1495,A-104,CLIENT-LINKED,XLON
T-0002231,O-0002231,2026-08-25T10:01:36.350000Z,NOVA.L,SELL,5001,42.1409,A-882,CLIENT-LINKED,XLON
T-0002232,O-0002232,2026-08-25T10:01:37.200000Z,NOVA.L,BUY,5002,42.1505,A-104,CLIENT-LINKED,XLON
T-0002233,O-0002233,2026-08-25T10:01:38.050000Z,NOVA.L,SELL,5003,42.1414,A-882,CLIENT-LINKED,XLON
T-0002234,O-0002234,2026-08-25T10:01:38.900000Z,LIQD.P,BUY,5507,42.1501,A-214,CLIENT-14,XLON
T-0002235,O-0002235,2026-08-25T10:01:39.750000Z,NOVA.L,SELL,4165,42.1438,A-215,CLIENT-15,XLON
T-0002236,O-0002236,2026-08-25T10:01:40.600000Z,ALTO.N,BUY,4665,42.1603,A-216,CLIENT-16,XLON
T-0002237,O-0002237,2026-08-25T10:01:41.450000Z,QUAD.N,SELL,5467,42.1588,A-217,CLIENT-17,XLON
T-0002238,O-0002238,2026-08-25T10:01:42.300000Z,MEGA.O,BUY,5915,42.1633,A-218,CLIENT-18,XLON
T-0002239,O-0002239,2026-08-25T10:01:43.150000Z,LIQD.P,SELL,4030,42.1583,A-219,CLIENT-19,XLON
T-0002240,O-0002240,2026-08-25T10:01:44Z,NOVA.L,BUY,5000,41.9932,A-104,CLIENT-LINKED,XLON
T-0002241,O-0002241,2026-08-25T10:01:44.850000Z,NOVA.L,SELL,5001,41.9982,A-882,CLIENT-LINKED,XLON
T-0002242,O-0002242,2026-08-25T10:01:45.700000Z,NOVA.L,BUY,5002,42.0041,A-104,CLIENT-LINKED,XLON
T-0002243,O-0002243,2026-08-25T10:01:46.550000Z,NOVA.L,SELL,5003,41.9987,A-882,CLIENT-LINKED,XLON
T-0002244,O-0002244,2026-08-25T10:01:47.400000Z,LIQD.P,BUY,5947,42.0156,A-224,CLIENT-24,XLON
T-0002245,O-0002245,2026-08-25T10:01:48.250000Z,NOVA.L,SELL,3918,42.0035,A-225,CLIENT-25,XLON
T-0002246,O-0002246,2026-08-25T10:01:49.100000Z,ALTO.N,BUY,4622,42.0187,A-226,CLIENT-26,XLON
T-0002247,O-0002247,2026-08-25T10:01:49.950000Z,QUAD.N,SELL,4821,42.0047,A-227,CLIENT-27,XLON
T-0002248,O-0002248,2026-08-25T10:01:50.800000Z,MEGA.O,BUY,4007,42.0244,A-228,CLIENT-28,XLON
T-0002249,O-0002249,2026-08-25T10:01:51.650000Z,LIQD.P,SELL,6686,42.012,A-229,CLIENT-29,XLON
T-0002250,O-0002250,2026-08-25T10:01:52.500000Z,NOVA.L,BUY,5000,42.0174,A-104,CLIENT-LINKED,XLON
T-0002251,O-0002251,2026-08-25T10:01:53.350000Z,NOVA.L,SELL,5001,42.0213,A-882,CLIENT-LINKED,XLON
T-0002252,O-0002252,2026-08-25T10:01:54.200000Z,NOVA.L,BUY,5002,42.0219,A-104,CLIENT-LINKED,XLON
T-0002253,O-0002253,2026-08-25T10:01:55.050000Z,NOVA.L,SELL,5003,42.0345,A-882,CLIENT-LINKED,XLON
T-0002254,O-0002254,2026-08-25T10:01:55.900000Z,LIQD.P,BUY,6590,42.0186,A-234,CLIENT-34,XLON
T-0002255,O-0002255,2026-08-25T10:01:56.750000Z,NOVA.L,SELL,5325,42.0298,A-235,CLIENT-35,XLON
T-0002256,O-0002256,2026-08-25T10:01:57.600000Z,ALTO.N,BUY,5627,42.0256,A-236,CLIENT-36,XLON
T-0002257,O-0002257,2026-08-25T10:01:58.450000Z,QUAD.N,SELL,5743,42.0357,A-237,CLIENT-37,XLON
T-0002258,O-0002258,2026-08-25T10:01:59.300000Z,MEGA.O,BUY,5232,42.0329,A-238,CLIENT-38,XLON
T-0002259,O-0002259,2026-08-25T10:02:00.150000Z,LIQD.P,SELL,4859,42.043,A-239,CLIENT-39,XLON
T-0002260,O-0002260,2026-08-25T10:02:01Z,NOVA.L,BUY,5000,42.0438,A-104,CLIENT-LINKED,XLON
T-0002261,O-0002261,2026-08-25T10:02:01.850000Z,NOVA.L,SELL,5001,42.0377,A-882,CLIENT-LINKED,XLON
T-0002262,O-0002262,2026-08-25T10:02:02.700000Z,NOVA.L,BUY,5002,42.0417,A-104,CLIENT-LINKED,XLON
T-0002263,O-0002263,2026-08-25T10:02:03.550000Z,NOVA.L,SELL,5003,42.0393,A-882,CLIENT-LINKED,XLON
T-0002264,O-0002264,2026-08-25T10:02:04.400000Z,LIQD.P,BUY,6143,42.0536,A-244,CLIENT-44,XLON
T-0002265,O-0002265,2026-08-25T10:02:05.250000Z,NOVA.L,SELL,4677,42.0571,A-245,CLIENT-45,XLON
T-0002266,O-0002266,2026-08-25T10:02:06.100000Z,ALTO.N,BUY,6451,42.0465,A-246,CLIENT-46,XLON
T-0002267,O-0002267,2026-08-25T10:02:06.950000Z,QUAD.N,SELL,4646,42.0494,A-247,CLIENT-47,XLON
T-0002268,O-0002268,2026-08-25T10:02:07.800000Z,MEGA.O,BUY,5477,42.0563,A-248,CLIENT-48,XLON
T-0002269,O-0002269,2026-08-25T10:02:08.650000Z,LIQD.P,SELL,6594,42.0482,A-249,CLIENT-49,XLON
T-0002270,O-0002270,2026-08-25T10:02:09.500000Z,NOVA.L,BUY,5000,42.0682,A-104,CLIENT-LINKED,XLON
T-0002271,O-0002271,2026-08-25T10:02:10.350000Z,NOVA.L,SELL,5001,42.0649,A-882,CLIENT-LINKED,XLON
T-0002272,O-0002272,2026-08-25T10:02:11.200000Z,NOVA.L,BUY,5002,42.066,A-104,CLIENT-LINKED,XLON
T-0002273,O-0002273,2026-08-25T10:02:12.050000Z,NOVA.L,SELL,5003,42.0562,A-882,CLIENT-LINKED,XLON
T-0002274,O-0002274,2026-08-25T10:02:12.900000Z,LIQD.P,BUY,4833,42.0702,A-254,CLIENT-54,XLON
T-0002275,O-0002275,2026-08-25T10:02:13.750000Z,NOVA.L,SELL,5051,42.0743,A-255,CLIENT-55,XLON
T-0002276,O-0002276,2026-08-25T10:02:14.600000Z,ALTO.N,BUY,6705,42.0749,A-256,CLIENT-56,XLON
T-0002277,O-0002277,2026-08-25T10:02:15.450000Z,QUAD.N,SELL,5535,42.0819,A-257,CLIENT-57,XLON
T-0002278,O-0002278,2026-08-25T10:02:16.300000Z,MEGA.O,BUY,5228,42.0752,A-258,CLIENT-58,XLON
T-0002279,O-0002279,2026-08-25T10:02:17.150000Z,LIQD.P,SELL,4693,42.0773,A-259,CLIENT-59,XLON
T-0002280,O-0002280,2026-08-25T10:02:18Z,NOVA.L,BUY,5000,42.0835,A-104,CLIENT-LINKED,XLON
T-0002281,O-0002281,2026-08-25T10:02:18.850000Z,NOVA.L,SELL,5001,42.0885,A-882,CLIENT-LINKED,XLON
T-0002282,O-0002282,2026-08-25T10:02:19.700000Z,NOVA.L,BUY,5002,42.0819,A-104,CLIENT-LINKED,XLON
T-0002283,O-0002283,2026-08-25T10:02:20.550000Z,NOVA.L,SELL,5003,42.078,A-882,CLIENT-LINKED,XLON
T-0002284,O-0002284,2026-08-25T10:02:21.400000Z,LIQD.P,BUY,5895,42.098,A-204,CLIENT-4,XLON
T-0002285,O-0002285,2026-08-25T10:02:22.250000Z,NOVA.L,SELL,5332,42.0912,A-205,CLIENT-5,XLON
T-0002286,O-0002286,2026-08-25T10:02:23.100000Z,ALTO.N,BUY,6232,42.0942,A-206,CLIENT-6,XLON
T-0002287,O-0002287,2026-08-25T10:02:23.950000Z,QUAD.N,SELL,5022,42.0977,A-207,CLIENT-7,XLON
T-0002288,O-0002288,2026-08-25T10:02:24.800000Z,MEGA.O,BUY,5773,42.0873,A-208,CLIENT-8,XLON
T-0002289,O-0002289,2026-08-25T10:02:25.650000Z,LIQD.P,SELL,4932,42.1008,A-209,CLIENT-9,XLON
T-0002290,O-0002290,2026-08-25T10:02:26.500000Z,NOVA.L,BUY,5000,42.1072,A-104,CLIENT-LINKED,XLON
T-0002291,O-0002291,2026-08-25T10:02:27.350000Z,NOVA.L,SELL,5001,42.0972,A-882,CLIENT-LINKED,XLON
T-0002292,O-0002292,2026-08-25T10:02:28.200000Z,NOVA.L,BUY,5002,42.1082,A-104,CLIENT-LINKED,XLON
T-0002293,O-0002293,2026-08-25T10:02:29.050000Z,NOVA.L,SELL,5003,42.1138,A-882,CLIENT-LINKED,XLON
T-0002294,O-0002294,2026-08-25T10:02:29.900000Z,LIQD.P,BUY,5023,42.1018,A-214,CLIENT-14,XLON
T-0002295,O-0002295,2026-08-25T10:02:30.750000Z,NOVA.L,SELL,5918,42.1153,A-215,CLIENT-15,XLON
T-0002296,O-0002296,2026-08-25T10:02:31.600000Z,ALTO.N,BUY,4032,42.1181,A-216,CLIENT-16,XLON
T-0002297,O-0002297,2026-08-25T10:02:32.450000Z,QUAD.N,SELL,6257,42.1121,A-217,CLIENT-17,XLON
T-0002298,O-0002298,2026-08-25T10:02:33.300000Z,MEGA.O,BUY,5109,42.1196,A-218,CLIENT-18,XLON
T-0002299,O-0002299,2026-08-25T10:02:34.150000Z,LIQD.P,SELL,6754,42.1085,A-219,CLIENT-19,XLON
T-0002300,O-0002300,2026-08-25T10:02:35Z,NOVA.L,BUY,5000,42.1199,A-104,CLIENT-LINKED,XLON
T-0002301,O-0002301,2026-08-25T10:02:35.850000Z,NOVA.L,SELL,5001,42.1179,A-882,CLIENT-LINKED,XLON
T-0002302,O-0002302,2026-08-25T10:02:36.700000Z,NOVA.L,BUY,5002,42.1321,A-104,CLIENT-LINKED,XLON
T-0002303,O-0002303,2026-08-25T10:02:37.550000Z,NOVA.L,SELL,5003,42.1241,A-882,CLIENT-LINKED,XLON
T-0002304,O-0002304,2026-08-25T10:02:38.400000Z,LIQD.P,BUY,3944,42.1297,A-224,CLIENT-24,XLON
T-0002305,O-0002305,2026-08-25T10:02:39.250000Z,NOVA.L,SELL,6143,42.1363,A-225,CLIENT-25,XLON
T-0002306,O-0002306,2026-08-25T10:02:40.100000Z,ALTO.N,BUY,5205,42.1365,A-226,CLIENT-26,XLON
T-0002307,O-0002307,2026-08-25T10:02:40.950000Z,QUAD.N,SELL,4710,42.1377,A-227,CLIENT-27,XLON
T-0002308,O-0002308,2026-08-25T10:02:41.800000Z,MEGA.O,BUY,6414,42.1417,A-228,CLIENT-28,XLON
T-0002309,O-0002309,2026-08-25T10:02:42.650000Z,LIQD.P,SELL,6551,42.1352,A-229,CLIENT-29,XLON
T-0002310,O-0002310,2026-08-25T10:02:43.500000Z,NOVA.L,BUY,5000,42.136,A-104,CLIENT-LINKED,XLON
T-0002311,O-0002311,2026-08-25T10:02:44.350000Z,NOVA.L,SELL,5001,42.1354,A-882,CLIENT-LINKED,XLON
T-0002312,O-0002312,2026-08-25T10:02:45.200000Z,NOVA.L,BUY,5002,42.1472,A-104,CLIENT-LINKED,XLON
T-0002313,O-0002313,2026-08-25T10:02:46.050000Z,NOVA.L,SELL,5003,42.1472,A-882,CLIENT-LINKED,XLON
T-0002314,O-0002314,2026-08-25T10:02:46.900000Z,LIQD.P,BUY,5003,42.14,A-234,CLIENT-34,XLON
T-0002315,O-0002315,2026-08-25T10:02:47.750000Z,NOVA.L,SELL,4324,42.1548,A-235,CLIENT-35,XLON
T-0002316,O-0002316,2026-08-25T10:02:48.600000Z,ALTO.N,BUY,6770,42.1582,A-236,CLIENT-36,XLON
T-0002317,O-0002317,2026-08-25T10:02:49.450000Z,QUAD.N,SELL,4549,42.1629,A-237,CLIENT-37,XLON
T-0002318,O-0002318,2026-08-25T10:02:50.300000Z,MEGA.O,BUY,5174,42.1591,A-238,CLIENT-38,XLON
T-0002319,O-0002319,2026-08-25T10:02:51.150000Z,LIQD.P,SELL,4710,42.1551,A-239,CLIENT-39,XLON
T-0002320,O-0002320,2026-08-25T10:02:52Z,NOVA.L,BUY,5000,42.0049,A-104,CLIENT-LINKED,XLON
T-0002321,O-0002321,2026-08-25T10:02:52.850000Z,NOVA.L,SELL,5001,41.9981,A-882,CLIENT-LINKED,XLON
T-0002322,O-0002322,2026-08-25T10:02:53.700000Z,NOVA.L,BUY,5002,42.0098,A-104,CLIENT-LINKED,XLON
T-0002323,O-0002323,2026-08-25T10:02:54.550000Z,NOVA.L,SELL,5003,42.0026,A-882,CLIENT-LINKED,XLON
T-0002324,O-0002324,2026-08-25T10:02:55.400000Z,LIQD.P,BUY,4867,42.0097,A-244,CLIENT-44,XLON
T-0002325,O-0002325,2026-08-25T10:02:56.250000Z,NOVA.L,SELL,5699,42.017,A-245,CLIENT-45,XLON
T-0002326,O-0002326,2026-08-25T10:02:57.100000Z,ALTO.N,BUY,5727,42.0031,A-246,CLIENT-46,XLON
T-0002327,O-0002327,2026-08-25T10:02:57.950000Z,QUAD.N,SELL,6398,42.0157,A-247,CLIENT-47,XLON
T-0002328,O-0002328,2026-08-25T10:02:58.800000Z,MEGA.O,BUY,6342,42.0074,A-248,CLIENT-48,XLON
T-0002329,O-0002329,2026-08-25T10:02:59.650000Z,LIQD.P,SELL,4596,42.018,A-249,CLIENT-49,XLON
T-0002330,O-0002330,2026-08-25T10:03:00.500000Z,NOVA.L,BUY,5000,42.0273,A-104,CLIENT-LINKED,XLON
T-0002331,O-0002331,2026-08-25T10:03:01.350000Z,NOVA.L,SELL,5001,42.0196,A-882,CLIENT-LINKED,XLON
T-0002332,O-0002332,2026-08-25T10:03:02.200000Z,NOVA.L,BUY,5002,42.02,A-104,CLIENT-LINKED,XLON
T-0002333,O-0002333,2026-08-25T10:03:03.050000Z,NOVA.L,SELL,5003,42.0171,A-882,CLIENT-LINKED,XLON
T-0002334,O-0002334,2026-08-25T10:03:03.900000Z,LIQD.P,BUY,4417,42.0207,A-254,CLIENT-54,XLON
T-0002335,O-0002335,2026-08-25T10:03:04.750000Z,NOVA.L,SELL,4620,42.0269,A-255,CLIENT-55,XLON
T-0002336,O-0002336,2026-08-25T10:03:05.600000Z,ALTO.N,BUY,6132,42.0399,A-256,CLIENT-56,XLON
T-0002337,O-0002337,2026-08-25T10:03:06.450000Z,QUAD.N,SELL,5674,42.0269,A-257,CLIENT-57,XLON
T-0002338,O-0002338,2026-08-25T10:03:07.300000Z,MEGA.O,BUY,6731,42.0296,A-258,CLIENT-58,XLON
T-0002339,O-0002339,2026-08-25T10:03:08.150000Z,LIQD.P,SELL,4131,42.0378,A-259,CLIENT-59,XLON
T-0002340,O-0002340,2026-08-25T10:03:09Z,NOVA.L,BUY,5000,42.0426,A-104,CLIENT-LINKED,XLON
T-0002341,O-0002341,2026-08-25T10:03:09.850000Z,NOVA.L,SELL,5001,42.0355,A-882,CLIENT-LINKED,XLON
T-0002342,O-0002342,2026-08-25T10:03:10.700000Z,NOVA.L,BUY,5002,42.0467,A-104,CLIENT-LINKED,XLON
T-0002343,O-0002343,2026-08-25T10:03:11.550000Z,NOVA.L,SELL,5003,42.0361,A-882,CLIENT-LINKED,XLON
T-0002344,O-0002344,2026-08-25T10:03:12.400000Z,LIQD.P,BUY,4920,42.0422,A-204,CLIENT-4,XLON
T-0002345,O-0002345,2026-08-25T10:03:13.250000Z,NOVA.L,SELL,4490,42.0515,A-205,CLIENT-5,XLON
T-0002346,O-0002346,2026-08-25T10:03:14.100000Z,ALTO.N,BUY,4448,42.0518,A-206,CLIENT-6,XLON
T-0002347,O-0002347,2026-08-25T10:03:14.950000Z,QUAD.N,SELL,4160,42.0466,A-207,CLIENT-7,XLON
T-0002348,O-0002348,2026-08-25T10:03:15.800000Z,MEGA.O,BUY,5576,42.0587,A-208,CLIENT-8,XLON
T-0002349,O-0002349,2026-08-25T10:03:16.650000Z,LIQD.P,SELL,5452,42.0566,A-209,CLIENT-9,XLON
T-0002350,O-0002350,2026-08-25T10:03:17.500000Z,NOVA.L,BUY,5000,42.0595,A-104,CLIENT-LINKED,XLON
T-0002351,O-0002351,2026-08-25T10:03:18.350000Z,NOVA.L,SELL,5001,42.0521,A-882,CLIENT-LINKED,XLON
T-0002352,O-0002352,2026-08-25T10:03:19.200000Z,NOVA.L,BUY,5002,42.0647,A-104,CLIENT-LINKED,XLON
T-0002353,O-0002353,2026-08-25T10:03:20.050000Z,NOVA.L,SELL,5003,42.0706,A-882,CLIENT-LINKED,XLON
T-0002354,O-0002354,2026-08-25T10:03:20.900000Z,LIQD.P,BUY,3857,42.0758,A-214,CLIENT-14,XLON
T-0002355,O-0002355,2026-08-25T10:03:21.750000Z,NOVA.L,SELL,5975,42.0638,A-215,CLIENT-15,XLON
T-0002356,O-0002356,2026-08-25T10:03:22.600000Z,ALTO.N,BUY,6571,42.0621,A-216,CLIENT-16,XLON
T-0002357,O-0002357,2026-08-25T10:03:23.450000Z,QUAD.N,SELL,4819,42.0685,A-217,CLIENT-17,XLON
T-0002358,O-0002358,2026-08-25T10:03:24.300000Z,MEGA.O,BUY,5210,42.0722,A-218,CLIENT-18,XLON
T-0002359,O-0002359,2026-08-25T10:03:25.150000Z,LIQD.P,SELL,4220,42.0757,A-219,CLIENT-19,XLON
T-0002360,O-0002360,2026-08-25T10:03:26Z,NOVA.L,BUY,5000,42.0818,A-104,CLIENT-LINKED,XLON
T-0002361,O-0002361,2026-08-25T10:03:26.850000Z,NOVA.L,SELL,5001,42.0753,A-882,CLIENT-LINKED,XLON
T-0002362,O-0002362,2026-08-25T10:03:27.700000Z,NOVA.L,BUY,5002,42.0905,A-104,CLIENT-LINKED,XLON
T-0002363,O-0002363,2026-08-25T10:03:28.550000Z,NOVA.L,SELL,5003,42.082,A-882,CLIENT-LINKED,XLON
T-0002364,O-0002364,2026-08-25T10:03:29.400000Z,LIQD.P,BUY,4991,42.0871,A-224,CLIENT-24,XLON
T-0002365,O-0002365,2026-08-25T10:03:30.250000Z,NOVA.L,SELL,5931,42.0919,A-225,CLIENT-25,XLON
T-0002366,O-0002366,2026-08-25T10:03:31.100000Z,ALTO.N,BUY,5183,42.0907,A-226,CLIENT-26,XLON
T-0002367,O-0002367,2026-08-25T10:03:31.950000Z,QUAD.N,SELL,6613,42.1039,A-227,CLIENT-27,XLON
T-0002368,O-0002368,2026-08-25T10:03:32.800000Z,MEGA.O,BUY,5203,42.1059,A-228,CLIENT-28,XLON
T-0002369,O-0002369,2026-08-25T10:03:33.650000Z,LIQD.P,SELL,5807,42.0952,A-229,CLIENT-29,XLON
T-0002370,O-0002370,2026-08-25T10:03:34.500000Z,NOVA.L,BUY,5000,42.0938,A-104,CLIENT-LINKED,XLON
T-0002371,O-0002371,2026-08-25T10:03:35.350000Z,NOVA.L,SELL,5001,42.111,A-882,CLIENT-LINKED,XLON
T-0002372,O-0002372,2026-08-25T10:03:36.200000Z,NOVA.L,BUY,5002,42.1124,A-104,CLIENT-LINKED,XLON
T-0002373,O-0002373,2026-08-25T10:03:37.050000Z,NOVA.L,SELL,5003,42.1041,A-882,CLIENT-LINKED,XLON
T-0002374,O-0002374,2026-08-25T10:03:37.900000Z,LIQD.P,BUY,4735,42.1025,A-234,CLIENT-34,XLON
T-0002375,O-0002375,2026-08-25T10:03:38.750000Z,NOVA.L,SELL,4337,42.1042,A-235,CLIENT-35,XLON
T-0002376,O-0002376,2026-08-25T10:03:39.600000Z,ALTO.N,BUY,3889,42.1138,A-236,CLIENT-36,XLON
T-0002377,O-0002377,2026-08-25T10:03:40.450000Z,QUAD.N,SELL,4492,42.1065,A-237,CLIENT-37,XLON
T-0002378,O-0002378,2026-08-25T10:03:41.300000Z,MEGA.O,BUY,6712,42.119,A-238,CLIENT-38,XLON
T-0002379,O-0002379,2026-08-25T10:03:42.150000Z,LIQD.P,SELL,3953,42.1155,A-239,CLIENT-39,XLON
T-0002380,O-0002380,2026-08-25T10:03:43Z,NOVA.L,BUY,5000,42.1228,A-104,CLIENT-LINKED,XLON
T-0002381,O-0002381,2026-08-25T10:03:43.850000Z,NOVA.L,SELL,5001,42.1274,A-882,CLIENT-LINKED,XLON
T-0002382,O-0002382,2026-08-25T10:03:44.700000Z,NOVA.L,BUY,5002,42.1265,A-104,CLIENT-LINKED,XLON
T-0002383,O-0002383,2026-08-25T10:03:45.550000Z,NOVA.L,SELL,5003,42.1279,A-882,CLIENT-LINKED,XLON
T-0002384,O-0002384,2026-08-25T10:03:46.400000Z,LIQD.P,BUY,3996,42.1312,A-244,CLIENT-44,XLON
T-0002385,O-0002385,2026-08-25T10:03:47.250000Z,NOVA.L,SELL,6477,42.1367,A-245,CLIENT-45,XLON
T-0002386,O-0002386,2026-08-25T10:03:48.100000Z,ALTO.N,BUY,3997,42.1358,A-246,CLIENT-46,XLON
T-0002387,O-0002387,2026-08-25T10:03:48.950000Z,QUAD.N,SELL,5507,42.1329,A-247,CLIENT-47,XLON
T-0002388,O-0002388,2026-08-25T10:03:49.800000Z,MEGA.O,BUY,4306,42.1369,A-248,CLIENT-48,XLON
T-0002389,O-0002389,2026-08-25T10:03:50.650000Z,LIQD.P,SELL,5743,42.142,A-249,CLIENT-49,XLON
T-0002390,O-0002390,2026-08-25T10:03:51.500000Z,NOVA.L,BUY,5000,42.1341,A-104,CLIENT-LINKED,XLON
T-0002391,O-0002391,2026-08-25T10:03:52.350000Z,NOVA.L,SELL,5001,42.1457,A-882,CLIENT-LINKED,XLON
T-0002392,O-0002392,2026-08-25T10:03:53.200000Z,NOVA.L,BUY,5002,42.1342,A-104,CLIENT-LINKED,XLON
T-0002393,O-0002393,2026-08-25T10:03:54.050000Z,NOVA.L,SELL,5003,42.1444,A-882,CLIENT-LINKED,XLON
T-0002394,O-0002394,2026-08-25T10:03:54.900000Z,LIQD.P,BUY,4213,42.1512,A-254,CLIENT-54,XLON
T-0002395,O-0002395,2026-08-25T10:03:55.750000Z,NOVA.L,SELL,4905,42.1525,A-255,CLIENT-55,XLON
T-0002396,O-0002396,2026-08-25T10:03:56.600000Z,ALTO.N,BUY,6670,42.1447,A-256,CLIENT-56,XLON
T-0002397,O-0002397,2026-08-25T10:03:57.450000Z,QUAD.N,SELL,4229,42.1542,A-257,CLIENT-57,XLON
T-0002398,O-0002398,2026-08-25T10:03:58.300000Z,MEGA.O,BUY,6330,42.1484,A-258,CLIENT-58,XLON
T-0002399,O-0002399,2026-08-25T10:03:59.150000Z,LIQD.P,SELL,4266,42.1637,A-259,CLIENT-59,XLON
T-0002400,O-0002400,2026-08-25T10:04:00Z,NOVA.L,BUY,5000,42.0,A-104,CLIENT-LINKED,XLON
T-0002401,O-0002401,2026-08-25T10:04:00.850000Z,NOVA.L,SELL,5001,42.0042,A-882,CLIENT-LINKED,XLON
T-0002402,O-0002402,2026-08-25T10:04:01.700000Z,NOVA.L,BUY,5002,42.0096,A-104,CLIENT-LINKED,XLON
T-0002403,O-0002403,2026-08-25T10:04:02.550000Z,NOVA.L,SELL,5003,42.0126,A-882,CLIENT-LINKED,XLON
T-0002404,O-0002404,2026-08-25T10:04:03.400000Z,LIQD.P,BUY,4626,42.0052,A-204,CLIENT-4,XLON
T-0002405,O-0002405,2026-08-25T10:04:04.250000Z,NOVA.L,SELL,5478,42.0059,A-205,CLIENT-5,XLON
T-0002406,O-0002406,2026-08-25T10:04:05.100000Z,ALTO.N,BUY,3961,42.013,A-206,CLIENT-6,XLON
T-0002407,O-0002407,2026-08-25T10:04:05.950000Z,QUAD.N,SELL,4650,42.0178,A-207,CLIENT-7,XLON
T-0002408,O-0002408,2026-08-25T10:04:06.800000Z,MEGA.O,BUY,5768,42.0126,A-208,CLIENT-8,XLON
T-0002409,O-0002409,2026-08-25T10:04:07.650000Z,LIQD.P,SELL,3811,42.0083,A-209,CLIENT-9,XLON
T-0002410,O-0002410,2026-08-25T10:04:08.500000Z,NOVA.L,BUY,5000,42.0118,A-104,CLIENT-LINKED,XLON
T-0002411,O-0002411,2026-08-25T10:04:09.350000Z,NOVA.L,SELL,5001,42.0142,A-882,CLIENT-LINKED,XLON
T-0002412,O-0002412,2026-08-25T10:04:10.200000Z,NOVA.L,BUY,5002,42.0255,A-104,CLIENT-LINKED,XLON
T-0002413,O-0002413,2026-08-25T10:04:11.050000Z,NOVA.L,SELL,5003,42.0259,A-882,CLIENT-LINKED,XLON
T-0002414,O-0002414,2026-08-25T10:04:11.900000Z,LIQD.P,BUY,4168,42.0336,A-214,CLIENT-14,XLON
T-0002415,O-0002415,2026-08-25T10:04:12.750000Z,NOVA.L,SELL,4107,42.0345,A-215,CLIENT-15,XLON
T-0002416,O-0002416,2026-08-25T10:04:13.600000Z,ALTO.N,BUY,4214,42.0401,A-216,CLIENT-16,XLON
T-0002417,O-0002417,2026-08-25T10:04:14.450000Z,QUAD.N,SELL,6439,42.0286,A-217,CLIENT-17,XLON
T-0002418,O-0002418,2026-08-25T10:04:15.300000Z,MEGA.O,BUY,5012,42.0313,A-218,CLIENT-18,XLON
T-0002419,O-0002419,2026-08-25T10:04:16.150000Z,LIQD.P,SELL,4005,42.03,A-219,CLIENT-19,XLON
T-0002420,O-0002420,2026-08-25T10:04:17Z,NOVA.L,BUY,5000,42.0335,A-104,CLIENT-LINKED,XLON
T-0002421,O-0002421,2026-08-25T10:04:17.850000Z,NOVA.L,SELL,5001,42.0328,A-882,CLIENT-LINKED,XLON
T-0002422,O-0002422,2026-08-25T10:04:18.700000Z,NOVA.L,BUY,5002,42.0398,A-104,CLIENT-LINKED,XLON
T-0002423,O-0002423,2026-08-25T10:04:19.550000Z,NOVA.L,SELL,5003,42.052,A-882,CLIENT-LINKED,XLON
T-0002424,O-0002424,2026-08-25T10:04:20.400000Z,LIQD.P,BUY,5080,42.0465,A-224,CLIENT-24,XLON
T-0002425,O-0002425,2026-08-25T10:04:21.250000Z,NOVA.L,SELL,4274,42.0419,A-225,CLIENT-25,XLON
T-0002426,O-0002426,2026-08-25T10:04:22.100000Z,ALTO.N,BUY,3987,42.0422,A-226,CLIENT-26,XLON
T-0002427,O-0002427,2026-08-25T10:04:22.950000Z,QUAD.N,SELL,4366,42.0573,A-227,CLIENT-27,XLON
T-0002428,O-0002428,2026-08-25T10:04:23.800000Z,MEGA.O,BUY,4498,42.0526,A-228,CLIENT-28,XLON
T-0002429,O-0002429,2026-08-25T10:04:24.650000Z,LIQD.P,SELL,5592,42.0671,A-229,CLIENT-29,XLON
T-0002430,O-0002430,2026-08-25T10:04:25.500000Z,NOVA.L,BUY,5000,42.0554,A-104,CLIENT-LINKED,XLON
T-0002431,O-0002431,2026-08-25T10:04:26.350000Z,NOVA.L,SELL,5001,42.0667,A-882,CLIENT-LINKED,XLON
T-0002432,O-0002432,2026-08-25T10:04:27.200000Z,NOVA.L,BUY,5002,42.0615,A-104,CLIENT-LINKED,XLON
T-0002433,O-0002433,2026-08-25T10:04:28.050000Z,NOVA.L,SELL,5003,42.0629,A-882,CLIENT-LINKED,XLON
T-0002434,O-0002434,2026-08-25T10:04:28.900000Z,LIQD.P,BUY,4266,42.066,A-234,CLIENT-34,XLON
T-0002435,O-0002435,2026-08-25T10:04:29.750000Z,NOVA.L,SELL,5669,42.0654,A-235,CLIENT-35,XLON
T-0002436,O-0002436,2026-08-25T10:04:30.600000Z,ALTO.N,BUY,5379,42.0758,A-236,CLIENT-36,XLON
T-0002437,O-0002437,2026-08-25T10:04:31.450000Z,QUAD.N,SELL,5758,42.08,A-237,CLIENT-37,XLON
T-0002438,O-0002438,2026-08-25T10:04:32.300000Z,MEGA.O,BUY,6457,42.0837,A-238,CLIENT-38,XLON
T-0002439,O-0002439,2026-08-25T10:04:33.150000Z,LIQD.P,SELL,4483,42.0703,A-239,CLIENT-39,XLON
T-0002440,O-0002440,2026-08-25T10:04:34Z,NOVA.L,BUY,5000,42.0839,A-104,CLIENT-LINKED,XLON
T-0002441,O-0002441,2026-08-25T10:04:34.850000Z,NOVA.L,SELL,5001,42.0732,A-882,CLIENT-LINKED,XLON
T-0002442,O-0002442,2026-08-25T10:04:35.700000Z,NOVA.L,BUY,5002,42.0928,A-104,CLIENT-LINKED,XLON
T-0002443,O-0002443,2026-08-25T10:04:36.550000Z,NOVA.L,SELL,5003,42.0792,A-882,CLIENT-LINKED,XLON
T-0002444,O-0002444,2026-08-25T10:04:37.400000Z,LIQD.P,BUY,5504,42.0962,A-244,CLIENT-44,XLON
T-0002445,O-0002445,2026-08-25T10:04:38.250000Z,NOVA.L,SELL,5777,42.096,A-245,CLIENT-45,XLON
T-0002446,O-0002446,2026-08-25T10:04:39.100000Z,ALTO.N,BUY,6578,42.0908,A-246,CLIENT-46,XLON
T-0002447,O-0002447,2026-08-25T10:04:39.950000Z,QUAD.N,SELL,6303,42.0916,A-247,CLIENT-47,XLON
T-0002448,O-0002448,2026-08-25T10:04:40.800000Z,MEGA.O,BUY,5268,42.0982,A-248,CLIENT-48,XLON
T-0002449,O-0002449,2026-08-25T10:04:41.650000Z,LIQD.P,SELL,6603,42.1056,A-249,CLIENT-49,XLON
T-0002450,O-0002450,2026-08-25T10:04:42.500000Z,NOVA.L,BUY,5000,42.1045,A-104,CLIENT-LINKED,XLON
T-0002451,O-0002451,2026-08-25T10:04:43.350000Z,NOVA.L,SELL,5001,42.1098,A-882,CLIENT-LINKED,XLON
T-0002452,O-0002452,2026-08-25T10:04:44.200000Z,NOVA.L,BUY,5002,42.1037,A-104,CLIENT-LINKED,XLON
T-0002453,O-0002453,2026-08-25T10:04:45.050000Z,NOVA.L,SELL,5003,42.1058,A-882,CLIENT-LINKED,XLON
T-0002454,O-0002454,2026-08-25T10:04:45.900000Z,LIQD.P,BUY,5484,42.1068,A-254,CLIENT-54,XLON
T-0002455,O-0002455,2026-08-25T10:04:46.750000Z,NOVA.L,SELL,4059,42.1052,A-255,CLIENT-55,XLON
T-0002456,O-0002456,2026-08-25T10:04:47.600000Z,ALTO.N,BUY,5087,42.1022,A-256,CLIENT-56,XLON
T-0002457,O-0002457,2026-08-25T10:04:48.450000Z,QUAD.N,SELL,6576,42.1145,A-257,CLIENT-57,XLON
T-0002458,O-0002458,2026-08-25T10:04:49.300000Z,MEGA.O,BUY,6161,42.1205,A-258,CLIENT-58,XLON
T-0002459,O-0002459,2026-08-25T10:04:50.150000Z,LIQD.P,SELL,4717,42.1276,A-259,CLIENT-59,XLON
T-0002460,O-0002460,2026-08-25T10:04:51Z,NOVA.L,BUY,5000,42.1234,A-104,CLIENT-LINKED,XLON
T-0002461,O-0002461,2026-08-25T10:04:51.850000Z,NOVA.L,SELL,5001,42.1188,A-882,CLIENT-LINKED,XLON
T-0002462,O-0002462,2026-08-25T10:04:52.700000Z,NOVA.L,BUY,5002,42.1245,A-104,CLIENT-LINKED,XLON
T-0002463,O-0002463,2026-08-25T10:04:53.550000Z,NOVA.L,SELL,5003,42.13,A-882,CLIENT-LINKED,XLON
T-0002464,O-0002464,2026-08-25T10:04:54.400000Z,LIQD.P,BUY,4190,42.1267,A-204,CLIENT-4,XLON
T-0002465,O-0002465,2026-08-25T10:04:55.250000Z,NOVA.L,SELL,6776,42.125,A-205,CLIENT-5,XLON
T-0002466,O-0002466,2026-08-25T10:04:56.100000Z,ALTO.N,BUY,5216,42.1353,A-206,CLIENT-6,XLON
T-0002467,O-0002467,2026-08-25T10:04:56.950000Z,QUAD.N,SELL,6427,42.1317,A-207,CLIENT-7,XLON
T-0002468,O-0002468,2026-08-25T10:04:57.800000Z,MEGA.O,BUY,6086,42.1438,A-208,CLIENT-8,XLON
T-0002469,O-0002469,2026-08-25T10:04:58.650000Z,LIQD.P,SELL,6310,42.1291,A-209,CLIENT-9,XLON
T-0002470,O-0002470,2026-08-25T10:04:59.500000Z,NOVA.L,BUY,5000,42.1429,A-104,CLIENT-LINKED,XLON
T-0002471,O-0002471,2026-08-25T10:05:00.350000Z,NOVA.L,SELL,5001,42.1351,A-882,CLIENT-LINKED,XLON
T-0002472,O-0002472,2026-08-25T10:05:01.200000Z,NOVA.L,BUY,5002,42.151,A-104,CLIENT-LINKED,XLON
T-0002473,O-0002473,2026-08-25T10:05:02.050000Z,NOVA.L,SELL,5003,42.153,A-882,CLIENT-LINKED,XLON
T-0002474,O-0002474,2026-08-25T10:05:02.900000Z,LIQD.P,BUY,4477,42.1395,A-214,CLIENT-14,XLON
T-0002475,O-0002475,2026-08-25T10:05:03.750000Z,NOVA.L,SELL,5813,42.1464,A-215,CLIENT-15,XLON
T-0002476,O-0002476,2026-08-25T10:05:04.600000Z,ALTO.N,BUY,5155,42.1614,A-216,CLIENT-16,XLON
T-0002477,O-0002477,2026-08-25T10:05:05.450000Z,QUAD.N,SELL,4006,42.1541,A-217,CLIENT-17,XLON
T-0002478,O-0002478,2026-08-25T10:05:06.300000Z,MEGA.O,BUY,6054,42.1589,A-218,CLIENT-18,XLON
T-0002479,O-0002479,2026-08-25T10:05:07.150000Z,LIQD.P,SELL,5451,42.1643,A-219,CLIENT-19,XLON
T-0002480,O-0002480,2026-08-25T10:05:08Z,NOVA.L,BUY,5000,41.9916,A-104,CLIENT-LINKED,XLON
T-0002481,O-0002481,2026-08-25T10:05:08.850000Z,NOVA.L,SELL,5001,42.0009,A-882,CLIENT-LINKED,XLON
T-0002482,O-0002482,2026-08-25T10:05:09.700000Z,NOVA.L,BUY,5002,42.0055,A-104,CLIENT-LINKED,XLON
T-0002483,O-0002483,2026-08-25T10:05:10.550000Z,NOVA.L,SELL,5003,41.9978,A-882,CLIENT-LINKED,XLON
T-0002484,O-0002484,2026-08-25T10:05:11.400000Z,LIQD.P,BUY,5841,42.0069,A-224,CLIENT-24,XLON
T-0002485,O-0002485,2026-08-25T10:05:12.250000Z,NOVA.L,SELL,4286,42.0196,A-225,CLIENT-25,XLON
T-0002486,O-0002486,2026-08-25T10:05:13.100000Z,ALTO.N,BUY,6476,42.0024,A-226,CLIENT-26,XLON
T-0002487,O-0002487,2026-08-25T10:05:13.950000Z,QUAD.N,SELL,5452,42.0122,A-227,CLIENT-27,XLON
T-0002488,O-0002488,2026-08-25T10:05:14.800000Z,MEGA.O,BUY,6082,42.017,A-228,CLIENT-28,XLON
T-0002489,O-0002489,2026-08-25T10:05:15.650000Z,LIQD.P,SELL,4172,42.0238,A-229,CLIENT-29,XLON
T-0002490,O-0002490,2026-08-25T10:05:16.500000Z,NOVA.L,BUY,5000,42.0293,A-104,CLIENT-LINKED,XLON
T-0002491,O-0002491,2026-08-25T10:05:17.350000Z,NOVA.L,SELL,5001,42.0248,A-882,CLIENT-LINKED,XLON
T-0002492,O-0002492,2026-08-25T10:05:18.200000Z,NOVA.L,BUY,5002,42.0318,A-104,CLIENT-LINKED,XLON
T-0002493,O-0002493,2026-08-25T10:05:19.050000Z,NOVA.L,SELL,5003,42.0272,A-882,CLIENT-LINKED,XLON
T-0002494,O-0002494,2026-08-25T10:05:19.900000Z,LIQD.P,BUY,6481,42.0314,A-234,CLIENT-34,XLON
T-0002495,O-0002495,2026-08-25T10:05:20.750000Z,NOVA.L,SELL,5196,42.0273,A-235,CLIENT-35,XLON
T-0002496,O-0002496,2026-08-25T10:05:21.600000Z,ALTO.N,BUY,4022,42.0383,A-236,CLIENT-36,XLON
T-0002497,O-0002497,2026-08-25T10:05:22.450000Z,QUAD.N,SELL,5661,42.0306,A-237,CLIENT-37,XLON
T-0002498,O-0002498,2026-08-25T10:05:23.300000Z,MEGA.O,BUY,6338,42.038,A-238,CLIENT-38,XLON
T-0002499,O-0002499,2026-08-25T10:05:24.150000Z,LIQD.P,SELL,6735,42.0411,A-239,CLIENT-39,XLON
T-0002500,O-0002500,2026-08-25T10:05:25Z,NOVA.L,BUY,5000,42.0443,A-104,CLIENT-LINKED,XLON
T-0002501,O-0002501,2026-08-25T10:05:25.850000Z,NOVA.L,SELL,5001,42.0343,A-882,CLIENT-LINKED,XLON
T-0002502,O-0002502,2026-08-25T10:05:26.700000Z,NOVA.L,BUY,5002,42.0492,A-104,CLIENT-LINKED,XLON
T-0002503,O-0002503,2026-08-25T10:05:27.550000Z,NOVA.L,SELL,5003,42.0404,A-882,CLIENT-LINKED,XLON
T-0002504,O-0002504,2026-08-25T10:05:28.400000Z,LIQD.P,BUY,5198,42.0451,A-244,CLIENT-44,XLON
T-0002505,O-0002505,2026-08-25T10:05:29.250000Z,NOVA.L,SELL,6395,42.0593,A-245,CLIENT-45,XLON
T-0002506,O-0002506,2026-08-25T10:05:30.100000Z,ALTO.N,BUY,4995,42.053,A-246,CLIENT-46,XLON
T-0002507,O-0002507,2026-08-25T10:05:30.950000Z,QUAD.N,SELL,5331,42.058,A-247,CLIENT-47,XLON
T-0002508,O-0002508,2026-08-25T10:05:31.800000Z,MEGA.O,BUY,3987,42.0639,A-248,CLIENT-48,XLON
T-0002509,O-0002509,2026-08-25T10:05:32.650000Z,LIQD.P,SELL,5816,42.0508,A-249,CLIENT-49,XLON
T-0002510,O-0002510,2026-08-25T10:05:33.500000Z,NOVA.L,BUY,5000,42.0643,A-104,CLIENT-LINKED,XLON
T-0002511,O-0002511,2026-08-25T10:05:34.350000Z,NOVA.L,SELL,5001,42.0664,A-882,CLIENT-LINKED,XLON
T-0002512,O-0002512,2026-08-25T10:05:35.200000Z,NOVA.L,BUY,5002,42.0561,A-104,CLIENT-LINKED,XLON
T-0002513,O-0002513,2026-08-25T10:05:36.050000Z,NOVA.L,SELL,5003,42.0682,A-882,CLIENT-LINKED,XLON
T-0002514,O-0002514,2026-08-25T10:05:36.900000Z,LIQD.P,BUY,4568,42.0604,A-254,CLIENT-54,XLON
T-0002515,O-0002515,2026-08-25T10:05:37.750000Z,NOVA.L,SELL,5409,42.0643,A-255,CLIENT-55,XLON
T-0002516,O-0002516,2026-08-25T10:05:38.600000Z,ALTO.N,BUY,4580,42.0763,A-256,CLIENT-56,XLON
T-0002517,O-0002517,2026-08-25T10:05:39.450000Z,QUAD.N,SELL,4241,42.0791,A-257,CLIENT-57,XLON
T-0002518,O-0002518,2026-08-25T10:05:40.300000Z,MEGA.O,BUY,3990,42.0845,A-258,CLIENT-58,XLON
T-0002519,O-0002519,2026-08-25T10:05:41.150000Z,LIQD.P,SELL,6553,42.0798,A-259,CLIENT-59,XLON
T-0002520,O-0002520,2026-08-25T10:05:42Z,NOVA.L,BUY,5000,42.0854,A-104,CLIENT-LINKED,XLON
T-0002521,O-0002521,2026-08-25T10:05:42.850000Z,NOVA.L,SELL,5001,42.081,A-882,CLIENT-LINKED,XLON
T-0002522,O-0002522,2026-08-25T10:05:43.700000Z,NOVA.L,BUY,5002,42.0872,A-104,CLIENT-LINKED,XLON
T-0002523,O-0002523,2026-08-25T10:05:44.550000Z,NOVA.L,SELL,5003,42.0951,A-882,CLIENT-LINKED,XLON
T-0002524,O-0002524,2026-08-25T10:05:45.400000Z,LIQD.P,BUY,4351,42.0973,A-204,CLIENT-4,XLON
T-0002525,O-0002525,2026-08-25T10:05:46.250000Z,NOVA.L,SELL,3817,42.0906,A-205,CLIENT-5,XLON
T-0002526,O-0002526,2026-08-25T10:05:47.100000Z,ALTO.N,BUY,3998,42.0931,A-206,CLIENT-6,XLON
T-0002527,O-0002527,2026-08-25T10:05:47.950000Z,QUAD.N,SELL,5572,42.1008,A-207,CLIENT-7,XLON
T-0002528,O-0002528,2026-08-25T10:05:48.800000Z,MEGA.O,BUY,5778,42.1045,A-208,CLIENT-8,XLON
T-0002529,O-0002529,2026-08-25T10:05:49.650000Z,LIQD.P,SELL,4525,42.1018,A-209,CLIENT-9,XLON
T-0002530,O-0002530,2026-08-25T10:05:50.500000Z,NOVA.L,BUY,5000,42.0935,A-104,CLIENT-LINKED,XLON
T-0002531,O-0002531,2026-08-25T10:05:51.350000Z,NOVA.L,SELL,5001,42.1083,A-882,CLIENT-LINKED,XLON
T-0002532,O-0002532,2026-08-25T10:05:52.200000Z,NOVA.L,BUY,5002,42.0961,A-104,CLIENT-LINKED,XLON
T-0002533,O-0002533,2026-08-25T10:05:53.050000Z,NOVA.L,SELL,5003,42.1092,A-882,CLIENT-LINKED,XLON
T-0002534,O-0002534,2026-08-25T10:05:53.900000Z,LIQD.P,BUY,6282,42.1157,A-214,CLIENT-14,XLON
T-0002535,O-0002535,2026-08-25T10:05:54.750000Z,NOVA.L,SELL,5864,42.1176,A-215,CLIENT-15,XLON
T-0002536,O-0002536,2026-08-25T10:05:55.600000Z,ALTO.N,BUY,5514,42.1216,A-216,CLIENT-16,XLON
T-0002537,O-0002537,2026-08-25T10:05:56.450000Z,QUAD.N,SELL,6636,42.1192,A-217,CLIENT-17,XLON
T-0002538,O-0002538,2026-08-25T10:05:57.300000Z,MEGA.O,BUY,4920,42.114,A-218,CLIENT-18,XLON
T-0002539,O-0002539,2026-08-25T10:05:58.150000Z,LIQD.P,SELL,5204,42.1274,A-219,CLIENT-19,XLON
T-0002540,O-0002540,2026-08-25T10:05:59Z,NOVA.L,BUY,5000,42.1191,A-104,CLIENT-LINKED,XLON
T-0002541,O-0002541,2026-08-25T10:05:59.850000Z,NOVA.L,SELL,5001,42.1147,A-882,CLIENT-LINKED,XLON
T-0002542,O-0002542,2026-08-25T10:06:00.700000Z,NOVA.L,BUY,5002,42.1223,A-104,CLIENT-LINKED,XLON
T-0002543,O-0002543,2026-08-25T10:06:01.550000Z,NOVA.L,SELL,5003,42.13,A-882,CLIENT-LINKED,XLON
T-0002544,O-0002544,2026-08-25T10:06:02.400000Z,LIQD.P,BUY,5898,42.124,A-224,CLIENT-24,XLON
T-0002545,O-0002545,2026-08-25T10:06:03.250000Z,NOVA.L,SELL,6673,42.131,A-225,CLIENT-25,XLON
T-0002546,O-0002546,2026-08-25T10:06:04.100000Z,ALTO.N,BUY,5085,42.1362,A-226,CLIENT-26,XLON
T-0002547,O-0002547,2026-08-25T10:06:04.950000Z,QUAD.N,SELL,6067,42.1367,A-227,CLIENT-27,XLON
T-0002548,O-0002548,2026-08-25T10:06:05.800000Z,MEGA.O,BUY,4622,42.1302,A-228,CLIENT-28,XLON
T-0002549,O-0002549,2026-08-25T10:06:06.650000Z,LIQD.P,SELL,6726,42.1338,A-229,CLIENT-29,XLON
T-0002550,O-0002550,2026-08-25T10:06:07.500000Z,NOVA.L,BUY,5000,42.1369,A-104,CLIENT-LINKED,XLON
T-0002551,O-0002551,2026-08-25T10:06:08.350000Z,NOVA.L,SELL,5001,42.1454,A-882,CLIENT-LINKED,XLON
T-0002552,O-0002552,2026-08-25T10:06:09.200000Z,NOVA.L,BUY,5002,42.1536,A-104,CLIENT-LINKED,XLON
T-0002553,O-0002553,2026-08-25T10:06:10.050000Z,NOVA.L,SELL,5003,42.149,A-882,CLIENT-LINKED,XLON
T-0002554,O-0002554,2026-08-25T10:06:10.900000Z,LIQD.P,BUY,4528,42.1481,A-234,CLIENT-34,XLON
T-0002555,O-0002555,2026-08-25T10:06:11.750000Z,NOVA.L,SELL,6643,42.1527,A-235,CLIENT-35,XLON
T-0002556,O-0002556,2026-08-25T10:06:12.600000Z,ALTO.N,BUY,6709,42.1443,A-236,CLIENT-36,XLON
T-0002557,O-0002557,2026-08-25T10:06:13.450000Z,QUAD.N,SELL,5242,42.1552,A-237,CLIENT-37,XLON
T-0002558,O-0002558,2026-08-25T10:06:14.300000Z,MEGA.O,BUY,6187,42.1574,A-238,CLIENT-38,XLON
T-0002559,O-0002559,2026-08-25T10:06:15.150000Z,LIQD.P,SELL,6532,42.1622,A-239,CLIENT-39,XLON
T-0002560,O-0002560,2026-08-25T10:06:16Z,NOVA.L,BUY,5000,42.0035,A-104,CLIENT-LINKED,XLON
T-0002561,O-0002561,2026-08-25T10:06:16.850000Z,NOVA.L,SELL,5001,42.0099,A-882,CLIENT-LINKED,XLON
T-0002562,O-0002562,2026-08-25T10:06:17.700000Z,NOVA.L,BUY,5002,42.0047,A-104,CLIENT-LINKED,XLON
T-0002563,O-0002563,2026-08-25T10:06:18.550000Z,NOVA.L,SELL,5003,42.0135,A-882,CLIENT-LINKED,XLON
T-0002564,O-0002564,2026-08-25T10:06:19.400000Z,LIQD.P,BUY,5530,42.0142,A-244,CLIENT-44,XLON
T-0002565,O-0002565,2026-08-25T10:06:20.250000Z,NOVA.L,SELL,5941,42.0021,A-245,CLIENT-45,XLON
T-0002566,O-0002566,2026-08-25T10:06:21.100000Z,ALTO.N,BUY,5360,42.0049,A-246,CLIENT-46,XLON
T-0002567,O-0002567,2026-08-25T10:06:21.950000Z,QUAD.N,SELL,6545,42.0051,A-247,CLIENT-47,XLON
T-0002568,O-0002568,2026-08-25T10:06:22.800000Z,MEGA.O,BUY,4893,42.021,A-248,CLIENT-48,XLON
T-0002569,O-0002569,2026-08-25T10:06:23.650000Z,LIQD.P,SELL,4459,42.0277,A-249,CLIENT-49,XLON
T-0002570,O-0002570,2026-08-25T10:06:24.500000Z,NOVA.L,BUY,5000,42.0237,A-104,CLIENT-LINKED,XLON
T-0002571,O-0002571,2026-08-25T10:06:25.350000Z,NOVA.L,SELL,5001,42.0149,A-882,CLIENT-LINKED,XLON
T-0002572,O-0002572,2026-08-25T10:06:26.200000Z,NOVA.L,BUY,5002,42.0152,A-104,CLIENT-LINKED,XLON
T-0002573,O-0002573,2026-08-25T10:06:27.050000Z,NOVA.L,SELL,5003,42.0317,A-882,CLIENT-LINKED,XLON
T-0002574,O-0002574,2026-08-25T10:06:27.900000Z,LIQD.P,BUY,4635,42.0331,A-254,CLIENT-54,XLON
T-0002575,O-0002575,2026-08-25T10:06:28.750000Z,NOVA.L,SELL,3932,42.0272,A-255,CLIENT-55,XLON
T-0002576,O-0002576,2026-08-25T10:06:29.600000Z,ALTO.N,BUY,5653,42.024,A-256,CLIENT-56,XLON
T-0002577,O-0002577,2026-08-25T10:06:30.450000Z,QUAD.N,SELL,6566,42.0388,A-257,CLIENT-57,XLON
T-0002578,O-0002578,2026-08-25T10:06:31.300000Z,MEGA.O,BUY,4718,42.0408,A-258,CLIENT-58,XLON
T-0002579,O-0002579,2026-08-25T10:06:32.150000Z,LIQD.P,SELL,6098,42.0358,A-259,CLIENT-59,XLON
T-0002580,O-0002580,2026-08-25T10:06:33Z,NOVA.L,BUY,5000,42.0402,A-104,CLIENT-LINKED,XLON
T-0002581,O-0002581,2026-08-25T10:06:33.850000Z,NOVA.L,SELL,5001,42.0479,A-882,CLIENT-LINKED,XLON
T-0002582,O-0002582,2026-08-25T10:06:34.700000Z,NOVA.L,BUY,5002,42.0479,A-104,CLIENT-LINKED,XLON
T-0002583,O-0002583,2026-08-25T10:06:35.550000Z,NOVA.L,SELL,5003,42.0499,A-882,CLIENT-LINKED,XLON
T-0002584,O-0002584,2026-08-25T10:06:36.400000Z,LIQD.P,BUY,3992,42.0565,A-204,CLIENT-4,XLON
T-0002585,O-0002585,2026-08-25T10:06:37.250000Z,NOVA.L,SELL,5387,42.0483,A-205,CLIENT-5,XLON
T-0002586,O-0002586,2026-08-25T10:06:38.100000Z,ALTO.N,BUY,6606,42.0483,A-206,CLIENT-6,XLON
T-0002587,O-0002587,2026-08-25T10:06:38.950000Z,QUAD.N,SELL,6061,42.0451,A-207,CLIENT-7,XLON
T-0002588,O-0002588,2026-08-25T10:06:39.800000Z,MEGA.O,BUY,4829,42.0501,A-208,CLIENT-8,XLON
T-0002589,O-0002589,2026-08-25T10:06:40.650000Z,LIQD.P,SELL,5614,42.0646,A-209,CLIENT-9,XLON
T-0002590,O-0002590,2026-08-25T10:06:41.500000Z,NOVA.L,BUY,5000,42.0682,A-104,CLIENT-LINKED,XLON
T-0002591,O-0002591,2026-08-25T10:06:42.350000Z,NOVA.L,SELL,5001,42.0661,A-882,CLIENT-LINKED,XLON
T-0002592,O-0002592,2026-08-25T10:06:43.200000Z,NOVA.L,BUY,5002,42.067,A-104,CLIENT-LINKED,XLON
T-0002593,O-0002593,2026-08-25T10:06:44.050000Z,NOVA.L,SELL,5003,42.0711,A-882,CLIENT-LINKED,XLON
T-0002594,O-0002594,2026-08-25T10:06:44.900000Z,LIQD.P,BUY,6038,42.0728,A-214,CLIENT-14,XLON
T-0002595,O-0002595,2026-08-25T10:06:45.750000Z,NOVA.L,SELL,4604,42.0755,A-215,CLIENT-15,XLON
T-0002596,O-0002596,2026-08-25T10:06:46.600000Z,ALTO.N,BUY,4592,42.0679,A-216,CLIENT-16,XLON
T-0002597,O-0002597,2026-08-25T10:06:47.450000Z,QUAD.N,SELL,4526,42.0837,A-217,CLIENT-17,XLON
T-0002598,O-0002598,2026-08-25T10:06:48.300000Z,MEGA.O,BUY,4105,42.0697,A-218,CLIENT-18,XLON
T-0002599,O-0002599,2026-08-25T10:06:49.150000Z,LIQD.P,SELL,4511,42.0827,A-219,CLIENT-19,XLON
T-0002600,O-0002600,2026-08-25T10:06:50Z,NOVA.L,BUY,5000,42.0724,A-104,CLIENT-LINKED,XLON
T-0002601,O-0002601,2026-08-25T10:06:50.850000Z,NOVA.L,SELL,5001,42.0728,A-882,CLIENT-LINKED,XLON
T-0002602,O-0002602,2026-08-25T10:06:51.700000Z,NOVA.L,BUY,5002,42.0796,A-104,CLIENT-LINKED,XLON
T-0002603,O-0002603,2026-08-25T10:06:52.550000Z,NOVA.L,SELL,5003,42.0813,A-882,CLIENT-LINKED,XLON
T-0002604,O-0002604,2026-08-25T10:06:53.400000Z,LIQD.P,BUY,4459,42.0897,A-224,CLIENT-24,XLON
T-0002605,O-0002605,2026-08-25T10:06:54.250000Z,NOVA.L,SELL,4844,42.0801,A-225,CLIENT-25,XLON
T-0002606,O-0002606,2026-08-25T10:06:55.100000Z,ALTO.N,BUY,5710,42.0962,A-226,CLIENT-26,XLON
T-0002607,O-0002607,2026-08-25T10:06:55.950000Z,QUAD.N,SELL,4434,42.0848,A-227,CLIENT-27,XLON
T-0002608,O-0002608,2026-08-25T10:06:56.800000Z,MEGA.O,BUY,5121,42.0979,A-228,CLIENT-28,XLON
T-0002609,O-0002609,2026-08-25T10:06:57.650000Z,LIQD.P,SELL,6361,42.1003,A-229,CLIENT-29,XLON
T-0002610,O-0002610,2026-08-25T10:06:58.500000Z,NOVA.L,BUY,5000,42.1032,A-104,CLIENT-LINKED,XLON
T-0002611,O-0002611,2026-08-25T10:06:59.350000Z,NOVA.L,SELL,5001,42.1018,A-882,CLIENT-LINKED,XLON
T-0002612,O-0002612,2026-08-25T10:07:00.200000Z,NOVA.L,BUY,5002,42.1055,A-104,CLIENT-LINKED,XLON
T-0002613,O-0002613,2026-08-25T10:07:01.050000Z,NOVA.L,SELL,5003,42.1032,A-882,CLIENT-LINKED,XLON
T-0002614,O-0002614,2026-08-25T10:07:01.900000Z,LIQD.P,BUY,6698,42.1044,A-234,CLIENT-34,XLON
T-0002615,O-0002615,2026-08-25T10:07:02.750000Z,NOVA.L,SELL,4700,42.1191,A-235,CLIENT-35,XLON
T-0002616,O-0002616,2026-08-25T10:07:03.600000Z,ALTO.N,BUY,5932,42.1034,A-236,CLIENT-36,XLON
T-0002617,O-0002617,2026-08-25T10:07:04.450000Z,QUAD.N,SELL,5869,42.1072,A-237,CLIENT-37,XLON
T-0002618,O-0002618,2026-08-25T10:07:05.300000Z,MEGA.O,BUY,6024,42.1167,A-238,CLIENT-38,XLON
T-0002619,O-0002619,2026-08-25T10:07:06.150000Z,LIQD.P,SELL,4176,42.115,A-239,CLIENT-39,XLON
T-0002620,O-0002620,2026-08-25T10:07:07Z,NOVA.L,BUY,5000,42.1277,A-104,CLIENT-LINKED,XLON
T-0002621,O-0002621,2026-08-25T10:07:07.850000Z,NOVA.L,SELL,5001,42.1253,A-882,CLIENT-LINKED,XLON
T-0002622,O-0002622,2026-08-25T10:07:08.700000Z,NOVA.L,BUY,5002,42.1206,A-104,CLIENT-LINKED,XLON
T-0002623,O-0002623,2026-08-25T10:07:09.550000Z,NOVA.L,SELL,5003,42.1219,A-882,CLIENT-LINKED,XLON
T-0002624,O-0002624,2026-08-25T10:07:10.400000Z,LIQD.P,BUY,6332,42.1286,A-244,CLIENT-44,XLON
T-0002625,O-0002625,2026-08-25T10:07:11.250000Z,NOVA.L,SELL,6099,42.1365,A-245,CLIENT-45,XLON
T-0002626,O-0002626,2026-08-25T10:07:12.100000Z,ALTO.N,BUY,6459,42.1222,A-246,CLIENT-46,XLON
T-0002627,O-0002627,2026-08-25T10:07:12.950000Z,QUAD.N,SELL,6539,42.1309,A-247,CLIENT-47,XLON
T-0002628,O-0002628,2026-08-25T10:07:13.800000Z,MEGA.O,BUY,4784,42.1441,A-248,CLIENT-48,XLON
T-0002629,O-0002629,2026-08-25T10:07:14.650000Z,LIQD.P,SELL,6313,42.1464,A-249,CLIENT-49,XLON
T-0002630,O-0002630,2026-08-25T10:07:15.500000Z,NOVA.L,BUY,5000,42.1349,A-104,CLIENT-LINKED,XLON
T-0002631,O-0002631,2026-08-25T10:07:16.350000Z,NOVA.L,SELL,5001,42.1328,A-882,CLIENT-LINKED,XLON
T-0002632,O-0002632,2026-08-25T10:07:17.200000Z,NOVA.L,BUY,5002,42.1517,A-104,CLIENT-LINKED,XLON
T-0002633,O-0002633,2026-08-25T10:07:18.050000Z,NOVA.L,SELL,5003,42.1436,A-882,CLIENT-LINKED,XLON
T-0002634,O-0002634,2026-08-25T10:07:18.900000Z,LIQD.P,BUY,4264,42.1457,A-254,CLIENT-54,XLON
T-0002635,O-0002635,2026-08-25T10:07:19.750000Z,NOVA.L,SELL,6012,42.1545,A-255,CLIENT-55,XLON
T-0002636,O-0002636,2026-08-25T10:07:20.600000Z,ALTO.N,BUY,3901,42.1602,A-256,CLIENT-56,XLON
T-0002637,O-0002637,2026-08-25T10:07:21.450000Z,QUAD.N,SELL,5335,42.1543,A-257,CLIENT-57,XLON
T-0002638,O-0002638,2026-08-25T10:07:22.300000Z,MEGA.O,BUY,5883,42.1549,A-258,CLIENT-58,XLON
T-0002639,O-0002639,2026-08-25T10:07:23.150000Z,LIQD.P,SELL,3979,42.1539,A-259,CLIENT-59,XLON
T-0002640,O-0002640,2026-08-25T10:07:24Z,NOVA.L,BUY,5000,42.003,A-104,CLIENT-LINKED,XLON
T-0002641,O-0002641,2026-08-25T10:07:24.850000Z,NOVA.L,SELL,5001,41.9984,A-882,CLIENT-LINKED,XLON
T-0002642,O-0002642,2026-08-25T10:07:25.700000Z,NOVA.L,BUY,5002,41.9956,A-104,CLIENT-LINKED,XLON
T-0002643,O-0002643,2026-08-25T10:07:26.550000Z,NOVA.L,SELL,5003,41.9979,A-882,CLIENT-LINKED,XLON
T-0002644,O-0002644,2026-08-25T10:07:27.400000Z,LIQD.P,BUY,6003,42.0087,A-204,CLIENT-4,XLON
T-0002645,O-0002645,2026-08-25T10:07:28.250000Z,NOVA.L,SELL,6367,42.0013,A-205,CLIENT-5,XLON
T-0002646,O-0002646,2026-08-25T10:07:29.100000Z,ALTO.N,BUY,6545,42.0146,A-206,CLIENT-6,XLON
T-0002647,O-0002647,2026-08-25T10:07:29.950000Z,QUAD.N,SELL,4673,42.0213,A-207,CLIENT-7,XLON
T-0002648,O-0002648,2026-08-25T10:07:30.800000Z,MEGA.O,BUY,5537,42.0227,A-208,CLIENT-8,XLON
T-0002649,O-0002649,2026-08-25T10:07:31.650000Z,LIQD.P,SELL,4642,42.0188,A-209,CLIENT-9,XLON
T-0002650,O-0002650,2026-08-25T10:07:32.500000Z,NOVA.L,BUY,5000,42.0241,A-104,CLIENT-LINKED,XLON
T-0002651,O-0002651,2026-08-25T10:07:33.350000Z,NOVA.L,SELL,5001,42.0315,A-882,CLIENT-LINKED,XLON
T-0002652,O-0002652,2026-08-25T10:07:34.200000Z,NOVA.L,BUY,5002,42.0295,A-104,CLIENT-LINKED,XLON
T-0002653,O-0002653,2026-08-25T10:07:35.050000Z,NOVA.L,SELL,5003,42.0289,A-882,CLIENT-LINKED,XLON
T-0002654,O-0002654,2026-08-25T10:07:35.900000Z,LIQD.P,BUY,4095,42.0329,A-214,CLIENT-14,XLON
T-0002655,O-0002655,2026-08-25T10:07:36.750000Z,NOVA.L,SELL,4429,42.0205,A-215,CLIENT-15,XLON
T-0002656,O-0002656,2026-08-25T10:07:37.600000Z,ALTO.N,BUY,6736,42.0286,A-216,CLIENT-16,XLON
T-0002657,O-0002657,2026-08-25T10:07:38.450000Z,QUAD.N,SELL,4158,42.0255,A-217,CLIENT-17,XLON
T-0002658,O-0002658,2026-08-25T10:07:39.300000Z,MEGA.O,BUY,4529,42.0419,A-218,CLIENT-18,XLON
T-0002659,O-0002659,2026-08-25T10:07:40.150000Z,LIQD.P,SELL,6085,42.0294,A-219,CLIENT-19,XLON
T-0002660,O-0002660,2026-08-25T10:07:41Z,NOVA.L,BUY,5000,42.0464,A-104,CLIENT-LINKED,XLON
T-0002661,O-0002661,2026-08-25T10:07:41.850000Z,NOVA.L,SELL,5001,42.0502,A-882,CLIENT-LINKED,XLON
T-0002662,O-0002662,2026-08-25T10:07:42.700000Z,NOVA.L,BUY,5002,42.0422,A-104,CLIENT-LINKED,XLON
T-0002663,O-0002663,2026-08-25T10:07:43.550000Z,NOVA.L,SELL,5003,42.045,A-882,CLIENT-LINKED,XLON
T-0002664,O-0002664,2026-08-25T10:07:44.400000Z,LIQD.P,BUY,5456,42.0467,A-224,CLIENT-24,XLON
T-0002665,O-0002665,2026-08-25T10:07:45.250000Z,NOVA.L,SELL,3869,42.0478,A-225,CLIENT-25,XLON
T-0002666,O-0002666,2026-08-25T10:07:46.100000Z,ALTO.N,BUY,4284,42.0527,A-226,CLIENT-26,XLON
T-0002667,O-0002667,2026-08-25T10:07:46.950000Z,QUAD.N,SELL,6427,42.0584,A-227,CLIENT-27,XLON
T-0002668,O-0002668,2026-08-25T10:07:47.800000Z,MEGA.O,BUY,4059,42.0611,A-228,CLIENT-28,XLON
T-0002669,O-0002669,2026-08-25T10:07:48.650000Z,LIQD.P,SELL,6198,42.0489,A-229,CLIENT-29,XLON
T-0002670,O-0002670,2026-08-25T10:07:49.500000Z,NOVA.L,BUY,5000,42.067,A-104,CLIENT-LINKED,XLON
T-0002671,O-0002671,2026-08-25T10:07:50.350000Z,NOVA.L,SELL,5001,42.0592,A-882,CLIENT-LINKED,XLON
T-0002672,O-0002672,2026-08-25T10:07:51.200000Z,NOVA.L,BUY,5002,42.0641,A-104,CLIENT-LINKED,XLON
T-0002673,O-0002673,2026-08-25T10:07:52.050000Z,NOVA.L,SELL,5003,42.0618,A-882,CLIENT-LINKED,XLON
T-0002674,O-0002674,2026-08-25T10:07:52.900000Z,LIQD.P,BUY,6609,42.064,A-234,CLIENT-34,XLON
T-0002675,O-0002675,2026-08-25T10:07:53.750000Z,NOVA.L,SELL,4154,42.0656,A-235,CLIENT-35,XLON
T-0002676,O-0002676,2026-08-25T10:07:54.600000Z,ALTO.N,BUY,5592,42.0696,A-236,CLIENT-36,XLON
T-0002677,O-0002677,2026-08-25T10:07:55.450000Z,QUAD.N,SELL,6506,42.0646,A-237,CLIENT-37,XLON
T-0002678,O-0002678,2026-08-25T10:07:56.300000Z,MEGA.O,BUY,4440,42.0767,A-238,CLIENT-38,XLON
T-0002679,O-0002679,2026-08-25T10:07:57.150000Z,LIQD.P,SELL,4358,42.0829,A-239,CLIENT-39,XLON
T-0002680,O-0002680,2026-08-25T10:07:58Z,NOVA.L,BUY,5000,42.0859,A-104,CLIENT-LINKED,XLON
T-0002681,O-0002681,2026-08-25T10:07:58.850000Z,NOVA.L,SELL,5001,42.089,A-882,CLIENT-LINKED,XLON
T-0002682,O-0002682,2026-08-25T10:07:59.700000Z,NOVA.L,BUY,5002,42.0799,A-104,CLIENT-LINKED,XLON
T-0002683,O-0002683,2026-08-25T10:08:00.550000Z,NOVA.L,SELL,5003,42.0887,A-882,CLIENT-LINKED,XLON
T-0002684,O-0002684,2026-08-25T10:08:01.400000Z,LIQD.P,BUY,5020,42.0915,A-244,CLIENT-44,XLON
T-0002685,O-0002685,2026-08-25T10:08:02.250000Z,NOVA.L,SELL,6787,42.093,A-245,CLIENT-45,XLON
T-0002686,O-0002686,2026-08-25T10:08:03.100000Z,ALTO.N,BUY,3845,42.0931,A-246,CLIENT-46,XLON
T-0002687,O-0002687,2026-08-25T10:08:03.950000Z,QUAD.N,SELL,6073,42.0868,A-247,CLIENT-47,XLON
T-0002688,O-0002688,2026-08-25T10:08:04.800000Z,MEGA.O,BUY,3971,42.0861,A-248,CLIENT-48,XLON
T-0002689,O-0002689,2026-08-25T10:08:05.650000Z,LIQD.P,SELL,6243,42.0959,A-249,CLIENT-49,XLON
T-0002690,O-0002690,2026-08-25T10:08:06.500000Z,NOVA.L,BUY,5000,42.101,A-104,CLIENT-LINKED,XLON
T-0002691,O-0002691,2026-08-25T10:08:07.350000Z,NOVA.L,SELL,5001,42.0937,A-882,CLIENT-LINKED,XLON
T-0002692,O-0002692,2026-08-25T10:08:08.200000Z,NOVA.L,BUY,5002,42.0982,A-104,CLIENT-LINKED,XLON
T-0002693,O-0002693,2026-08-25T10:08:09.050000Z,NOVA.L,SELL,5003,42.1108,A-882,CLIENT-LINKED,XLON
T-0002694,O-0002694,2026-08-25T10:08:09.900000Z,LIQD.P,BUY,6773,42.1049,A-254,CLIENT-54,XLON
T-0002695,O-0002695,2026-08-25T10:08:10.750000Z,NOVA.L,SELL,5490,42.1181,A-255,CLIENT-55,XLON
T-0002696,O-0002696,2026-08-25T10:08:11.600000Z,ALTO.N,BUY,5899,42.1048,A-256,CLIENT-56,XLON
T-0002697,O-0002697,2026-08-25T10:08:12.450000Z,QUAD.N,SELL,4553,42.1084,A-257,CLIENT-57,XLON
T-0002698,O-0002698,2026-08-25T10:08:13.300000Z,MEGA.O,BUY,4835,42.1099,A-258,CLIENT-58,XLON
T-0002699,O-0002699,2026-08-25T10:08:14.150000Z,LIQD.P,SELL,4542,42.1214,A-259,CLIENT-59,XLON
T-0002700,O-0002700,2026-08-25T10:08:15Z,NOVA.L,BUY,5000,42.1213,A-104,CLIENT-LINKED,XLON
T-0002701,O-0002701,2026-08-25T10:08:15.850000Z,NOVA.L,SELL,5001,42.1131,A-882,CLIENT-LINKED,XLON
T-0002702,O-0002702,2026-08-25T10:08:16.700000Z,NOVA.L,BUY,5002,42.129,A-104,CLIENT-LINKED,XLON
T-0002703,O-0002703,2026-08-25T10:08:17.550000Z,NOVA.L,SELL,5003,42.1358,A-882,CLIENT-LINKED,XLON
T-0002704,O-0002704,2026-08-25T10:08:18.400000Z,LIQD.P,BUY,6048,42.1272,A-204,CLIENT-4,XLON
T-0002705,O-0002705,2026-08-25T10:08:19.250000Z,NOVA.L,SELL,6051,42.1215,A-205,CLIENT-5,XLON
T-0002706,O-0002706,2026-08-25T10:08:20.100000Z,ALTO.N,BUY,6551,42.1233,A-206,CLIENT-6,XLON
T-0002707,O-0002707,2026-08-25T10:08:20.950000Z,QUAD.N,SELL,4202,42.1279,A-207,CLIENT-7,XLON
T-0002708,O-0002708,2026-08-25T10:08:21.800000Z,MEGA.O,BUY,6178,42.1357,A-208,CLIENT-8,XLON
T-0002709,O-0002709,2026-08-25T10:08:22.650000Z,LIQD.P,SELL,5155,42.1351,A-209,CLIENT-9,XLON
T-0002710,O-0002710,2026-08-25T10:08:23.500000Z,NOVA.L,BUY,5000,42.1434,A-104,CLIENT-LINKED,XLON
T-0002711,O-0002711,2026-08-25T10:08:24.350000Z,NOVA.L,SELL,5001,42.1367,A-882,CLIENT-LINKED,XLON
T-0002712,O-0002712,2026-08-25T10:08:25.200000Z,NOVA.L,BUY,5002,42.1397,A-104,CLIENT-LINKED,XLON
T-0002713,O-0002713,2026-08-25T10:08:26.050000Z,NOVA.L,SELL,5003,42.1374,A-882,CLIENT-LINKED,XLON
T-0002714,O-0002714,2026-08-25T10:08:26.900000Z,LIQD.P,BUY,4592,42.1444,A-214,CLIENT-14,XLON
T-0002715,O-0002715,2026-08-25T10:08:27.750000Z,NOVA.L,SELL,5645,42.1466,A-215,CLIENT-15,XLON
T-0002716,O-0002716,2026-08-25T10:08:28.600000Z,ALTO.N,BUY,6500,42.1481,A-216,CLIENT-16,XLON
T-0002717,O-0002717,2026-08-25T10:08:29.450000Z,QUAD.N,SELL,6192,42.147,A-217,CLIENT-17,XLON
T-0002718,O-0002718,2026-08-25T10:08:30.300000Z,MEGA.O,BUY,6121,42.1533,A-218,CLIENT-18,XLON
T-0002719,O-0002719,2026-08-25T10:08:31.150000Z,LIQD.P,SELL,5095,42.1672,A-219,CLIENT-19,XLON
T-0002720,O-0002720,2026-08-25T10:08:32Z,NOVA.L,BUY,5000,41.9934,A-104,CLIENT-LINKED,XLON
T-0002721,O-0002721,2026-08-25T10:08:32.850000Z,NOVA.L,SELL,5001,41.9983,A-882,CLIENT-LINKED,XLON
T-0002722,O-0002722,2026-08-25T10:08:33.700000Z,NOVA.L,BUY,5002,42.0097,A-104,CLIENT-LINKED,XLON
T-0002723,O-0002723,2026-08-25T10:08:34.550000Z,NOVA.L,SELL,5003,42.0102,A-882,CLIENT-LINKED,XLON
T-0002724,O-0002724,2026-08-25T10:08:35.400000Z,LIQD.P,BUY,6424,42.0067,A-224,CLIENT-24,XLON
T-0002725,O-0002725,2026-08-25T10:08:36.250000Z,NOVA.L,SELL,5272,42.0027,A-225,CLIENT-25,XLON
T-0002726,O-0002726,2026-08-25T10:08:37.100000Z,ALTO.N,BUY,5158,42.0196,A-226,CLIENT-26,XLON
T-0002727,O-0002727,2026-08-25T10:08:37.950000Z,QUAD.N,SELL,5695,42.0129,A-227,CLIENT-27,XLON
T-0002728,O-0002728,2026-08-25T10:08:38.800000Z,MEGA.O,BUY,5051,42.0157,A-228,CLIENT-28,XLON
T-0002729,O-0002729,2026-08-25T10:08:39.650000Z,LIQD.P,SELL,4245,42.0115,A-229,CLIENT-29,XLON
T-0002730,O-0002730,2026-08-25T10:08:40.500000Z,NOVA.L,BUY,5000,42.0221,A-104,CLIENT-LINKED,XLON
T-0002731,O-0002731,2026-08-25T10:08:41.350000Z,NOVA.L,SELL,5001,42.0288,A-882,CLIENT-LINKED,XLON
T-0002732,O-0002732,2026-08-25T10:08:42.200000Z,NOVA.L,BUY,5002,42.0312,A-104,CLIENT-LINKED,XLON
T-0002733,O-0002733,2026-08-25T10:08:43.050000Z,NOVA.L,SELL,5003,42.0188,A-882,CLIENT-LINKED,XLON
T-0002734,O-0002734,2026-08-25T10:08:43.900000Z,LIQD.P,BUY,6006,42.0219,A-234,CLIENT-34,XLON
T-0002735,O-0002735,2026-08-25T10:08:44.750000Z,NOVA.L,SELL,6366,42.0215,A-235,CLIENT-35,XLON
T-0002736,O-0002736,2026-08-25T10:08:45.600000Z,ALTO.N,BUY,4108,42.0398,A-236,CLIENT-36,XLON
T-0002737,O-0002737,2026-08-25T10:08:46.450000Z,QUAD.N,SELL,5877,42.0366,A-237,CLIENT-37,XLON
T-0002738,O-0002738,2026-08-25T10:08:47.300000Z,MEGA.O,BUY,6183,42.0376,A-238,CLIENT-38,XLON
T-0002739,O-0002739,2026-08-25T10:08:48.150000Z,LIQD.P,SELL,6216,42.0323,A-239,CLIENT-39,XLON
T-0002740,O-0002740,2026-08-25T10:08:49Z,NOVA.L,BUY,5000,42.0307,A-104,CLIENT-LINKED,XLON
T-0002741,O-0002741,2026-08-25T10:08:49.850000Z,NOVA.L,SELL,5001,42.0372,A-882,CLIENT-LINKED,XLON
T-0002742,O-0002742,2026-08-25T10:08:50.700000Z,NOVA.L,BUY,5002,42.0519,A-104,CLIENT-LINKED,XLON
T-0002743,O-0002743,2026-08-25T10:08:51.550000Z,NOVA.L,SELL,5003,42.0468,A-882,CLIENT-LINKED,XLON
T-0002744,O-0002744,2026-08-25T10:08:52.400000Z,LIQD.P,BUY,6478,42.0535,A-244,CLIENT-44,XLON
T-0002745,O-0002745,2026-08-25T10:08:53.250000Z,NOVA.L,SELL,5298,42.0478,A-245,CLIENT-45,XLON
T-0002746,O-0002746,2026-08-25T10:08:54.100000Z,ALTO.N,BUY,6215,42.0567,A-246,CLIENT-46,XLON
T-0002747,O-0002747,2026-08-25T10:08:54.950000Z,QUAD.N,SELL,4991,42.0467,A-247,CLIENT-47,XLON
T-0002748,O-0002748,2026-08-25T10:08:55.800000Z,MEGA.O,BUY,5852,42.0562,A-248,CLIENT-48,XLON
T-0002749,O-0002749,2026-08-25T10:08:56.650000Z,LIQD.P,SELL,5425,42.0553,A-249,CLIENT-49,XLON
T-0002750,O-0002750,2026-08-25T10:08:57.500000Z,NOVA.L,BUY,5000,42.0502,A-104,CLIENT-LINKED,XLON
T-0002751,O-0002751,2026-08-25T10:08:58.350000Z,NOVA.L,SELL,5001,42.0568,A-882,CLIENT-LINKED,XLON
T-0002752,O-0002752,2026-08-25T10:08:59.200000Z,NOVA.L,BUY,5002,42.0733,A-104,CLIENT-LINKED,XLON
T-0002753,O-0002753,2026-08-25T10:09:00.050000Z,NOVA.L,SELL,5003,42.0756,A-882,CLIENT-LINKED,XLON
T-0002754,O-0002754,2026-08-25T10:09:00.900000Z,LIQD.P,BUY,6602,42.0613,A-254,CLIENT-54,XLON
T-0002755,O-0002755,2026-08-25T10:09:01.750000Z,NOVA.L,SELL,5905,42.0628,A-255,CLIENT-55,XLON
T-0002756,O-0002756,2026-08-25T10:09:02.600000Z,ALTO.N,BUY,4452,42.0656,A-256,CLIENT-56,XLON
T-0002757,O-0002757,2026-08-25T10:09:03.450000Z,QUAD.N,SELL,6117,42.0772,A-257,CLIENT-57,XLON
T-0002758,O-0002758,2026-08-25T10:09:04.300000Z,MEGA.O,BUY,4398,42.0807,A-258,CLIENT-58,XLON
T-0002759,O-0002759,2026-08-25T10:09:05.150000Z,LIQD.P,SELL,5780,42.0868,A-259,CLIENT-59,XLON
T-0002760,O-0002760,2026-08-25T10:09:06Z,NOVA.L,BUY,5000,42.0708,A-104,CLIENT-LINKED,XLON
T-0002761,O-0002761,2026-08-25T10:09:06.850000Z,NOVA.L,SELL,5001,42.0872,A-882,CLIENT-LINKED,XLON
T-0002762,O-0002762,2026-08-25T10:09:07.700000Z,NOVA.L,BUY,5002,42.0786,A-104,CLIENT-LINKED,XLON
T-0002763,O-0002763,2026-08-25T10:09:08.550000Z,NOVA.L,SELL,5003,42.0813,A-882,CLIENT-LINKED,XLON
T-0002764,O-0002764,2026-08-25T10:09:09.400000Z,LIQD.P,BUY,4758,42.0789,A-204,CLIENT-4,XLON
T-0002765,O-0002765,2026-08-25T10:09:10.250000Z,NOVA.L,SELL,4646,42.0904,A-205,CLIENT-5,XLON
T-0002766,O-0002766,2026-08-25T10:09:11.100000Z,ALTO.N,BUY,5279,42.0898,A-206,CLIENT-6,XLON
T-0002767,O-0002767,2026-08-25T10:09:11.950000Z,QUAD.N,SELL,5662,42.1016,A-207,CLIENT-7,XLON
T-0002768,O-0002768,2026-08-25T10:09:12.800000Z,MEGA.O,BUY,3963,42.1056,A-208,CLIENT-8,XLON
T-0002769,O-0002769,2026-08-25T10:09:13.650000Z,LIQD.P,SELL,5127,42.0901,A-209,CLIENT-9,XLON
T-0002770,O-0002770,2026-08-25T10:09:14.500000Z,NOVA.L,BUY,5000,42.1094,A-104,CLIENT-LINKED,XLON
T-0002771,O-0002771,2026-08-25T10:09:15.350000Z,NOVA.L,SELL,5001,42.1047,A-882,CLIENT-LINKED,XLON
T-0002772,O-0002772,2026-08-25T10:09:16.200000Z,NOVA.L,BUY,5002,42.0995,A-104,CLIENT-LINKED,XLON
T-0002773,O-0002773,2026-08-25T10:09:17.050000Z,NOVA.L,SELL,5003,42.1108,A-882,CLIENT-LINKED,XLON
T-0002774,O-0002774,2026-08-25T10:09:17.900000Z,LIQD.P,BUY,6170,42.1089,A-214,CLIENT-14,XLON
T-0002775,O-0002775,2026-08-25T10:09:18.750000Z,NOVA.L,SELL,4512,42.1075,A-215,CLIENT-15,XLON
T-0002776,O-0002776,2026-08-25T10:09:19.600000Z,ALTO.N,BUY,5350,42.1093,A-216,CLIENT-16,XLON
T-0002777,O-0002777,2026-08-25T10:09:20.450000Z,QUAD.N,SELL,6476,42.122,A-217,CLIENT-17,XLON
T-0002778,O-0002778,2026-08-25T10:09:21.300000Z,MEGA.O,BUY,4118,42.1163,A-218,CLIENT-18,XLON
T-0002779,O-0002779,2026-08-25T10:09:22.150000Z,LIQD.P,SELL,5341,42.1275,A-219,CLIENT-19,XLON
T-0002780,O-0002780,2026-08-25T10:09:23Z,NOVA.L,BUY,5000,42.1145,A-104,CLIENT-LINKED,XLON
T-0002781,O-0002781,2026-08-25T10:09:23.850000Z,NOVA.L,SELL,5001,42.1201,A-882,CLIENT-LINKED,XLON
T-0002782,O-0002782,2026-08-25T10:09:24.700000Z,NOVA.L,BUY,5002,42.1303,A-104,CLIENT-LINKED,XLON
T-0002783,O-0002783,2026-08-25T10:09:25.550000Z,NOVA.L,SELL,5003,42.1229,A-882,CLIENT-LINKED,XLON
T-0002784,O-0002784,2026-08-25T10:09:26.400000Z,LIQD.P,BUY,5774,42.1357,A-224,CLIENT-24,XLON
T-0002785,O-0002785,2026-08-25T10:09:27.250000Z,NOVA.L,SELL,3827,42.13,A-225,CLIENT-25,XLON
T-0002786,O-0002786,2026-08-25T10:09:28.100000Z,ALTO.N,BUY,4369,42.1308,A-226,CLIENT-26,XLON
T-0002787,O-0002787,2026-08-25T10:09:28.950000Z,QUAD.N,SELL,4742,42.1255,A-227,CLIENT-27,XLON
T-0002788,O-0002788,2026-08-25T10:09:29.800000Z,MEGA.O,BUY,6435,42.1316,A-228,CLIENT-28,XLON
T-0002789,O-0002789,2026-08-25T10:09:30.650000Z,LIQD.P,SELL,4415,42.1317,A-229,CLIENT-29,XLON
T-0002790,O-0002790,2026-08-25T10:09:31.500000Z,NOVA.L,BUY,5000,42.1372,A-104,CLIENT-LINKED,XLON
T-0002791,O-0002791,2026-08-25T10:09:32.350000Z,NOVA.L,SELL,5001,42.1463,A-882,CLIENT-LINKED,XLON
T-0002792,O-0002792,2026-08-25T10:09:33.200000Z,NOVA.L,BUY,5002,42.1364,A-104,CLIENT-LINKED,XLON
T-0002793,O-0002793,2026-08-25T10:09:34.050000Z,NOVA.L,SELL,5003,42.1406,A-882,CLIENT-LINKED,XLON
T-0002794,O-0002794,2026-08-25T10:09:34.900000Z,LIQD.P,BUY,5152,42.1524,A-234,CLIENT-34,XLON
T-0002795,O-0002795,2026-08-25T10:09:35.750000Z,NOVA.L,SELL,5772,42.1535,A-235,CLIENT-35,XLON
T-0002796,O-0002796,2026-08-25T10:09:36.600000Z,ALTO.N,BUY,5762,42.1462,A-236,CLIENT-36,XLON
T-0002797,O-0002797,2026-08-25T10:09:37.450000Z,QUAD.N,SELL,4460,42.1569,A-237,CLIENT-37,XLON
T-0002798,O-0002798,2026-08-25T10:09:38.300000Z,MEGA.O,BUY,5483,42.1464,A-238,CLIENT-38,XLON
T-0002799,O-0002799,2026-08-25T10:09:39.150000Z,LIQD.P,SELL,3976,42.1506,A-239,CLIENT-39,XLON
T-0002800,O-0002800,2026-08-25T10:09:40Z,NOVA.L,BUY,5000,42.0018,A-104,CLIENT-LINKED,XLON
T-0002801,O-0002801,2026-08-25T10:09:40.850000Z,NOVA.L,SELL,5001,41.9947,A-882,CLIENT-LINKED,XLON
T-0002802,O-0002802,2026-08-25T10:09:41.700000Z,NOVA.L,BUY,5002,42.0043,A-104,CLIENT-LINKED,XLON
T-0002803,O-0002803,2026-08-25T10:09:42.550000Z,NOVA.L,SELL,5003,42.0138,A-882,CLIENT-LINKED,XLON
T-0002804,O-0002804,2026-08-25T10:09:43.400000Z,LIQD.P,BUY,4401,41.9991,A-244,CLIENT-44,XLON
T-0002805,O-0002805,2026-08-25T10:09:44.250000Z,NOVA.L,SELL,4857,42.0184,A-245,CLIENT-45,XLON
T-0002806,O-0002806,2026-08-25T10:09:45.100000Z,ALTO.N,BUY,5916,42.0212,A-246,CLIENT-46,XLON
T-0002807,O-0002807,2026-08-25T10:09:45.950000Z,QUAD.N,SELL,6254,42.0234,A-247,CLIENT-47,XLON
T-0002808,O-0002808,2026-08-25T10:09:46.800000Z,MEGA.O,BUY,6411,42.0064,A-248,CLIENT-48,XLON
T-0002809,O-0002809,2026-08-25T10:09:47.650000Z,LIQD.P,SELL,6747,42.0226,A-249,CLIENT-49,XLON
T-0002810,O-0002810,2026-08-25T10:09:48.500000Z,NOVA.L,BUY,5000,42.0264,A-104,CLIENT-LINKED,XLON
T-0002811,O-0002811,2026-08-25T10:09:49.350000Z,NOVA.L,SELL,5001,42.0309,A-882,CLIENT-LINKED,XLON
T-0002812,O-0002812,2026-08-25T10:09:50.200000Z,NOVA.L,BUY,5002,42.0183,A-104,CLIENT-LINKED,XLON
T-0002813,O-0002813,2026-08-25T10:09:51.050000Z,NOVA.L,SELL,5003,42.0281,A-882,CLIENT-LINKED,XLON
T-0002814,O-0002814,2026-08-25T10:09:51.900000Z,LIQD.P,BUY,5730,42.0353,A-254,CLIENT-54,XLON
T-0002815,O-0002815,2026-08-25T10:09:52.750000Z,NOVA.L,SELL,4498,42.0244,A-255,CLIENT-55,XLON
T-0002816,O-0002816,2026-08-25T10:09:53.600000Z,ALTO.N,BUY,5482,42.034,A-256,CLIENT-56,XLON
T-0002817,O-0002817,2026-08-25T10:09:54.450000Z,QUAD.N,SELL,6186,42.0404,A-257,CLIENT-57,XLON
T-0002818,O-0002818,2026-08-25T10:09:55.300000Z,MEGA.O,BUY,4544,42.0385,A-258,CLIENT-58,XLON
T-0002819,O-0002819,2026-08-25T10:09:56.150000Z,LIQD.P,SELL,5892,42.0333,A-259,CLIENT-59,XLON
T-0002820,O-0002820,2026-08-25T10:09:57Z,NOVA.L,BUY,5000,42.0445,A-104,CLIENT-LINKED,XLON
T-0002821,O-0002821,2026-08-25T10:09:57.850000Z,NOVA.L,SELL,5001,42.0389,A-882,CLIENT-LINKED,XLON
T-0002822,O-0002822,2026-08-25T10:09:58.700000Z,NOVA.L,BUY,5002,42.0431,A-104,CLIENT-LINKED,XLON
T-0002823,O-0002823,2026-08-25T10:09:59.550000Z,NOVA.L,SELL,5003,42.0478,A-882,CLIENT-LINKED,XLON
T-0002824,O-0002824,2026-08-25T10:10:00.400000Z,LIQD.P,BUY,4741,42.0456,A-204,CLIENT-4,XLON
T-0002825,O-0002825,2026-08-25T10:10:01.250000Z,NOVA.L,SELL,4341,42.0422,A-205,CLIENT-5,XLON
T-0002826,O-0002826,2026-08-25T10:10:02.100000Z,ALTO.N,BUY,4628,42.0525,A-206,CLIENT-6,XLON
T-0002827,O-0002827,2026-08-25T10:10:02.950000Z,QUAD.N,SELL,5865,42.0577,A-207,CLIENT-7,XLON
T-0002828,O-0002828,2026-08-25T10:10:03.800000Z,MEGA.O,BUY,4412,42.0581,A-208,CLIENT-8,XLON
T-0002829,O-0002829,2026-08-25T10:10:04.650000Z,LIQD.P,SELL,4526,42.0575,A-209,CLIENT-9,XLON
T-0002830,O-0002830,2026-08-25T10:10:05.500000Z,NOVA.L,BUY,5000,42.0623,A-104,CLIENT-LINKED,XLON
T-0002831,O-0002831,2026-08-25T10:10:06.350000Z,NOVA.L,SELL,5001,42.0528,A-882,CLIENT-LINKED,XLON
T-0002832,O-0002832,2026-08-25T10:10:07.200000Z,NOVA.L,BUY,5002,42.0697,A-104,CLIENT-LINKED,XLON
T-0002833,O-0002833,2026-08-25T10:10:08.050000Z,NOVA.L,SELL,5003,42.0661,A-882,CLIENT-LINKED,XLON
T-0002834,O-0002834,2026-08-25T10:10:08.900000Z,LIQD.P,BUY,4281,42.0599,A-214,CLIENT-14,XLON
T-0002835,O-0002835,2026-08-25T10:10:09.750000Z,NOVA.L,SELL,6500,42.0626,A-215,CLIENT-15,XLON
T-0002836,O-0002836,2026-08-25T10:10:10.600000Z,ALTO.N,BUY,6271,42.0728,A-216,CLIENT-16,XLON
T-0002837,O-0002837,2026-08-25T10:10:11.450000Z,QUAD.N,SELL,3804,42.0819,A-217,CLIENT-17,XLON
T-0002838,O-0002838,2026-08-25T10:10:12.300000Z,MEGA.O,BUY,6579,42.079,A-218,CLIENT-18,XLON
T-0002839,O-0002839,2026-08-25T10:10:13.150000Z,LIQD.P,SELL,5938,42.0764,A-219,CLIENT-19,XLON
T-0002840,O-0002840,2026-08-25T10:10:14Z,NOVA.L,BUY,5000,42.0875,A-104,CLIENT-LINKED,XLON
T-0002841,O-0002841,2026-08-25T10:10:14.850000Z,NOVA.L,SELL,5001,42.086,A-882,CLIENT-LINKED,XLON
T-0002842,O-0002842,2026-08-25T10:10:15.700000Z,NOVA.L,BUY,5002,42.0826,A-104,CLIENT-LINKED,XLON
T-0002843,O-0002843,2026-08-25T10:10:16.550000Z,NOVA.L,SELL,5003,42.0948,A-882,CLIENT-LINKED,XLON
T-0002844,O-0002844,2026-08-25T10:10:17.400000Z,LIQD.P,BUY,5774,42.0938,A-224,CLIENT-24,XLON
T-0002845,O-0002845,2026-08-25T10:10:18.250000Z,NOVA.L,SELL,5361,42.087,A-225,CLIENT-25,XLON
T-0002846,O-0002846,2026-08-25T10:10:19.100000Z,ALTO.N,BUY,6653,42.0935,A-226,CLIENT-26,XLON
T-0002847,O-0002847,2026-08-25T10:10:19.950000Z,QUAD.N,SELL,5542,42.0867,A-227,CLIENT-27,XLON
T-0002848,O-0002848,2026-08-25T10:10:20.800000Z,MEGA.O,BUY,5754,42.1013,A-228,CLIENT-28,XLON
T-0002849,O-0002849,2026-08-25T10:10:21.650000Z,LIQD.P,SELL,4143,42.0937,A-229,CLIENT-29,XLON
T-0002850,O-0002850,2026-08-25T10:10:22.500000Z,NOVA.L,BUY,5000,42.1075,A-104,CLIENT-LINKED,XLON
T-0002851,O-0002851,2026-08-25T10:10:23.350000Z,NOVA.L,SELL,5001,42.1002,A-882,CLIENT-LINKED,XLON
T-0002852,O-0002852,2026-08-25T10:10:24.200000Z,NOVA.L,BUY,5002,42.0978,A-104,CLIENT-LINKED,XLON
T-0002853,O-0002853,2026-08-25T10:10:25.050000Z,NOVA.L,SELL,5003,42.1102,A-882,CLIENT-LINKED,XLON
T-0002854,O-0002854,2026-08-25T10:10:25.900000Z,LIQD.P,BUY,3829,42.1096,A-234,CLIENT-34,XLON
T-0002855,O-0002855,2026-08-25T10:10:26.750000Z,NOVA.L,SELL,4282,42.1104,A-235,CLIENT-35,XLON
T-0002856,O-0002856,2026-08-25T10:10:27.600000Z,ALTO.N,BUY,5336,42.1151,A-236,CLIENT-36,XLON
T-0002857,O-0002857,2026-08-25T10:10:28.450000Z,QUAD.N,SELL,6617,42.1201,A-237,CLIENT-37,XLON
T-0002858,O-0002858,2026-08-25T10:10:29.300000Z,MEGA.O,BUY,5474,42.1132,A-238,CLIENT-38,XLON
T-0002859,O-0002859,2026-08-25T10:10:30.150000Z,LIQD.P,SELL,4433,42.1165,A-239,CLIENT-39,XLON
T-0002860,O-0002860,2026-08-25T10:10:31Z,NOVA.L,BUY,5000,42.1217,A-104,CLIENT-LINKED,XLON
T-0002861,O-0002861,2026-08-25T10:10:31.850000Z,NOVA.L,SELL,5001,42.1172,A-882,CLIENT-LINKED,XLON
T-0002862,O-0002862,2026-08-25T10:10:32.700000Z,NOVA.L,BUY,5002,42.1247,A-104,CLIENT-LINKED,XLON
T-0002863,O-0002863,2026-08-25T10:10:33.550000Z,NOVA.L,SELL,5003,42.1273,A-882,CLIENT-LINKED,XLON
T-0002864,O-0002864,2026-08-25T10:10:34.400000Z,LIQD.P,BUY,6306,42.1235,A-244,CLIENT-44,XLON
T-0002865,O-0002865,2026-08-25T10:10:35.250000Z,NOVA.L,SELL,6587,42.1279,A-245,CLIENT-45,XLON
T-0002866,O-0002866,2026-08-25T10:10:36.100000Z,ALTO.N,BUY,4634,42.1303,A-246,CLIENT-46,XLON
T-0002867,O-0002867,2026-08-25T10:10:36.950000Z,QUAD.N,SELL,6083,42.1336,A-247,CLIENT-47,XLON
T-0002868,O-0002868,2026-08-25T10:10:37.800000Z,MEGA.O,BUY,5316,42.1372,A-248,CLIENT-48,XLON
T-0002869,O-0002869,2026-08-25T10:10:38.650000Z,LIQD.P,SELL,5781,42.1331,A-249,CLIENT-49,XLON
T-0002870,O-0002870,2026-08-25T10:10:39.500000Z,NOVA.L,BUY,5000,42.1361,A-104,CLIENT-LINKED,XLON
T-0002871,O-0002871,2026-08-25T10:10:40.350000Z,NOVA.L,SELL,5001,42.1389,A-882,CLIENT-LINKED,XLON
T-0002872,O-0002872,2026-08-25T10:10:41.200000Z,NOVA.L,BUY,5002,42.1481,A-104,CLIENT-LINKED,XLON
T-0002873,O-0002873,2026-08-25T10:10:42.050000Z,NOVA.L,SELL,5003,42.1507,A-882,CLIENT-LINKED,XLON
T-0002874,O-0002874,2026-08-25T10:10:42.900000Z,LIQD.P,BUY,6500,42.1404,A-254,CLIENT-54,XLON
T-0002875,O-0002875,2026-08-25T10:10:43.750000Z,NOVA.L,SELL,4741,42.1489,A-255,CLIENT-55,XLON
T-0002876,O-0002876,2026-08-25T10:10:44.600000Z,ALTO.N,BUY,6664,42.161,A-256,CLIENT-56,XLON
T-0002877,O-0002877,2026-08-25T10:10:45.450000Z,QUAD.N,SELL,4210,42.1483,A-257,CLIENT-57,XLON
T-0002878,O-0002878,2026-08-25T10:10:46.300000Z,MEGA.O,BUY,5440,42.1617,A-258,CLIENT-58,XLON
T-0002879,O-0002879,2026-08-25T10:10:47.150000Z,LIQD.P,SELL,6055,42.1603,A-259,CLIENT-59,XLON
T-0002880,O-0002880,2026-08-25T10:10:48Z,NOVA.L,BUY,5000,42.0037,A-104,CLIENT-LINKED,XLON
T-0002881,O-0002881,2026-08-25T10:10:48.850000Z,NOVA.L,SELL,5001,41.993,A-882,CLIENT-LINKED,XLON
T-0002882,O-0002882,2026-08-25T10:10:49.700000Z,NOVA.L,BUY,5002,42.0018,A-104,CLIENT-LINKED,XLON
T-0002883,O-0002883,2026-08-25T10:10:50.550000Z,NOVA.L,SELL,5003,42.0087,A-882,CLIENT-LINKED,XLON
T-0002884,O-0002884,2026-08-25T10:10:51.400000Z,LIQD.P,BUY,4173,42.0145,A-204,CLIENT-4,XLON
T-0002885,O-0002885,2026-08-25T10:10:52.250000Z,NOVA.L,SELL,5731,42.0185,A-205,CLIENT-5,XLON
T-0002886,O-0002886,2026-08-25T10:10:53.100000Z,ALTO.N,BUY,5583,42.0038,A-206,CLIENT-6,XLON
T-0002887,O-0002887,2026-08-25T10:10:53.950000Z,QUAD.N,SELL,4877,42.0084,A-207,CLIENT-7,XLON
T-0002888,O-0002888,2026-08-25T10:10:54.800000Z,MEGA.O,BUY,4127,42.0182,A-208,CLIENT-8,XLON
T-0002889,O-0002889,2026-08-25T10:10:55.650000Z,LIQD.P,SELL,6767,42.0157,A-209,CLIENT-9,XLON
T-0002890,O-0002890,2026-08-25T10:10:56.500000Z,NOVA.L,BUY,5000,42.0297,A-104,CLIENT-LINKED,XLON
T-0002891,O-0002891,2026-08-25T10:10:57.350000Z,NOVA.L,SELL,5001,42.0243,A-882,CLIENT-LINKED,XLON
T-0002892,O-0002892,2026-08-25T10:10:58.200000Z,NOVA.L,BUY,5002,42.0244,A-104,CLIENT-LINKED,XLON
T-0002893,O-0002893,2026-08-25T10:10:59.050000Z,NOVA.L,SELL,5003,42.0302,A-882,CLIENT-LINKED,XLON
T-0002894,O-0002894,2026-08-25T10:10:59.900000Z,LIQD.P,BUY,6247,42.0191,A-214,CLIENT-14,XLON
T-0002895,O-0002895,2026-08-25T10:11:00.750000Z,NOVA.L,SELL,4517,42.0328,A-215,CLIENT-15,XLON
T-0002896,O-0002896,2026-08-25T10:11:01.600000Z,ALTO.N,BUY,5598,42.0222,A-216,CLIENT-16,XLON
T-0002897,O-0002897,2026-08-25T10:11:02.450000Z,QUAD.N,SELL,6490,42.0426,A-217,CLIENT-17,XLON
T-0002898,O-0002898,2026-08-25T10:11:03.300000Z,MEGA.O,BUY,5922,42.0317,A-218,CLIENT-18,XLON
T-0002899,O-0002899,2026-08-25T10:11:04.150000Z,LIQD.P,SELL,3937,42.0437,A-219,CLIENT-19,XLON
T-0002900,O-0002900,2026-08-25T10:11:05Z,NOVA.L,BUY,5000,42.0402,A-104,CLIENT-LINKED,XLON
T-0002901,O-0002901,2026-08-25T10:11:05.850000Z,NOVA.L,SELL,5001,42.046,A-882,CLIENT-LINKED,XLON
T-0002902,O-0002902,2026-08-25T10:11:06.700000Z,NOVA.L,BUY,5002,42.0463,A-104,CLIENT-LINKED,XLON
T-0002903,O-0002903,2026-08-25T10:11:07.550000Z,NOVA.L,SELL,5003,42.0495,A-882,CLIENT-LINKED,XLON
T-0002904,O-0002904,2026-08-25T10:11:08.400000Z,LIQD.P,BUY,5273,42.0428,A-224,CLIENT-24,XLON
T-0002905,O-0002905,2026-08-25T10:11:09.250000Z,NOVA.L,SELL,3801,42.0595,A-225,CLIENT-25,XLON
T-0002906,O-0002906,2026-08-25T10:11:10.100000Z,ALTO.N,BUY,4155,42.0619,A-226,CLIENT-26,XLON
T-0002907,O-0002907,2026-08-25T10:11:10.950000Z,QUAD.N,SELL,5436,42.0511,A-227,CLIENT-27,XLON
T-0002908,O-0002908,2026-08-25T10:11:11.800000Z,MEGA.O,BUY,5418,42.0541,A-228,CLIENT-28,XLON
T-0002909,O-0002909,2026-08-25T10:11:12.650000Z,LIQD.P,SELL,4620,42.0584,A-229,CLIENT-29,XLON
T-0002910,O-0002910,2026-08-25T10:11:13.500000Z,NOVA.L,BUY,5000,42.0647,A-104,CLIENT-LINKED,XLON
T-0002911,O-0002911,2026-08-25T10:11:14.350000Z,NOVA.L,SELL,5001,42.0534,A-882,CLIENT-LINKED,XLON
T-0002912,O-0002912,2026-08-25T10:11:15.200000Z,NOVA.L,BUY,5002,42.0558,A-104,CLIENT-LINKED,XLON
T-0002913,O-0002913,2026-08-25T10:11:16.050000Z,NOVA.L,SELL,5003,42.0617,A-882,CLIENT-LINKED,XLON
T-0002914,O-0002914,2026-08-25T10:11:16.900000Z,LIQD.P,BUY,6090,42.0763,A-234,CLIENT-34,XLON
T-0002915,O-0002915,2026-08-25T10:11:17.750000Z,NOVA.L,SELL,5225,42.0669,A-235,CLIENT-35,XLON
T-0002916,O-0002916,2026-08-25T10:11:18.600000Z,ALTO.N,BUY,4932,42.0665,A-236,CLIENT-36,XLON
T-0002917,O-0002917,2026-08-25T10:11:19.450000Z,QUAD.N,SELL,4596,42.0731,A-237,CLIENT-37,XLON
T-0002918,O-0002918,2026-08-25T10:11:20.300000Z,MEGA.O,BUY,5454,42.0775,A-238,CLIENT-38,XLON
T-0002919,O-0002919,2026-08-25T10:11:21.150000Z,LIQD.P,SELL,4869,42.0715,A-239,CLIENT-39,XLON
T-0002920,O-0002920,2026-08-25T10:11:22Z,NOVA.L,BUY,5000,42.0801,A-104,CLIENT-LINKED,XLON
T-0002921,O-0002921,2026-08-25T10:11:22.850000Z,NOVA.L,SELL,5001,42.0832,A-882,CLIENT-LINKED,XLON
T-0002922,O-0002922,2026-08-25T10:11:23.700000Z,NOVA.L,BUY,5002,42.0841,A-104,CLIENT-LINKED,XLON
T-0002923,O-0002923,2026-08-25T10:11:24.550000Z,NOVA.L,SELL,5003,42.0828,A-882,CLIENT-LINKED,XLON
T-0002924,O-0002924,2026-08-25T10:11:25.400000Z,LIQD.P,BUY,4279,42.0941,A-244,CLIENT-44,XLON
T-0002925,O-0002925,2026-08-25T10:11:26.250000Z,NOVA.L,SELL,4855,42.0975,A-245,CLIENT-45,XLON
T-0002926,O-0002926,2026-08-25T10:11:27.100000Z,ALTO.N,BUY,6154,42.087,A-246,CLIENT-46,XLON
T-0002927,O-0002927,2026-08-25T10:11:27.950000Z,QUAD.N,SELL,5613,42.1033,A-247,CLIENT-47,XLON
T-0002928,O-0002928,2026-08-25T10:11:28.800000Z,MEGA.O,BUY,6106,42.0957,A-248,CLIENT-48,XLON
T-0002929,O-0002929,2026-08-25T10:11:29.650000Z,LIQD.P,SELL,4796,42.1031,A-249,CLIENT-49,XLON
T-0002930,O-0002930,2026-08-25T10:11:30.500000Z,NOVA.L,BUY,5000,42.1092,A-104,CLIENT-LINKED,XLON
T-0002931,O-0002931,2026-08-25T10:11:31.350000Z,NOVA.L,SELL,5001,42.1012,A-882,CLIENT-LINKED,XLON
T-0002932,O-0002932,2026-08-25T10:11:32.200000Z,NOVA.L,BUY,5002,42.1032,A-104,CLIENT-LINKED,XLON
T-0002933,O-0002933,2026-08-25T10:11:33.050000Z,NOVA.L,SELL,5003,42.1077,A-882,CLIENT-LINKED,XLON
T-0002934,O-0002934,2026-08-25T10:11:33.900000Z,LIQD.P,BUY,3912,42.1076,A-254,CLIENT-54,XLON
T-0002935,O-0002935,2026-08-25T10:11:34.750000Z,NOVA.L,SELL,4856,42.1014,A-255,CLIENT-55,XLON
T-0002936,O-0002936,2026-08-25T10:11:35.600000Z,ALTO.N,BUY,6395,42.1178,A-256,CLIENT-56,XLON
T-0002937,O-0002937,2026-08-25T10:11:36.450000Z,QUAD.N,SELL,4702,42.1175,A-257,CLIENT-57,XLON
T-0002938,O-0002938,2026-08-25T10:11:37.300000Z,MEGA.O,BUY,4741,42.122,A-258,CLIENT-58,XLON
T-0002939,O-0002939,2026-08-25T10:11:38.150000Z,LIQD.P,SELL,5489,42.1271,A-259,CLIENT-59,XLON
T-0002940,O-0002940,2026-08-25T10:11:39Z,NOVA.L,BUY,5000,42.1203,A-104,CLIENT-LINKED,XLON
T-0002941,O-0002941,2026-08-25T10:11:39.850000Z,NOVA.L,SELL,5001,42.1122,A-882,CLIENT-LINKED,XLON
T-0002942,O-0002942,2026-08-25T10:11:40.700000Z,NOVA.L,BUY,5002,42.1306,A-104,CLIENT-LINKED,XLON
T-0002943,O-0002943,2026-08-25T10:11:41.550000Z,NOVA.L,SELL,5003,42.121,A-882,CLIENT-LINKED,XLON
T-0002944,O-0002944,2026-08-25T10:11:42.400000Z,LIQD.P,BUY,4180,42.126,A-204,CLIENT-4,XLON
T-0002945,O-0002945,2026-08-25T10:11:43.250000Z,NOVA.L,SELL,5200,42.1215,A-205,CLIENT-5,XLON
T-0002946,O-0002946,2026-08-25T10:11:44.100000Z,ALTO.N,BUY,4531,42.1315,A-206,CLIENT-6,XLON
T-0002947,O-0002947,2026-08-25T10:11:44.950000Z,QUAD.N,SELL,5248,42.1284,A-207,CLIENT-7,XLON
T-0002948,O-0002948,2026-08-25T10:11:45.800000Z,MEGA.O,BUY,6149,42.1314,A-208,CLIENT-8,XLON
T-0002949,O-0002949,2026-08-25T10:11:46.650000Z,LIQD.P,SELL,6598,42.1466,A-209,CLIENT-9,XLON
T-0002950,O-0002950,2026-08-25T10:11:47.500000Z,NOVA.L,BUY,5000,42.1338,A-104,CLIENT-LINKED,XLON
T-0002951,O-0002951,2026-08-25T10:11:48.350000Z,NOVA.L,SELL,5001,42.1467,A-882,CLIENT-LINKED,XLON
T-0002952,O-0002952,2026-08-25T10:11:49.200000Z,NOVA.L,BUY,5002,42.1387,A-104,CLIENT-LINKED,XLON
T-0002953,O-0002953,2026-08-25T10:11:50.050000Z,NOVA.L,SELL,5003,42.1408,A-882,CLIENT-LINKED,XLON
T-0002954,O-0002954,2026-08-25T10:11:50.900000Z,LIQD.P,BUY,4887,42.1421,A-214,CLIENT-14,XLON
T-0002955,O-0002955,2026-08-25T10:11:51.750000Z,NOVA.L,SELL,4630,42.1567,A-215,CLIENT-15,XLON
T-0002956,O-0002956,2026-08-25T10:11:52.600000Z,ALTO.N,BUY,6333,42.1491,A-216,CLIENT-16,XLON
T-0002957,O-0002957,2026-08-25T10:11:53.450000Z,QUAD.N,SELL,4236,42.1464,A-217,CLIENT-17,XLON
T-0002958,O-0002958,2026-08-25T10:11:54.300000Z,MEGA.O,BUY,4121,42.1595,A-218,CLIENT-18,XLON
T-0002959,O-0002959,2026-08-25T10:11:55.150000Z,LIQD.P,SELL,6517,42.1579,A-219,CLIENT-19,XLON
T-0002960,O-0002960,2026-08-25T10:11:56Z,NOVA.L,BUY,5000,41.9901,A-104,CLIENT-LINKED,XLON
T-0002961,O-0002961,2026-08-25T10:11:56.850000Z,NOVA.L,SELL,5001,42.0091,A-882,CLIENT-LINKED,XLON
T-0002962,O-0002962,2026-08-25T10:11:57.700000Z,NOVA.L,BUY,5002,42.0132,A-104,CLIENT-LINKED,XLON
T-0002963,O-0002963,2026-08-25T10:11:58.550000Z,NOVA.L,SELL,5003,42.013,A-882,CLIENT-LINKED,XLON
T-0002964,O-0002964,2026-08-25T10:11:59.400000Z,LIQD.P,BUY,5320,42.0104,A-224,CLIENT-24,XLON
T-0002965,O-0002965,2026-08-25T10:12:00.250000Z,NOVA.L,SELL,5816,42.018,A-225,CLIENT-25,XLON
T-0002966,O-0002966,2026-08-25T10:12:01.100000Z,ALTO.N,BUY,6153,42.0194,A-226,CLIENT-26,XLON
T-0002967,O-0002967,2026-08-25T10:12:01.950000Z,QUAD.N,SELL,5810,42.0077,A-227,CLIENT-27,XLON
T-0002968,O-0002968,2026-08-25T10:12:02.800000Z,MEGA.O,BUY,5893,42.0116,A-228,CLIENT-28,XLON
T-0002969,O-0002969,2026-08-25T10:12:03.650000Z,LIQD.P,SELL,4709,42.023,A-229,CLIENT-29,XLON
T-0002970,O-0002970,2026-08-25T10:12:04.500000Z,NOVA.L,BUY,5000,42.0126,A-104,CLIENT-LINKED,XLON
T-0002971,O-0002971,2026-08-25T10:12:05.350000Z,NOVA.L,SELL,5001,42.0225,A-882,CLIENT-LINKED,XLON
T-0002972,O-0002972,2026-08-25T10:12:06.200000Z,NOVA.L,BUY,5002,42.0225,A-104,CLIENT-LINKED,XLON
T-0002973,O-0002973,2026-08-25T10:12:07.050000Z,NOVA.L,SELL,5003,42.0348,A-882,CLIENT-LINKED,XLON
T-0002974,O-0002974,2026-08-25T10:12:07.900000Z,LIQD.P,BUY,3933,42.028,A-234,CLIENT-34,XLON
T-0002975,O-0002975,2026-08-25T10:12:08.750000Z,NOVA.L,SELL,5412,42.0372,A-235,CLIENT-35,XLON
T-0002976,O-0002976,2026-08-25T10:12:09.600000Z,ALTO.N,BUY,4515,42.0311,A-236,CLIENT-36,XLON
T-0002977,O-0002977,2026-08-25T10:12:10.450000Z,QUAD.N,SELL,4293,42.038,A-237,CLIENT-37,XLON
T-0002978,O-0002978,2026-08-25T10:12:11.300000Z,MEGA.O,BUY,5684,42.0323,A-238,CLIENT-38,XLON
T-0002979,O-0002979,2026-08-25T10:12:12.150000Z,LIQD.P,SELL,3834,42.0282,A-239,CLIENT-39,XLON
T-0002980,O-0002980,2026-08-25T10:12:13Z,NOVA.L,BUY,5000,42.0342,A-104,CLIENT-LINKED,XLON
T-0002981,O-0002981,2026-08-25T10:12:13.850000Z,NOVA.L,SELL,5001,42.0436,A-882,CLIENT-LINKED,XLON
T-0002982,O-0002982,2026-08-25T10:12:14.700000Z,NOVA.L,BUY,5002,42.0405,A-104,CLIENT-LINKED,XLON
T-0002983,O-0002983,2026-08-25T10:12:15.550000Z,NOVA.L,SELL,5003,42.0483,A-882,CLIENT-LINKED,XLON
T-0002984,O-0002984,2026-08-25T10:12:16.400000Z,LIQD.P,BUY,4863,42.0417,A-244,CLIENT-44,XLON
T-0002985,O-0002985,2026-08-25T10:12:17.250000Z,NOVA.L,SELL,4876,42.0447,A-245,CLIENT-45,XLON
T-0002986,O-0002986,2026-08-25T10:12:18.100000Z,ALTO.N,BUY,5730,42.0612,A-246,CLIENT-46,XLON
T-0002987,O-0002987,2026-08-25T10:12:18.950000Z,QUAD.N,SELL,5205,42.0513,A-247,CLIENT-47,XLON
T-0002988,O-0002988,2026-08-25T10:12:19.800000Z,MEGA.O,BUY,5842,42.0545,A-248,CLIENT-48,XLON
T-0002989,O-0002989,2026-08-25T10:12:20.650000Z,LIQD.P,SELL,5516,42.062,A-249,CLIENT-49,XLON
T-0002990,O-0002990,2026-08-25T10:12:21.500000Z,NOVA.L,BUY,5000,42.0574,A-104,CLIENT-LINKED,XLON
T-0002991,O-0002991,2026-08-25T10:12:22.350000Z,NOVA.L,SELL,5001,42.0691,A-882,CLIENT-LINKED,XLON
T-0002992,O-0002992,2026-08-25T10:12:23.200000Z,NOVA.L,BUY,5002,42.0596,A-104,CLIENT-LINKED,XLON
T-0002993,O-0002993,2026-08-25T10:12:24.050000Z,NOVA.L,SELL,5003,42.0596,A-882,CLIENT-LINKED,XLON
T-0002994,O-0002994,2026-08-25T10:12:24.900000Z,LIQD.P,BUY,4337,42.0776,A-254,CLIENT-54,XLON
T-0002995,O-0002995,2026-08-25T10:12:25.750000Z,NOVA.L,SELL,6609,42.0646,A-255,CLIENT-55,XLON
T-0002996,O-0002996,2026-08-25T10:12:26.600000Z,ALTO.N,BUY,4209,42.0764,A-256,CLIENT-56,XLON
T-0002997,O-0002997,2026-08-25T10:12:27.450000Z,QUAD.N,SELL,4765,42.0751,A-257,CLIENT-57,XLON
T-0002998,O-0002998,2026-08-25T10:12:28.300000Z,MEGA.O,BUY,5360,42.0699,A-258,CLIENT-58,XLON
T-0002999,O-0002999,2026-08-25T10:12:29.150000Z,LIQD.P,SELL,4412,42.0775,A-259,CLIENT-59,XLON
T-0003000,O-0003000,2026-08-25T10:12:30Z,NOVA.L,BUY,5000,42.0702,A-104,CLIENT-LINKED,XLON
T-0003001,O-0003001,2026-08-25T10:12:30.850000Z,NOVA.L,SELL,5001,42.0804,A-882,CLIENT-LINKED,XLON
T-0003002,O-0003002,2026-08-25T10:12:31.700000Z,NOVA.L,BUY,5002,42.0767,A-104,CLIENT-LINKED,XLON
T-0003003,O-0003003,2026-08-25T10:12:32.550000Z,NOVA.L,SELL,5003,42.0939,A-882,CLIENT-LINKED,XLON
T-0003004,O-0003004,2026-08-25T10:12:33.400000Z,LIQD.P,BUY,6383,42.0883,A-204,CLIENT-4,XLON
T-0003005,O-0003005,2026-08-25T10:12:34.250000Z,NOVA.L,SELL,6751,42.0863,A-205,CLIENT-5,XLON
T-0003006,O-0003006,2026-08-25T10:12:35.100000Z,ALTO.N,BUY,5793,42.088,A-206,CLIENT-6,XLON
T-0003007,O-0003007,2026-08-25T10:12:35.950000Z,QUAD.N,SELL,6102,42.1012,A-207,CLIENT-7,XLON
T-0003008,O-0003008,2026-08-25T10:12:36.800000Z,MEGA.O,BUY,3995,42.094,A-208,CLIENT-8,XLON
T-0003009,O-0003009,2026-08-25T10:12:37.650000Z,LIQD.P,SELL,6628,42.0913,A-209,CLIENT-9,XLON
T-0003010,O-0003010,2026-08-25T10:12:38.500000Z,NOVA.L,BUY,5000,42.0943,A-104,CLIENT-LINKED,XLON
T-0003011,O-0003011,2026-08-25T10:12:39.350000Z,NOVA.L,SELL,5001,42.0971,A-882,CLIENT-LINKED,XLON
T-0003012,O-0003012,2026-08-25T10:12:40.200000Z,NOVA.L,BUY,5002,42.1108,A-104,CLIENT-LINKED,XLON
T-0003013,O-0003013,2026-08-25T10:12:41.050000Z,NOVA.L,SELL,5003,42.0979,A-882,CLIENT-LINKED,XLON
T-0003014,O-0003014,2026-08-25T10:12:41.900000Z,LIQD.P,BUY,5170,42.1032,A-214,CLIENT-14,XLON
T-0003015,O-0003015,2026-08-25T10:12:42.750000Z,NOVA.L,SELL,5275,42.1112,A-215,CLIENT-15,XLON
T-0003016,O-0003016,2026-08-25T10:12:43.600000Z,ALTO.N,BUY,4855,42.1089,A-216,CLIENT-16,XLON
T-0003017,O-0003017,2026-08-25T10:12:44.450000Z,QUAD.N,SELL,5486,42.1064,A-217,CLIENT-17,XLON
T-0003018,O-0003018,2026-08-25T10:12:45.300000Z,MEGA.O,BUY,6583,42.1253,A-218,CLIENT-18,XLON
T-0003019,O-0003019,2026-08-25T10:12:46.150000Z,LIQD.P,SELL,4614,42.1195,A-219,CLIENT-19,XLON
T-0003020,O-0003020,2026-08-25T10:12:47Z,NOVA.L,BUY,5000,42.123,A-104,CLIENT-LINKED,XLON
T-0003021,O-0003021,2026-08-25T10:12:47.850000Z,NOVA.L,SELL,5001,42.1228,A-882,CLIENT-LINKED,XLON
T-0003022,O-0003022,2026-08-25T10:12:48.700000Z,NOVA.L,BUY,5002,42.1336,A-104,CLIENT-LINKED,XLON
T-0003023,O-0003023,2026-08-25T10:12:49.550000Z,NOVA.L,SELL,5003,42.1217,A-882,CLIENT-LINKED,XLON
T-0003024,O-0003024,2026-08-25T10:12:50.400000Z,LIQD.P,BUY,5131,42.1315,A-224,CLIENT-24,XLON
T-0003025,O-0003025,2026-08-25T10:12:51.250000Z,NOVA.L,SELL,5796,42.1355,A-225,CLIENT-25,XLON
T-0003026,O-0003026,2026-08-25T10:12:52.100000Z,ALTO.N,BUY,5630,42.1398,A-226,CLIENT-26,XLON
T-0003027,O-0003027,2026-08-25T10:12:52.950000Z,QUAD.N,SELL,5360,42.1363,A-227,CLIENT-27,XLON
T-0003028,O-0003028,2026-08-25T10:12:53.800000Z,MEGA.O,BUY,5699,42.1386,A-228,CLIENT-28,XLON
T-0003029,O-0003029,2026-08-25T10:12:54.650000Z,LIQD.P,SELL,4393,42.1454,A-229,CLIENT-29,XLON
T-0003030,O-0003030,2026-08-25T10:12:55.500000Z,NOVA.L,BUY,5000,42.1428,A-104,CLIENT-LINKED,XLON
T-0003031,O-0003031,2026-08-25T10:12:56.350000Z,NOVA.L,SELL,5001,42.1506,A-882,CLIENT-LINKED,XLON
T-0003032,O-0003032,2026-08-25T10:12:57.200000Z,NOVA.L,BUY,5002,42.1424,A-104,CLIENT-LINKED,XLON
T-0003033,O-0003033,2026-08-25T10:12:58.050000Z,NOVA.L,SELL,5003,42.1482,A-882,CLIENT-LINKED,XLON
T-0003034,O-0003034,2026-08-25T10:12:58.900000Z,LIQD.P,BUY,5457,42.155,A-234,CLIENT-34,XLON
T-0003035,O-0003035,2026-08-25T10:12:59.750000Z,NOVA.L,SELL,4092,42.1416,A-235,CLIENT-35,XLON
T-0003036,O-0003036,2026-08-25T10:13:00.600000Z,ALTO.N,BUY,5207,42.1466,A-236,CLIENT-36,XLON
T-0003037,O-0003037,2026-08-25T10:13:01.450000Z,QUAD.N,SELL,5097,42.1571,A-237,CLIENT-37,XLON
T-0003038,O-0003038,2026-08-25T10:13:02.300000Z,MEGA.O,BUY,6709,42.1513,A-238,CLIENT-38,XLON
T-0003039,O-0003039,2026-08-25T10:13:03.150000Z,LIQD.P,SELL,6440,42.1559,A-239,CLIENT-39,XLON
T-0003040,O-0003040,2026-08-25T10:13:04Z,NOVA.L,BUY,5000,42.0078,A-104,CLIENT-LINKED,XLON
T-0003041,O-0003041,2026-08-25T10:13:04.850000Z,NOVA.L,SELL,5001,42.0076,A-882,CLIENT-LINKED,XLON
T-0003042,O-0003042,2026-08-25T10:13:05.700000Z,NOVA.L,BUY,5002,42.0128,A-104,CLIENT-LINKED,XLON
T-0003043,O-0003043,2026-08-25T10:13:06.550000Z,NOVA.L,SELL,5003,42.011,A-882,CLIENT-LINKED,XLON
T-0003044,O-0003044,2026-08-25T10:13:07.400000Z,LIQD.P,BUY,5933,42.0173,A-244,CLIENT-44,XLON
T-0003045,O-0003045,2026-08-25T10:13:08.250000Z,NOVA.L,SELL,5495,42.0033,A-245,CLIENT-45,XLON
T-0003046,O-0003046,2026-08-25T10:13:09.100000Z,ALTO.N,BUY,3894,42.0045,A-246,CLIENT-46,XLON
T-0003047,O-0003047,2026-08-25T10:13:09.950000Z,QUAD.N,SELL,4761,42.0172,A-247,CLIENT-47,XLON
T-0003048,O-0003048,2026-08-25T10:13:10.800000Z,MEGA.O,BUY,6670,42.021,A-248,CLIENT-48,XLON
T-0003049,O-0003049,2026-08-25T10:13:11.650000Z,LIQD.P,SELL,4662,42.0113,A-249,CLIENT-49,XLON
T-0003050,O-0003050,2026-08-25T10:13:12.500000Z,NOVA.L,BUY,5000,42.0121,A-104,CLIENT-LINKED,XLON
T-0003051,O-0003051,2026-08-25T10:13:13.350000Z,NOVA.L,SELL,5001,42.0133,A-882,CLIENT-LINKED,XLON
T-0003052,O-0003052,2026-08-25T10:13:14.200000Z,NOVA.L,BUY,5002,42.0316,A-104,CLIENT-LINKED,XLON
T-0003053,O-0003053,2026-08-25T10:13:15.050000Z,NOVA.L,SELL,5003,42.027,A-882,CLIENT-LINKED,XLON
T-0003054,O-0003054,2026-08-25T10:13:15.900000Z,LIQD.P,BUY,3907,42.0334,A-254,CLIENT-54,XLON
T-0003055,O-0003055,2026-08-25T10:13:16.750000Z,NOVA.L,SELL,5946,42.0353,A-255,CLIENT-55,XLON
T-0003056,O-0003056,2026-08-25T10:13:17.600000Z,ALTO.N,BUY,4140,42.0241,A-256,CLIENT-56,XLON
T-0003057,O-0003057,2026-08-25T10:13:18.450000Z,QUAD.N,SELL,6331,42.0271,A-257,CLIENT-57,XLON
T-0003058,O-0003058,2026-08-25T10:13:19.300000Z,MEGA.O,BUY,6482,42.0446,A-258,CLIENT-58,XLON
T-0003059,O-0003059,2026-08-25T10:13:20.150000Z,LIQD.P,SELL,5396,42.0342,A-259,CLIENT-59,XLON
T-0003060,O-0003060,2026-08-25T10:13:21Z,NOVA.L,BUY,5000,42.0349,A-104,CLIENT-LINKED,XLON
T-0003061,O-0003061,2026-08-25T10:13:21.850000Z,NOVA.L,SELL,5001,42.0377,A-882,CLIENT-LINKED,XLON
T-0003062,O-0003062,2026-08-25T10:13:22.700000Z,NOVA.L,BUY,5002,42.0465,A-104,CLIENT-LINKED,XLON
T-0003063,O-0003063,2026-08-25T10:13:23.550000Z,NOVA.L,SELL,5003,42.0386,A-882,CLIENT-LINKED,XLON
T-0003064,O-0003064,2026-08-25T10:13:24.400000Z,LIQD.P,BUY,4498,42.0386,A-204,CLIENT-4,XLON
T-0003065,O-0003065,2026-08-25T10:13:25.250000Z,NOVA.L,SELL,6517,42.0471,A-205,CLIENT-5,XLON
T-0003066,O-0003066,2026-08-25T10:13:26.100000Z,ALTO.N,BUY,5132,42.0593,A-206,CLIENT-6,XLON
T-0003067,O-0003067,2026-08-25T10:13:26.950000Z,QUAD.N,SELL,5713,42.0635,A-207,CLIENT-7,XLON
T-0003068,O-0003068,2026-08-25T10:13:27.800000Z,MEGA.O,BUY,6014,42.0647,A-208,CLIENT-8,XLON
T-0003069,O-0003069,2026-08-25T10:13:28.650000Z,LIQD.P,SELL,6046,42.0569,A-209,CLIENT-9,XLON
T-0003070,O-0003070,2026-08-25T10:13:29.500000Z,NOVA.L,BUY,5000,42.0694,A-104,CLIENT-LINKED,XLON
T-0003071,O-0003071,2026-08-25T10:13:30.350000Z,NOVA.L,SELL,5001,42.066,A-882,CLIENT-LINKED,XLON
T-0003072,O-0003072,2026-08-25T10:13:31.200000Z,NOVA.L,BUY,5002,42.0575,A-104,CLIENT-LINKED,XLON
T-0003073,O-0003073,2026-08-25T10:13:32.050000Z,NOVA.L,SELL,5003,42.068,A-882,CLIENT-LINKED,XLON
T-0003074,O-0003074,2026-08-25T10:13:32.900000Z,LIQD.P,BUY,6384,42.073,A-214,CLIENT-14,XLON
T-0003075,O-0003075,2026-08-25T10:13:33.750000Z,NOVA.L,SELL,6110,42.0687,A-215,CLIENT-15,XLON
T-0003076,O-0003076,2026-08-25T10:13:34.600000Z,ALTO.N,BUY,6420,42.0748,A-216,CLIENT-16,XLON
T-0003077,O-0003077,2026-08-25T10:13:35.450000Z,QUAD.N,SELL,5068,42.0822,A-217,CLIENT-17,XLON
T-0003078,O-0003078,2026-08-25T10:13:36.300000Z,MEGA.O,BUY,5772,42.0768,A-218,CLIENT-18,XLON
T-0003079,O-0003079,2026-08-25T10:13:37.150000Z,LIQD.P,SELL,4166,42.0768,A-219,CLIENT-19,XLON
T-0003080,O-0003080,2026-08-25T10:13:38Z,NOVA.L,BUY,5000,42.0773,A-104,CLIENT-LINKED,XLON
T-0003081,O-0003081,2026-08-25T10:13:38.850000Z,NOVA.L,SELL,5001,42.0772,A-882,CLIENT-LINKED,XLON
T-0003082,O-0003082,2026-08-25T10:13:39.700000Z,NOVA.L,BUY,5002,42.0801,A-104,CLIENT-LINKED,XLON
T-0003083,O-0003083,2026-08-25T10:13:40.550000Z,NOVA.L,SELL,5003,42.076,A-882,CLIENT-LINKED,XLON
T-0003084,O-0003084,2026-08-25T10:13:41.400000Z,LIQD.P,BUY,4358,42.0849,A-224,CLIENT-24,XLON
T-0003085,O-0003085,2026-08-25T10:13:42.250000Z,NOVA.L,SELL,5721,42.0907,A-225,CLIENT-25,XLON
T-0003086,O-0003086,2026-08-25T10:13:43.100000Z,ALTO.N,BUY,6617,42.1004,A-226,CLIENT-26,XLON
T-0003087,O-0003087,2026-08-25T10:13:43.950000Z,QUAD.N,SELL,5754,42.09,A-227,CLIENT-27,XLON
T-0003088,O-0003088,2026-08-25T10:13:44.800000Z,MEGA.O,BUY,5563,42.102,A-228,CLIENT-28,XLON
T-0003089,O-0003089,2026-08-25T10:13:45.650000Z,LIQD.P,SELL,6245,42.0926,A-229,CLIENT-29,XLON
T-0003090,O-0003090,2026-08-25T10:13:46.500000Z,NOVA.L,BUY,5000,42.0901,A-104,CLIENT-LINKED,XLON
T-0003091,O-0003091,2026-08-25T10:13:47.350000Z,NOVA.L,SELL,5001,42.0995,A-882,CLIENT-LINKED,XLON
T-0003092,O-0003092,2026-08-25T10:13:48.200000Z,NOVA.L,BUY,5002,42.1022,A-104,CLIENT-LINKED,XLON
T-0003093,O-0003093,2026-08-25T10:13:49.050000Z,NOVA.L,SELL,5003,42.1072,A-882,CLIENT-LINKED,XLON
T-0003094,O-0003094,2026-08-25T10:13:49.900000Z,LIQD.P,BUY,5416,42.103,A-234,CLIENT-34,XLON
T-0003095,O-0003095,2026-08-25T10:13:50.750000Z,NOVA.L,SELL,6728,42.1147,A-235,CLIENT-35,XLON
T-0003096,O-0003096,2026-08-25T10:13:51.600000Z,ALTO.N,BUY,5396,42.1186,A-236,CLIENT-36,XLON
T-0003097,O-0003097,2026-08-25T10:13:52.450000Z,QUAD.N,SELL,4703,42.1093,A-237,CLIENT-37,XLON
T-0003098,O-0003098,2026-08-25T10:13:53.300000Z,MEGA.O,BUY,5529,42.1185,A-238,CLIENT-38,XLON
T-0003099,O-0003099,2026-08-25T10:13:54.150000Z,LIQD.P,SELL,5916,42.1233,A-239,CLIENT-39,XLON
T-0003100,O-0003100,2026-08-25T10:13:55Z,NOVA.L,BUY,5000,42.1282,A-104,CLIENT-LINKED,XLON
T-0003101,O-0003101,2026-08-25T10:13:55.850000Z,NOVA.L,SELL,5001,42.1282,A-882,CLIENT-LINKED,XLON
T-0003102,O-0003102,2026-08-25T10:13:56.700000Z,NOVA.L,BUY,5002,42.1277,A-104,CLIENT-LINKED,XLON
T-0003103,O-0003103,2026-08-25T10:13:57.550000Z,NOVA.L,SELL,5003,42.1217,A-882,CLIENT-LINKED,XLON
T-0003104,O-0003104,2026-08-25T10:13:58.400000Z,LIQD.P,BUY,5978,42.1342,A-244,CLIENT-44,XLON
T-0003105,O-0003105,2026-08-25T10:13:59.250000Z,NOVA.L,SELL,5491,42.1238,A-245,CLIENT-45,XLON
T-0003106,O-0003106,2026-08-25T10:14:00.100000Z,ALTO.N,BUY,4080,42.1256,A-246,CLIENT-46,XLON
T-0003107,O-0003107,2026-08-25T10:14:00.950000Z,QUAD.N,SELL,4986,42.1262,A-247,CLIENT-47,XLON
T-0003108,O-0003108,2026-08-25T10:14:01.800000Z,MEGA.O,BUY,5665,42.1384,A-248,CLIENT-48,XLON
T-0003109,O-0003109,2026-08-25T10:14:02.650000Z,LIQD.P,SELL,4914,42.142,A-249,CLIENT-49,XLON
T-0003110,O-0003110,2026-08-25T10:14:03.500000Z,NOVA.L,BUY,5000,42.1398,A-104,CLIENT-LINKED,XLON
T-0003111,O-0003111,2026-08-25T10:14:04.350000Z,NOVA.L,SELL,5001,42.1384,A-882,CLIENT-LINKED,XLON
T-0003112,O-0003112,2026-08-25T10:14:05.200000Z,NOVA.L,BUY,5002,42.137,A-104,CLIENT-LINKED,XLON
T-0003113,O-0003113,2026-08-25T10:14:06.050000Z,NOVA.L,SELL,5003,42.1554,A-882,CLIENT-LINKED,XLON
T-0003114,O-0003114,2026-08-25T10:14:06.900000Z,LIQD.P,BUY,3890,42.1417,A-254,CLIENT-54,XLON
T-0003115,O-0003115,2026-08-25T10:14:07.750000Z,NOVA.L,SELL,4218,42.1456,A-255,CLIENT-55,XLON
T-0003116,O-0003116,2026-08-25T10:14:08.600000Z,ALTO.N,BUY,4312,42.1563,A-256,CLIENT-56,XLON
T-0003117,O-0003117,2026-08-25T10:14:09.450000Z,QUAD.N,SELL,6778,42.1442,A-257,CLIENT-57,XLON
T-0003118,O-0003118,2026-08-25T10:14:10.300000Z,MEGA.O,BUY,4169,42.149,A-258,CLIENT-58,XLON
T-0003119,O-0003119,2026-08-25T10:14:11.150000Z,LIQD.P,SELL,5821,42.1523,A-259,CLIENT-59,XLON
T-0003120,O-0003120,2026-08-25T10:14:12Z,NOVA.L,BUY,5000,41.9984,A-104,CLIENT-LINKED,XLON
T-0003121,O-0003121,2026-08-25T10:14:12.850000Z,NOVA.L,SELL,5001,42.0077,A-882,CLIENT-LINKED,XLON
T-0003122,O-0003122,2026-08-25T10:14:13.700000Z,NOVA.L,BUY,5002,42.004,A-104,CLIENT-LINKED,XLON
T-0003123,O-0003123,2026-08-25T10:14:14.550000Z,NOVA.L,SELL,5003,42.0034,A-882,CLIENT-LINKED,XLON
T-0003124,O-0003124,2026-08-25T10:14:15.400000Z,LIQD.P,BUY,6654,42.0138,A-204,CLIENT-4,XLON
T-0003125,O-0003125,2026-08-25T10:14:16.250000Z,NOVA.L,SELL,5152,42.0016,A-205,CLIENT-5,XLON
T-0003126,O-0003126,2026-08-25T10:14:17.100000Z,ALTO.N,BUY,4398,42.0031,A-206,CLIENT-6,XLON
T-0003127,O-0003127,2026-08-25T10:14:17.950000Z,QUAD.N,SELL,5407,42.0054,A-207,CLIENT-7,XLON
T-0003128,O-0003128,2026-08-25T10:14:18.800000Z,MEGA.O,BUY,5725,42.0096,A-208,CLIENT-8,XLON
T-0003129,O-0003129,2026-08-25T10:14:19.650000Z,LIQD.P,SELL,4824,42.0243,A-209,CLIENT-9,XLON
T-0003130,O-0003130,2026-08-25T10:14:20.500000Z,NOVA.L,BUY,5000,42.0266,A-104,CLIENT-LINKED,XLON
T-0003131,O-0003131,2026-08-25T10:14:21.350000Z,NOVA.L,SELL,5001,42.0144,A-882,CLIENT-LINKED,XLON
T-0003132,O-0003132,2026-08-25T10:14:22.200000Z,NOVA.L,BUY,5002,42.0294,A-104,CLIENT-LINKED,XLON
T-0003133,O-0003133,2026-08-25T10:14:23.050000Z,NOVA.L,SELL,5003,42.021,A-882,CLIENT-LINKED,XLON
T-0003134,O-0003134,2026-08-25T10:14:23.900000Z,LIQD.P,BUY,5614,42.0229,A-214,CLIENT-14,XLON
T-0003135,O-0003135,2026-08-25T10:14:24.750000Z,NOVA.L,SELL,3937,42.024,A-215,CLIENT-15,XLON
T-0003136,O-0003136,2026-08-25T10:14:25.600000Z,ALTO.N,BUY,4184,42.0324,A-216,CLIENT-16,XLON
T-0003137,O-0003137,2026-08-25T10:14:26.450000Z,QUAD.N,SELL,4653,42.0335,A-217,CLIENT-17,XLON
T-0003138,O-0003138,2026-08-25T10:14:27.300000Z,MEGA.O,BUY,6591,42.0452,A-218,CLIENT-18,XLON
T-0003139,O-0003139,2026-08-25T10:14:28.150000Z,LIQD.P,SELL,5123,42.0312,A-219,CLIENT-19,XLON
T-0003140,O-0003140,2026-08-25T10:14:29Z,NOVA.L,BUY,5000,42.0446,A-104,CLIENT-LINKED,XLON
T-0003141,O-0003141,2026-08-25T10:14:29.850000Z,NOVA.L,SELL,5001,42.0469,A-882,CLIENT-LINKED,XLON
T-0003142,O-0003142,2026-08-25T10:14:30.700000Z,NOVA.L,BUY,5002,42.045,A-104,CLIENT-LINKED,XLON
T-0003143,O-0003143,2026-08-25T10:14:31.550000Z,NOVA.L,SELL,5003,42.0384,A-882,CLIENT-LINKED,XLON
T-0003144,O-0003144,2026-08-25T10:14:32.400000Z,LIQD.P,BUY,5771,42.0508,A-224,CLIENT-24,XLON
T-0003145,O-0003145,2026-08-25T10:14:33.250000Z,NOVA.L,SELL,4613,42.0472,A-225,CLIENT-25,XLON
T-0003146,O-0003146,2026-08-25T10:14:34.100000Z,ALTO.N,BUY,4013,42.0593,A-226,CLIENT-26,XLON
T-0003147,O-0003147,2026-08-25T10:14:34.950000Z,QUAD.N,SELL,4692,42.0635,A-227,CLIENT-27,XLON
T-0003148,O-0003148,2026-08-25T10:14:35.800000Z,MEGA.O,BUY,4766,42.0587,A-228,CLIENT-28,XLON
T-0003149,O-0003149,2026-08-25T10:14:36.650000Z,LIQD.P,SELL,5129,42.0483,A-229,CLIENT-29,XLON
T-0003150,O-0003150,2026-08-25T10:14:37.500000Z,NOVA.L,BUY,5000,42.0659,A-104,CLIENT-LINKED,XLON
T-0003151,O-0003151,2026-08-25T10:14:38.350000Z,NOVA.L,SELL,5001,42.0637,A-882,CLIENT-LINKED,XLON
T-0003152,O-0003152,2026-08-25T10:14:39.200000Z,NOVA.L,BUY,5002,42.0619,A-104,CLIENT-LINKED,XLON
T-0003153,O-0003153,2026-08-25T10:14:40.050000Z,NOVA.L,SELL,5003,42.0609,A-882,CLIENT-LINKED,XLON
T-0003154,O-0003154,2026-08-25T10:14:40.900000Z,LIQD.P,BUY,3972,42.0696,A-234,CLIENT-34,XLON
T-0003155,O-0003155,2026-08-25T10:14:41.750000Z,NOVA.L,SELL,6629,42.0695,A-235,CLIENT-35,XLON
T-0003156,O-0003156,2026-08-25T10:14:42.600000Z,ALTO.N,BUY,6242,42.0651,A-236,CLIENT-36,XLON
T-0003157,O-0003157,2026-08-25T10:14:43.450000Z,QUAD.N,SELL,4166,42.069,A-237,CLIENT-37,XLON
T-0003158,O-0003158,2026-08-25T10:14:44.300000Z,MEGA.O,BUY,5847,42.0678,A-238,CLIENT-38,XLON
T-0003159,O-0003159,2026-08-25T10:14:45.150000Z,LIQD.P,SELL,6333,42.0748,A-239,CLIENT-39,XLON
T-0003160,O-0003160,2026-08-25T10:14:46Z,NOVA.L,BUY,5000,42.0894,A-104,CLIENT-LINKED,XLON
T-0003161,O-0003161,2026-08-25T10:14:46.850000Z,NOVA.L,SELL,5001,42.0872,A-882,CLIENT-LINKED,XLON
T-0003162,O-0003162,2026-08-25T10:14:47.700000Z,NOVA.L,BUY,5002,42.0752,A-104,CLIENT-LINKED,XLON
T-0003163,O-0003163,2026-08-25T10:14:48.550000Z,NOVA.L,SELL,5003,42.0831,A-882,CLIENT-LINKED,XLON
T-0003164,O-0003164,2026-08-25T10:14:49.400000Z,LIQD.P,BUY,4430,42.092,A-244,CLIENT-44,XLON
T-0003165,O-0003165,2026-08-25T10:14:50.250000Z,NOVA.L,SELL,4239,42.0825,A-245,CLIENT-45,XLON
T-0003166,O-0003166,2026-08-25T10:14:51.100000Z,ALTO.N,BUY,4753,42.0883,A-246,CLIENT-46,XLON
T-0003167,O-0003167,2026-08-25T10:14:51.950000Z,QUAD.N,SELL,6087,42.0998,A-247,CLIENT-47,XLON
T-0003168,O-0003168,2026-08-25T10:14:52.800000Z,MEGA.O,BUY,5222,42.1021,A-248,CLIENT-48,XLON
T-0003169,O-0003169,2026-08-25T10:14:53.650000Z,LIQD.P,SELL,5596,42.1027,A-249,CLIENT-49,XLON
T-0003170,O-0003170,2026-08-25T10:14:54.500000Z,NOVA.L,BUY,5000,42.0904,A-104,CLIENT-LINKED,XLON
T-0003171,O-0003171,2026-08-25T10:14:55.350000Z,NOVA.L,SELL,5001,42.0996,A-882,CLIENT-LINKED,XLON
T-0003172,O-0003172,2026-08-25T10:14:56.200000Z,NOVA.L,BUY,5002,42.1085,A-104,CLIENT-LINKED,XLON
T-0003173,O-0003173,2026-08-25T10:14:57.050000Z,NOVA.L,SELL,5003,42.101,A-882,CLIENT-LINKED,XLON
T-0003174,O-0003174,2026-08-25T10:14:57.900000Z,LIQD.P,BUY,3961,42.1077,A-254,CLIENT-54,XLON
T-0003175,O-0003175,2026-08-25T10:14:58.750000Z,NOVA.L,SELL,5592,42.1112,A-255,CLIENT-55,XLON
T-0003176,O-0003176,2026-08-25T10:14:59.600000Z,ALTO.N,BUY,6023,42.1159,A-256,CLIENT-56,XLON
T-0003177,O-0003177,2026-08-25T10:15:00.450000Z,QUAD.N,SELL,4577,42.1153,A-257,CLIENT-57,XLON
T-0003178,O-0003178,2026-08-25T10:15:01.300000Z,MEGA.O,BUY,6026,42.113,A-258,CLIENT-58,XLON
T-0003179,O-0003179,2026-08-25T10:15:02.150000Z,LIQD.P,SELL,6799,42.1174,A-259,CLIENT-59,XLON
T-0003180,O-0003180,2026-08-25T10:15:03Z,NOVA.L,BUY,5000,42.1274,A-104,CLIENT-LINKED,XLON
T-0003181,O-0003181,2026-08-25T10:15:03.850000Z,NOVA.L,SELL,5001,42.124,A-882,CLIENT-LINKED,XLON
T-0003182,O-0003182,2026-08-25T10:15:04.700000Z,NOVA.L,BUY,5002,42.1312,A-104,CLIENT-LINKED,XLON
T-0003183,O-0003183,2026-08-25T10:15:05.550000Z,NOVA.L,SELL,5003,42.1192,A-882,CLIENT-LINKED,XLON
T-0003184,O-0003184,2026-08-25T10:15:06.400000Z,LIQD.P,BUY,5975,42.1211,A-204,CLIENT-4,XLON
T-0003185,O-0003185,2026-08-25T10:15:07.250000Z,NOVA.L,SELL,5011,42.1364,A-205,CLIENT-5,XLON
T-0003186,O-0003186,2026-08-25T10:15:08.100000Z,ALTO.N,BUY,6018,42.1293,A-206,CLIENT-6,XLON
T-0003187,O-0003187,2026-08-25T10:15:08.950000Z,QUAD.N,SELL,3802,42.1395,A-207,CLIENT-7,XLON
T-0003188,O-0003188,2026-08-25T10:15:09.800000Z,MEGA.O,BUY,5872,42.1336,A-208,CLIENT-8,XLON
T-0003189,O-0003189,2026-08-25T10:15:10.650000Z,LIQD.P,SELL,4559,42.1457,A-209,CLIENT-9,XLON
T-0003190,O-0003190,2026-08-25T10:15:11.500000Z,NOVA.L,BUY,5000,42.1424,A-104,CLIENT-LINKED,XLON
T-0003191,O-0003191,2026-08-25T10:15:12.350000Z,NOVA.L,SELL,5001,42.1393,A-882,CLIENT-LINKED,XLON
T-0003192,O-0003192,2026-08-25T10:15:13.200000Z,NOVA.L,BUY,5002,42.1464,A-104,CLIENT-LINKED,XLON
T-0003193,O-0003193,2026-08-25T10:15:14.050000Z,NOVA.L,SELL,5003,42.1424,A-882,CLIENT-LINKED,XLON
T-0003194,O-0003194,2026-08-25T10:15:14.900000Z,LIQD.P,BUY,4059,42.1512,A-214,CLIENT-14,XLON
T-0003195,O-0003195,2026-08-25T10:15:15.750000Z,NOVA.L,SELL,6007,42.1564,A-215,CLIENT-15,XLON
T-0003196,O-0003196,2026-08-25T10:15:16.600000Z,ALTO.N,BUY,4577,42.1525,A-216,CLIENT-16,XLON
T-0003197,O-0003197,2026-08-25T10:15:17.450000Z,QUAD.N,SELL,5837,42.1593,A-217,CLIENT-17,XLON
T-0003198,O-0003198,2026-08-25T10:15:18.300000Z,MEGA.O,BUY,4431,42.1583,A-218,CLIENT-18,XLON
T-0003199,O-0003199,2026-08-25T10:15:19.150000Z,LIQD.P,SELL,5121,42.1562,A-219,CLIENT-19,XLON
T-0003200,O-0003200,2026-08-25T10:15:20Z,NOVA.L,BUY,5000,41.9964,A-104,CLIENT-LINKED,XLON
T-0003201,O-0003201,2026-08-25T10:15:20.850000Z,NOVA.L,SELL,5001,41.9939,A-882,CLIENT-LINKED,XLON
T-0003202,O-0003202,2026-08-25T10:15:21.700000Z,NOVA.L,BUY,5002,42.0072,A-104,CLIENT-LINKED,XLON
T-0003203,O-0003203,2026-08-25T10:15:22.550000Z,NOVA.L,SELL,5003,41.9969,A-882,CLIENT-LINKED,XLON
T-0003204,O-0003204,2026-08-25T10:15:23.400000Z,LIQD.P,BUY,4331,42.0016,A-224,CLIENT-24,XLON
T-0003205,O-0003205,2026-08-25T10:15:24.250000Z,NOVA.L,SELL,3928,42.004,A-225,CLIENT-25,XLON
T-0003206,O-0003206,2026-08-25T10:15:25.100000Z,ALTO.N,BUY,5788,42.0058,A-226,CLIENT-26,XLON
T-0003207,O-0003207,2026-08-25T10:15:25.950000Z,QUAD.N,SELL,3930,42.0154,A-227,CLIENT-27,XLON
T-0003208,O-0003208,2026-08-25T10:15:26.800000Z,MEGA.O,BUY,5391,42.0192,A-228,CLIENT-28,XLON
T-0003209,O-0003209,2026-08-25T10:15:27.650000Z,LIQD.P,SELL,5953,42.0205,A-229,CLIENT-29,XLON
T-0003210,O-0003210,2026-08-25T10:15:28.500000Z,NOVA.L,BUY,5000,42.0218,A-104,CLIENT-LINKED,XLON
T-0003211,O-0003211,2026-08-25T10:15:29.350000Z,NOVA.L,SELL,5001,42.013,A-882,CLIENT-LINKED,XLON
T-0003212,O-0003212,2026-08-25T10:15:30.200000Z,NOVA.L,BUY,5002,42.0184,A-104,CLIENT-LINKED,XLON
T-0003213,O-0003213,2026-08-25T10:15:31.050000Z,NOVA.L,SELL,5003,42.0304,A-882,CLIENT-LINKED,XLON
T-0003214,O-0003214,2026-08-25T10:15:31.900000Z,LIQD.P,BUY,3853,42.0366,A-234,CLIENT-34,XLON
T-0003215,O-0003215,2026-08-25T10:15:32.750000Z,NOVA.L,SELL,4654,42.0331,A-235,CLIENT-35,XLON
T-0003216,O-0003216,2026-08-25T10:15:33.600000Z,ALTO.N,BUY,4127,42.0314,A-236,CLIENT-36,XLON
T-0003217,O-0003217,2026-08-25T10:15:34.450000Z,QUAD.N,SELL,6417,42.0252,A-237,CLIENT-37,XLON
T-0003218,O-0003218,2026-08-25T10:15:35.300000Z,MEGA.O,BUY,6085,42.0409,A-238,CLIENT-38,XLON
T-0003219,O-0003219,2026-08-25T10:15:36.150000Z,LIQD.P,SELL,5503,42.0444,A-239,CLIENT-39,XLON
T-0003220,O-0003220,2026-08-25T10:15:37Z,NOVA.L,BUY,5000,42.0459,A-104,CLIENT-LINKED,XLON
T-0003221,O-0003221,2026-08-25T10:15:37.850000Z,NOVA.L,SELL,5001,42.0332,A-882,CLIENT-LINKED,XLON
T-0003222,O-0003222,2026-08-25T10:15:38.700000Z,NOVA.L,BUY,5002,42.0463,A-104,CLIENT-LINKED,XLON
T-0003223,O-0003223,2026-08-25T10:15:39.550000Z,NOVA.L,SELL,5003,42.0466,A-882,CLIENT-LINKED,XLON
T-0003224,O-0003224,2026-08-25T10:15:40.400000Z,LIQD.P,BUY,4088,42.0547,A-244,CLIENT-44,XLON
T-0003225,O-0003225,2026-08-25T10:15:41.250000Z,NOVA.L,SELL,4119,42.0589,A-245,CLIENT-45,XLON
T-0003226,O-0003226,2026-08-25T10:15:42.100000Z,ALTO.N,BUY,5927,42.0439,A-246,CLIENT-46,XLON
T-0003227,O-0003227,2026-08-25T10:15:42.950000Z,QUAD.N,SELL,6770,42.0486,A-247,CLIENT-47,XLON
T-0003228,O-0003228,2026-08-25T10:15:43.800000Z,MEGA.O,BUY,5378,42.0498,A-248,CLIENT-48,XLON
T-0003229,O-0003229,2026-08-25T10:15:44.650000Z,LIQD.P,SELL,5955,42.0611,A-249,CLIENT-49,XLON
T-0003230,O-0003230,2026-08-25T10:15:45.500000Z,NOVA.L,BUY,5000,42.0614,A-104,CLIENT-LINKED,XLON
T-0003231,O-0003231,2026-08-25T10:15:46.350000Z,NOVA.L,SELL,5001,42.071,A-882,CLIENT-LINKED,XLON
T-0003232,O-0003232,2026-08-25T10:15:47.200000Z,NOVA.L,BUY,5002,42.0652,A-104,CLIENT-LINKED,XLON
T-0003233,O-0003233,2026-08-25T10:15:48.050000Z,NOVA.L,SELL,5003,42.0672,A-882,CLIENT-LINKED,XLON
T-0003234,O-0003234,2026-08-25T10:15:48.900000Z,LIQD.P,BUY,4232,42.0733,A-254,CLIENT-54,XLON
T-0003235,O-0003235,2026-08-25T10:15:49.750000Z,NOVA.L,SELL,6161,42.0672,A-255,CLIENT-55,XLON
T-0003236,O-0003236,2026-08-25T10:15:50.600000Z,ALTO.N,BUY,5678,42.0761,A-256,CLIENT-56,XLON
T-0003237,O-0003237,2026-08-25T10:15:51.450000Z,QUAD.N,SELL,5549,42.0817,A-257,CLIENT-57,XLON
T-0003238,O-0003238,2026-08-25T10:15:52.300000Z,MEGA.O,BUY,4483,42.0818,A-258,CLIENT-58,XLON
T-0003239,O-0003239,2026-08-25T10:15:53.150000Z,LIQD.P,SELL,6052,42.076,A-259,CLIENT-59,XLON
T-0003240,O-0003240,2026-08-25T10:15:54Z,NOVA.L,BUY,5000,42.0768,A-104,CLIENT-LINKED,XLON
T-0003241,O-0003241,2026-08-25T10:15:54.850000Z,NOVA.L,SELL,5001,42.0752,A-882,CLIENT-LINKED,XLON
T-0003242,O-0003242,2026-08-25T10:15:55.700000Z,NOVA.L,BUY,5002,42.094,A-104,CLIENT-LINKED,XLON
T-0003243,O-0003243,2026-08-25T10:15:56.550000Z,NOVA.L,SELL,5003,42.0849,A-882,CLIENT-LINKED,XLON
T-0003244,O-0003244,2026-08-25T10:15:57.400000Z,LIQD.P,BUY,5243,42.096,A-204,CLIENT-4,XLON
T-0003245,O-0003245,2026-08-25T10:15:58.250000Z,NOVA.L,SELL,6053,42.0998,A-205,CLIENT-5,XLON
T-0003246,O-0003246,2026-08-25T10:15:59.100000Z,ALTO.N,BUY,5129,42.0989,A-206,CLIENT-6,XLON
T-0003247,O-0003247,2026-08-25T10:15:59.950000Z,QUAD.N,SELL,5488,42.0993,A-207,CLIENT-7,XLON
T-0003248,O-0003248,2026-08-25T10:16:00.800000Z,MEGA.O,BUY,5563,42.1025,A-208,CLIENT-8,XLON
T-0003249,O-0003249,2026-08-25T10:16:01.650000Z,LIQD.P,SELL,5124,42.1002,A-209,CLIENT-9,XLON
T-0003250,O-0003250,2026-08-25T10:16:02.500000Z,NOVA.L,BUY,5000,42.1013,A-104,CLIENT-LINKED,XLON
T-0003251,O-0003251,2026-08-25T10:16:03.350000Z,NOVA.L,SELL,5001,42.0963,A-882,CLIENT-LINKED,XLON
T-0003252,O-0003252,2026-08-25T10:16:04.200000Z,NOVA.L,BUY,5002,42.1093,A-104,CLIENT-LINKED,XLON
T-0003253,O-0003253,2026-08-25T10:16:05.050000Z,NOVA.L,SELL,5003,42.1145,A-882,CLIENT-LINKED,XLON
T-0003254,O-0003254,2026-08-25T10:16:05.900000Z,LIQD.P,BUY,4840,42.1052,A-214,CLIENT-14,XLON
T-0003255,O-0003255,2026-08-25T10:16:06.750000Z,NOVA.L,SELL,5653,42.1089,A-215,CLIENT-15,XLON
T-0003256,O-0003256,2026-08-25T10:16:07.600000Z,ALTO.N,BUY,5426,42.102,A-216,CLIENT-16,XLON
T-0003257,O-0003257,2026-08-25T10:16:08.450000Z,QUAD.N,SELL,3941,42.1237,A-217,CLIENT-17,XLON
T-0003258,O-0003258,2026-08-25T10:16:09.300000Z,MEGA.O,BUY,6240,42.1063,A-218,CLIENT-18,XLON
T-0003259,O-0003259,2026-08-25T10:16:10.150000Z,LIQD.P,SELL,4353,42.1279,A-219,CLIENT-19,XLON
T-0003260,O-0003260,2026-08-25T10:16:11Z,NOVA.L,BUY,5000,42.116,A-104,CLIENT-LINKED,XLON
T-0003261,O-0003261,2026-08-25T10:16:11.850000Z,NOVA.L,SELL,5001,42.118,A-882,CLIENT-LINKED,XLON
T-0003262,O-0003262,2026-08-25T10:16:12.700000Z,NOVA.L,BUY,5002,42.1184,A-104,CLIENT-LINKED,XLON
T-0003263,O-0003263,2026-08-25T10:16:13.550000Z,NOVA.L,SELL,5003,42.1331,A-882,CLIENT-LINKED,XLON
T-0003264,O-0003264,2026-08-25T10:16:14.400000Z,LIQD.P,BUY,3888,42.1334,A-224,CLIENT-24,XLON
T-0003265,O-0003265,2026-08-25T10:16:15.250000Z,NOVA.L,SELL,6625,42.1364,A-225,CLIENT-25,XLON
T-0003266,O-0003266,2026-08-25T10:16:16.100000Z,ALTO.N,BUY,6067,42.1322,A-226,CLIENT-26,XLON
T-0003267,O-0003267,2026-08-25T10:16:16.950000Z,QUAD.N,SELL,6137,42.1425,A-227,CLIENT-27,XLON
T-0003268,O-0003268,2026-08-25T10:16:17.800000Z,MEGA.O,BUY,4433,42.1279,A-228,CLIENT-28,XLON
T-0003269,O-0003269,2026-08-25T10:16:18.650000Z,LIQD.P,SELL,5685,42.1351,A-229,CLIENT-29,XLON
T-0003270,O-0003270,2026-08-25T10:16:19.500000Z,NOVA.L,BUY,5000,42.1328,A-104,CLIENT-LINKED,XLON
T-0003271,O-0003271,2026-08-25T10:16:20.350000Z,NOVA.L,SELL,5001,42.1393,A-882,CLIENT-LINKED,XLON
T-0003272,O-0003272,2026-08-25T10:16:21.200000Z,NOVA.L,BUY,5002,42.1456,A-104,CLIENT-LINKED,XLON
T-0003273,O-0003273,2026-08-25T10:16:22.050000Z,NOVA.L,SELL,5003,42.1407,A-882,CLIENT-LINKED,XLON
T-0003274,O-0003274,2026-08-25T10:16:22.900000Z,LIQD.P,BUY,5030,42.1398,A-234,CLIENT-34,XLON
T-0003275,O-0003275,2026-08-25T10:16:23.750000Z,NOVA.L,SELL,5437,42.1514,A-235,CLIENT-35,XLON
T-0003276,O-0003276,2026-08-25T10:16:24.600000Z,ALTO.N,BUY,4690,42.1567,A-236,CLIENT-36,XLON
T-0003277,O-0003277,2026-08-25T10:16:25.450000Z,QUAD.N,SELL,6763,42.1505,A-237,CLIENT-37,XLON
T-0003278,O-0003278,2026-08-25T10:16:26.300000Z,MEGA.O,BUY,5776,42.1495,A-238,CLIENT-38,XLON
T-0003279,O-0003279,2026-08-25T10:16:27.150000Z,LIQD.P,SELL,6624,42.1621,A-239,CLIENT-39,XLON
T-0003280,O-0003280,2026-08-25T10:16:28Z,NOVA.L,BUY,5000,42.0064,A-104,CLIENT-LINKED,XLON
T-0003281,O-0003281,2026-08-25T10:16:28.850000Z,NOVA.L,SELL,5001,41.9939,A-882,CLIENT-LINKED,XLON
T-0003282,O-0003282,2026-08-25T10:16:29.700000Z,NOVA.L,BUY,5002,42.0068,A-104,CLIENT-LINKED,XLON
T-0003283,O-0003283,2026-08-25T10:16:30.550000Z,NOVA.L,SELL,5003,41.9967,A-882,CLIENT-LINKED,XLON
T-0003284,O-0003284,2026-08-25T10:16:31.400000Z,LIQD.P,BUY,6160,42.0056,A-244,CLIENT-44,XLON
T-0003285,O-0003285,2026-08-25T10:16:32.250000Z,NOVA.L,SELL,4029,42.0184,A-245,CLIENT-45,XLON
T-0003286,O-0003286,2026-08-25T10:16:33.100000Z,ALTO.N,BUY,5169,42.009,A-246,CLIENT-46,XLON
T-0003287,O-0003287,2026-08-25T10:16:33.950000Z,QUAD.N,SELL,5578,42.0123,A-247,CLIENT-47,XLON
T-0003288,O-0003288,2026-08-25T10:16:34.800000Z,MEGA.O,BUY,4293,42.0234,A-248,CLIENT-48,XLON
T-0003289,O-0003289,2026-08-25T10:16:35.650000Z,LIQD.P,SELL,4728,42.023,A-249,CLIENT-49,XLON
T-0003290,O-0003290,2026-08-25T10:16:36.500000Z,NOVA.L,BUY,5000,42.027,A-104,CLIENT-LINKED,XLON
T-0003291,O-0003291,2026-08-25T10:16:37.350000Z,NOVA.L,SELL,5001,42.0306,A-882,CLIENT-LINKED,XLON
T-0003292,O-0003292,2026-08-25T10:16:38.200000Z,NOVA.L,BUY,5002,42.0267,A-104,CLIENT-LINKED,XLON
T-0003293,O-0003293,2026-08-25T10:16:39.050000Z,NOVA.L,SELL,5003,42.0286,A-882,CLIENT-LINKED,XLON
T-0003294,O-0003294,2026-08-25T10:16:39.900000Z,LIQD.P,BUY,4021,42.0241,A-254,CLIENT-54,XLON
T-0003295,O-0003295,2026-08-25T10:16:40.750000Z,NOVA.L,SELL,3968,42.0264,A-255,CLIENT-55,XLON
T-0003296,O-0003296,2026-08-25T10:16:41.600000Z,ALTO.N,BUY,6113,42.025,A-256,CLIENT-56,XLON
T-0003297,O-0003297,2026-08-25T10:16:42.450000Z,QUAD.N,SELL,5857,42.038,A-257,CLIENT-57,XLON
T-0003298,O-0003298,2026-08-25T10:16:43.300000Z,MEGA.O,BUY,4427,42.027,A-258,CLIENT-58,XLON
T-0003299,O-0003299,2026-08-25T10:16:44.150000Z,LIQD.P,SELL,6796,42.0479,A-259,CLIENT-59,XLON
T-0003300,O-0003300,2026-08-25T10:16:45Z,NOVA.L,BUY,5000,42.0494,A-104,CLIENT-LINKED,XLON
T-0003301,O-0003301,2026-08-25T10:16:45.850000Z,NOVA.L,SELL,5001,42.0471,A-882,CLIENT-LINKED,XLON
T-0003302,O-0003302,2026-08-25T10:16:46.700000Z,NOVA.L,BUY,5002,42.0455,A-104,CLIENT-LINKED,XLON
T-0003303,O-0003303,2026-08-25T10:16:47.550000Z,NOVA.L,SELL,5003,42.0378,A-882,CLIENT-LINKED,XLON
T-0003304,O-0003304,2026-08-25T10:16:48.400000Z,LIQD.P,BUY,5569,42.0438,A-204,CLIENT-4,XLON
T-0003305,O-0003305,2026-08-25T10:16:49.250000Z,NOVA.L,SELL,5415,42.043,A-205,CLIENT-5,XLON
T-0003306,O-0003306,2026-08-25T10:16:50.100000Z,ALTO.N,BUY,5176,42.0437,A-206,CLIENT-6,XLON
T-0003307,O-0003307,2026-08-25T10:16:50.950000Z,QUAD.N,SELL,6140,42.0589,A-207,CLIENT-7,XLON
T-0003308,O-0003308,2026-08-25T10:16:51.800000Z,MEGA.O,BUY,6045,42.054,A-208,CLIENT-8,XLON
T-0003309,O-0003309,2026-08-25T10:16:52.650000Z,LIQD.P,SELL,4148,42.056,A-209,CLIENT-9,XLON
T-0003310,O-0003310,2026-08-25T10:16:53.500000Z,NOVA.L,BUY,5000,42.0587,A-104,CLIENT-LINKED,XLON
T-0003311,O-0003311,2026-08-25T10:16:54.350000Z,NOVA.L,SELL,5001,42.066,A-882,CLIENT-LINKED,XLON
T-0003312,O-0003312,2026-08-25T10:16:55.200000Z,NOVA.L,BUY,5002,42.0692,A-104,CLIENT-LINKED,XLON
T-0003313,O-0003313,2026-08-25T10:16:56.050000Z,NOVA.L,SELL,5003,42.0656,A-882,CLIENT-LINKED,XLON
T-0003314,O-0003314,2026-08-25T10:16:56.900000Z,LIQD.P,BUY,4611,42.0678,A-214,CLIENT-14,XLON
T-0003315,O-0003315,2026-08-25T10:16:57.750000Z,NOVA.L,SELL,6471,42.0714,A-215,CLIENT-15,XLON
T-0003316,O-0003316,2026-08-25T10:16:58.600000Z,ALTO.N,BUY,6098,42.0743,A-216,CLIENT-16,XLON
T-0003317,O-0003317,2026-08-25T10:16:59.450000Z,QUAD.N,SELL,5947,42.0689,A-217,CLIENT-17,XLON
T-0003318,O-0003318,2026-08-25T10:17:00.300000Z,MEGA.O,BUY,4093,42.0713,A-218,CLIENT-18,XLON
T-0003319,O-0003319,2026-08-25T10:17:01.150000Z,LIQD.P,SELL,5561,42.0745,A-219,CLIENT-19,XLON
T-0003320,O-0003320,2026-08-25T10:17:02Z,NOVA.L,BUY,5000,42.0885,A-104,CLIENT-LINKED,XLON
T-0003321,O-0003321,2026-08-25T10:17:02.850000Z,NOVA.L,SELL,5001,42.0738,A-882,CLIENT-LINKED,XLON
T-0003322,O-0003322,2026-08-25T10:17:03.700000Z,NOVA.L,BUY,5002,42.0874,A-104,CLIENT-LINKED,XLON
T-0003323,O-0003323,2026-08-25T10:17:04.550000Z,NOVA.L,SELL,5003,42.0845,A-882,CLIENT-LINKED,XLON
T-0003324,O-0003324,2026-08-25T10:17:05.400000Z,LIQD.P,BUY,5226,42.0818,A-224,CLIENT-24,XLON
T-0003325,O-0003325,2026-08-25T10:17:06.250000Z,NOVA.L,SELL,5211,42.0919,A-225,CLIENT-25,XLON
T-0003326,O-0003326,2026-08-25T10:17:07.100000Z,ALTO.N,BUY,3899,42.0974,A-226,CLIENT-26,XLON
T-0003327,O-0003327,2026-08-25T10:17:07.950000Z,QUAD.N,SELL,4493,42.1038,A-227,CLIENT-27,XLON
T-0003328,O-0003328,2026-08-25T10:17:08.800000Z,MEGA.O,BUY,6324,42.1024,A-228,CLIENT-28,XLON
T-0003329,O-0003329,2026-08-25T10:17:09.650000Z,LIQD.P,SELL,5611,42.1005,A-229,CLIENT-29,XLON
T-0003330,O-0003330,2026-08-25T10:17:10.500000Z,NOVA.L,BUY,5000,42.0988,A-104,CLIENT-LINKED,XLON
T-0003331,O-0003331,2026-08-25T10:17:11.350000Z,NOVA.L,SELL,5001,42.1105,A-882,CLIENT-LINKED,XLON
T-0003332,O-0003332,2026-08-25T10:17:12.200000Z,NOVA.L,BUY,5002,42.0987,A-104,CLIENT-LINKED,XLON
T-0003333,O-0003333,2026-08-25T10:17:13.050000Z,NOVA.L,SELL,5003,42.1097,A-882,CLIENT-LINKED,XLON
T-0003334,O-0003334,2026-08-25T10:17:13.900000Z,LIQD.P,BUY,4438,42.1132,A-234,CLIENT-34,XLON
T-0003335,O-0003335,2026-08-25T10:17:14.750000Z,NOVA.L,SELL,4151,42.1022,A-235,CLIENT-35,XLON
T-0003336,O-0003336,2026-08-25T10:17:15.600000Z,ALTO.N,BUY,4023,42.1069,A-236,CLIENT-36,XLON
T-0003337,O-0003337,2026-08-25T10:17:16.450000Z,QUAD.N,SELL,6343,42.1225,A-237,CLIENT-37,XLON
T-0003338,O-0003338,2026-08-25T10:17:17.300000Z,MEGA.O,BUY,4978,42.1063,A-238,CLIENT-38,XLON
T-0003339,O-0003339,2026-08-25T10:17:18.150000Z,LIQD.P,SELL,6641,42.1241,A-239,CLIENT-39,XLON
T-0003340,O-0003340,2026-08-25T10:17:19Z,NOVA.L,BUY,5000,42.1161,A-104,CLIENT-LINKED,XLON
T-0003341,O-0003341,2026-08-25T10:17:19.850000Z,NOVA.L,SELL,5001,42.1214,A-882,CLIENT-LINKED,XLON
T-0003342,O-0003342,2026-08-25T10:17:20.700000Z,NOVA.L,BUY,5002,42.1206,A-104,CLIENT-LINKED,XLON
T-0003343,O-0003343,2026-08-25T10:17:21.550000Z,NOVA.L,SELL,5003,42.1308,A-882,CLIENT-LINKED,XLON
T-0003344,O-0003344,2026-08-25T10:17:22.400000Z,LIQD.P,BUY,4667,42.1221,A-244,CLIENT-44,XLON
T-0003345,O-0003345,2026-08-25T10:17:23.250000Z,NOVA.L,SELL,5943,42.135,A-245,CLIENT-45,XLON
T-0003346,O-0003346,2026-08-25T10:17:24.100000Z,ALTO.N,BUY,6047,42.1317,A-246,CLIENT-46,XLON
T-0003347,O-0003347,2026-08-25T10:17:24.950000Z,QUAD.N,SELL,6789,42.1438,A-247,CLIENT-47,XLON
T-0003348,O-0003348,2026-08-25T10:17:25.800000Z,MEGA.O,BUY,6647,42.14,A-248,CLIENT-48,XLON
T-0003349,O-0003349,2026-08-25T10:17:26.650000Z,LIQD.P,SELL,3875,42.1355,A-249,CLIENT-49,XLON
T-0003350,O-0003350,2026-08-25T10:17:27.500000Z,NOVA.L,BUY,5000,42.1481,A-104,CLIENT-LINKED,XLON
T-0003351,O-0003351,2026-08-25T10:17:28.350000Z,NOVA.L,SELL,5001,42.1425,A-882,CLIENT-LINKED,XLON
T-0003352,O-0003352,2026-08-25T10:17:29.200000Z,NOVA.L,BUY,5002,42.1391,A-104,CLIENT-LINKED,XLON
T-0003353,O-0003353,2026-08-25T10:17:30.050000Z,NOVA.L,SELL,5003,42.1372,A-882,CLIENT-LINKED,XLON
T-0003354,O-0003354,2026-08-25T10:17:30.900000Z,LIQD.P,BUY,4622,42.1538,A-254,CLIENT-54,XLON
T-0003355,O-0003355,2026-08-25T10:17:31.750000Z,NOVA.L,SELL,6331,42.1454,A-255,CLIENT-55,XLON
T-0003356,O-0003356,2026-08-25T10:17:32.600000Z,ALTO.N,BUY,5704,42.1551,A-256,CLIENT-56,XLON
T-0003357,O-0003357,2026-08-25T10:17:33.450000Z,QUAD.N,SELL,3834,42.1453,A-257,CLIENT-57,XLON
T-0003358,O-0003358,2026-08-25T10:17:34.300000Z,MEGA.O,BUY,6504,42.1514,A-258,CLIENT-58,XLON
T-0003359,O-0003359,2026-08-25T10:17:35.150000Z,LIQD.P,SELL,6503,42.1552,A-259,CLIENT-59,XLON
T-0003360,O-0003360,2026-08-25T10:17:36Z,NOVA.L,BUY,5000,41.9922,A-104,CLIENT-LINKED,XLON
T-0003361,O-0003361,2026-08-25T10:17:36.850000Z,NOVA.L,SELL,5001,41.9978,A-882,CLIENT-LINKED,XLON
T-0003362,O-0003362,2026-08-25T10:17:37.700000Z,NOVA.L,BUY,5002,42.0117,A-104,CLIENT-LINKED,XLON
T-0003363,O-0003363,2026-08-25T10:17:38.550000Z,NOVA.L,SELL,5003,42.0037,A-882,CLIENT-LINKED,XLON
T-0003364,O-0003364,2026-08-25T10:17:39.400000Z,LIQD.P,BUY,5359,42.0082,A-204,CLIENT-4,XLON
T-0003365,O-0003365,2026-08-25T10:17:40.250000Z,NOVA.L,SELL,6706,42.002,A-205,CLIENT-5,XLON
T-0003366,O-0003366,2026-08-25T10:17:41.100000Z,ALTO.N,BUY,5092,42.0117,A-206,CLIENT-6,XLON
T-0003367,O-0003367,2026-08-25T10:17:41.950000Z,QUAD.N,SELL,6245,42.0146,A-207,CLIENT-7,XLON
T-0003368,O-0003368,2026-08-25T10:17:42.800000Z,MEGA.O,BUY,4563,42.01,A-208,CLIENT-8,XLON
T-0003369,O-0003369,2026-08-25T10:17:43.650000Z,LIQD.P,SELL,5675,42.0192,A-209,CLIENT-9,XLON
T-0003370,O-0003370,2026-08-25T10:17:44.500000Z,NOVA.L,BUY,5000,42.0242,A-104,CLIENT-LINKED,XLON
T-0003371,O-0003371,2026-08-25T10:17:45.350000Z,NOVA.L,SELL,5001,42.0128,A-882,CLIENT-LINKED,XLON
T-0003372,O-0003372,2026-08-25T10:17:46.200000Z,NOVA.L,BUY,5002,42.0324,A-104,CLIENT-LINKED,XLON
T-0003373,O-0003373,2026-08-25T10:17:47.050000Z,NOVA.L,SELL,5003,42.0221,A-882,CLIENT-LINKED,XLON
T-0003374,O-0003374,2026-08-25T10:17:47.900000Z,LIQD.P,BUY,5806,42.0259,A-214,CLIENT-14,XLON
T-0003375,O-0003375,2026-08-25T10:17:48.750000Z,NOVA.L,SELL,4443,42.0204,A-215,CLIENT-15,XLON
T-0003376,O-0003376,2026-08-25T10:17:49.600000Z,ALTO.N,BUY,6602,42.029,A-216,CLIENT-16,XLON
T-0003377,O-0003377,2026-08-25T10:17:50.450000Z,QUAD.N,SELL,6360,42.03,A-217,CLIENT-17,XLON
T-0003378,O-0003378,2026-08-25T10:17:51.300000Z,MEGA.O,BUY,5853,42.0315,A-218,CLIENT-18,XLON
T-0003379,O-0003379,2026-08-25T10:17:52.150000Z,LIQD.P,SELL,4053,42.0405,A-219,CLIENT-19,XLON
T-0003380,O-0003380,2026-08-25T10:17:53Z,NOVA.L,BUY,5000,42.0476,A-104,CLIENT-LINKED,XLON
T-0003381,O-0003381,2026-08-25T10:17:53.850000Z,NOVA.L,SELL,5001,42.0498,A-882,CLIENT-LINKED,XLON
T-0003382,O-0003382,2026-08-25T10:17:54.700000Z,NOVA.L,BUY,5002,42.0503,A-104,CLIENT-LINKED,XLON
T-0003383,O-0003383,2026-08-25T10:17:55.550000Z,NOVA.L,SELL,5003,42.0366,A-882,CLIENT-LINKED,XLON
T-0003384,O-0003384,2026-08-25T10:17:56.400000Z,LIQD.P,BUY,6073,42.057,A-224,CLIENT-24,XLON
T-0003385,O-0003385,2026-08-25T10:17:57.250000Z,NOVA.L,SELL,4723,42.043,A-225,CLIENT-25,XLON
T-0003386,O-0003386,2026-08-25T10:17:58.100000Z,ALTO.N,BUY,5409,42.0551,A-226,CLIENT-26,XLON
T-0003387,O-0003387,2026-08-25T10:17:58.950000Z,QUAD.N,SELL,4159,42.0586,A-227,CLIENT-27,XLON
T-0003388,O-0003388,2026-08-25T10:17:59.800000Z,MEGA.O,BUY,5932,42.0652,A-228,CLIENT-28,XLON
T-0003389,O-0003389,2026-08-25T10:18:00.650000Z,LIQD.P,SELL,6308,42.0655,A-229,CLIENT-29,XLON
T-0003390,O-0003390,2026-08-25T10:18:01.500000Z,NOVA.L,BUY,5000,42.0637,A-104,CLIENT-LINKED,XLON
T-0003391,O-0003391,2026-08-25T10:18:02.350000Z,NOVA.L,SELL,5001,42.0603,A-882,CLIENT-LINKED,XLON
T-0003392,O-0003392,2026-08-25T10:18:03.200000Z,NOVA.L,BUY,5002,42.0655,A-104,CLIENT-LINKED,XLON
T-0003393,O-0003393,2026-08-25T10:18:04.050000Z,NOVA.L,SELL,5003,42.0645,A-882,CLIENT-LINKED,XLON
T-0003394,O-0003394,2026-08-25T10:18:04.900000Z,LIQD.P,BUY,5079,42.0762,A-234,CLIENT-34,XLON
T-0003395,O-0003395,2026-08-25T10:18:05.750000Z,NOVA.L,SELL,5148,42.069,A-235,CLIENT-35,XLON
T-0003396,O-0003396,2026-08-25T10:18:06.600000Z,ALTO.N,BUY,4339,42.0661,A-236,CLIENT-36,XLON
T-0003397,O-0003397,2026-08-25T10:18:07.450000Z,QUAD.N,SELL,4367,42.0756,A-237,CLIENT-37,XLON
T-0003398,O-0003398,2026-08-25T10:18:08.300000Z,MEGA.O,BUY,6601,42.082,A-238,CLIENT-38,XLON
T-0003399,O-0003399,2026-08-25T10:18:09.150000Z,LIQD.P,SELL,4365,42.0742,A-239,CLIENT-39,XLON
T-0003400,O-0003400,2026-08-25T10:18:10Z,NOVA.L,BUY,5000,42.0841,A-104,CLIENT-LINKED,XLON
T-0003401,O-0003401,2026-08-25T10:18:10.850000Z,NOVA.L,SELL,5001,42.0825,A-882,CLIENT-LINKED,XLON
T-0003402,O-0003402,2026-08-25T10:18:11.700000Z,NOVA.L,BUY,5002,42.0767,A-104,CLIENT-LINKED,XLON
T-0003403,O-0003403,2026-08-25T10:18:12.550000Z,NOVA.L,SELL,5003,42.0959,A-882,CLIENT-LINKED,XLON
T-0003404,O-0003404,2026-08-25T10:18:13.400000Z,LIQD.P,BUY,4394,42.0911,A-244,CLIENT-44,XLON
T-0003405,O-0003405,2026-08-25T10:18:14.250000Z,NOVA.L,SELL,6113,42.0983,A-245,CLIENT-45,XLON
T-0003406,O-0003406,2026-08-25T10:18:15.100000Z,ALTO.N,BUY,5100,42.0834,A-246,CLIENT-46,XLON
T-0003407,O-0003407,2026-08-25T10:18:15.950000Z,QUAD.N,SELL,5983,42.103,A-247,CLIENT-47,XLON
T-0003408,O-0003408,2026-08-25T10:18:16.800000Z,MEGA.O,BUY,4284,42.0897,A-248,CLIENT-48,XLON
T-0003409,O-0003409,2026-08-25T10:18:17.650000Z,LIQD.P,SELL,4396,42.1025,A-249,CLIENT-49,XLON
T-0003410,O-0003410,2026-08-25T10:18:18.500000Z,NOVA.L,BUY,5000,42.1053,A-104,CLIENT-LINKED,XLON
T-0003411,O-0003411,2026-08-25T10:18:19.350000Z,NOVA.L,SELL,5001,42.1096,A-882,CLIENT-LINKED,XLON
T-0003412,O-0003412,2026-08-25T10:18:20.200000Z,NOVA.L,BUY,5002,42.1023,A-104,CLIENT-LINKED,XLON
T-0003413,O-0003413,2026-08-25T10:18:21.050000Z,NOVA.L,SELL,5003,42.1042,A-882,CLIENT-LINKED,XLON
T-0003414,O-0003414,2026-08-25T10:18:21.900000Z,LIQD.P,BUY,5614,42.1129,A-254,CLIENT-54,XLON
T-0003415,O-0003415,2026-08-25T10:18:22.750000Z,NOVA.L,SELL,6408,42.1187,A-255,CLIENT-55,XLON
T-0003416,O-0003416,2026-08-25T10:18:23.600000Z,ALTO.N,BUY,4921,42.105,A-256,CLIENT-56,XLON
T-0003417,O-0003417,2026-08-25T10:18:24.450000Z,QUAD.N,SELL,4569,42.1061,A-257,CLIENT-57,XLON
T-0003418,O-0003418,2026-08-25T10:18:25.300000Z,MEGA.O,BUY,4556,42.1065,A-258,CLIENT-58,XLON
T-0003419,O-0003419,2026-08-25T10:18:26.150000Z,LIQD.P,SELL,6306,42.1203,A-259,CLIENT-59,XLON
T-0003420,O-0003420,2026-08-25T10:18:27Z,NOVA.L,BUY,5000,42.1221,A-104,CLIENT-LINKED,XLON
T-0003421,O-0003421,2026-08-25T10:18:27.850000Z,NOVA.L,SELL,5001,42.1242,A-882,CLIENT-LINKED,XLON
T-0003422,O-0003422,2026-08-25T10:18:28.700000Z,NOVA.L,BUY,5002,42.1259,A-104,CLIENT-LINKED,XLON
T-0003423,O-0003423,2026-08-25T10:18:29.550000Z,NOVA.L,SELL,5003,42.1206,A-882,CLIENT-LINKED,XLON
T-0003424,O-0003424,2026-08-25T10:18:30.400000Z,LIQD.P,BUY,3906,42.1252,A-204,CLIENT-4,XLON
T-0003425,O-0003425,2026-08-25T10:18:31.250000Z,NOVA.L,SELL,6618,42.1356,A-205,CLIENT-5,XLON
T-0003426,O-0003426,2026-08-25T10:18:32.100000Z,ALTO.N,BUY,4349,42.132,A-206,CLIENT-6,XLON
T-0003427,O-0003427,2026-08-25T10:18:32.950000Z,QUAD.N,SELL,6276,42.1334,A-207,CLIENT-7,XLON
T-0003428,O-0003428,2026-08-25T10:18:33.800000Z,MEGA.O,BUY,6460,42.1335,A-208,CLIENT-8,XLON
T-0003429,O-0003429,2026-08-25T10:18:34.650000Z,LIQD.P,SELL,5387,42.1378,A-209,CLIENT-9,XLON
T-0003430,O-0003430,2026-08-25T10:18:35.500000Z,NOVA.L,BUY,5000,42.1328,A-104,CLIENT-LINKED,XLON
T-0003431,O-0003431,2026-08-25T10:18:36.350000Z,NOVA.L,SELL,5001,42.1359,A-882,CLIENT-LINKED,XLON
T-0003432,O-0003432,2026-08-25T10:18:37.200000Z,NOVA.L,BUY,5002,42.1346,A-104,CLIENT-LINKED,XLON
T-0003433,O-0003433,2026-08-25T10:18:38.050000Z,NOVA.L,SELL,5003,42.1513,A-882,CLIENT-LINKED,XLON
T-0003434,O-0003434,2026-08-25T10:18:38.900000Z,LIQD.P,BUY,3861,42.1565,A-214,CLIENT-14,XLON
T-0003435,O-0003435,2026-08-25T10:18:39.750000Z,NOVA.L,SELL,5491,42.1445,A-215,CLIENT-15,XLON
T-0003436,O-0003436,2026-08-25T10:18:40.600000Z,ALTO.N,BUY,6549,42.1618,A-216,CLIENT-16,XLON
T-0003437,O-0003437,2026-08-25T10:18:41.450000Z,QUAD.N,SELL,4637,42.1453,A-217,CLIENT-17,XLON
T-0003438,O-0003438,2026-08-25T10:18:42.300000Z,MEGA.O,BUY,5599,42.1633,A-218,CLIENT-18,XLON
T-0003439,O-0003439,2026-08-25T10:18:43.150000Z,LIQD.P,SELL,5806,42.1618,A-219,CLIENT-19,XLON
T-0003440,O-0003440,2026-08-25T10:18:44Z,NOVA.L,BUY,5000,42.0073,A-104,CLIENT-LINKED,XLON
T-0003441,O-0003441,2026-08-25T10:18:44.850000Z,NOVA.L,SELL,5001,42.0098,A-882,CLIENT-LINKED,XLON
T-0003442,O-0003442,2026-08-25T10:18:45.700000Z,NOVA.L,BUY,5002,42.0026,A-104,CLIENT-LINKED,XLON
T-0003443,O-0003443,2026-08-25T10:18:46.550000Z,NOVA.L,SELL,5003,42.0115,A-882,CLIENT-LINKED,XLON
T-0003444,O-0003444,2026-08-25T10:18:47.400000Z,LIQD.P,BUY,6290,42.0127,A-224,CLIENT-24,XLON
T-0003445,O-0003445,2026-08-25T10:18:48.250000Z,NOVA.L,SELL,5358,42.0144,A-225,CLIENT-25,XLON
T-0003446,O-0003446,2026-08-25T10:18:49.100000Z,ALTO.N,BUY,5414,42.0142,A-226,CLIENT-26,XLON
T-0003447,O-0003447,2026-08-25T10:18:49.950000Z,QUAD.N,SELL,6142,42.0159,A-227,CLIENT-27,XLON
T-0003448,O-0003448,2026-08-25T10:18:50.800000Z,MEGA.O,BUY,5951,42.0188,A-228,CLIENT-28,XLON
T-0003449,O-0003449,2026-08-25T10:18:51.650000Z,LIQD.P,SELL,6684,42.0237,A-229,CLIENT-29,XLON
T-0003450,O-0003450,2026-08-25T10:18:52.500000Z,NOVA.L,BUY,5000,42.0204,A-104,CLIENT-LINKED,XLON
T-0003451,O-0003451,2026-08-25T10:18:53.350000Z,NOVA.L,SELL,5001,42.021,A-882,CLIENT-LINKED,XLON
T-0003452,O-0003452,2026-08-25T10:18:54.200000Z,NOVA.L,BUY,5002,42.0305,A-104,CLIENT-LINKED,XLON
T-0003453,O-0003453,2026-08-25T10:18:55.050000Z,NOVA.L,SELL,5003,42.0168,A-882,CLIENT-LINKED,XLON
T-0003454,O-0003454,2026-08-25T10:18:55.900000Z,LIQD.P,BUY,4806,42.0284,A-234,CLIENT-34,XLON
T-0003455,O-0003455,2026-08-25T10:18:56.750000Z,NOVA.L,SELL,5420,42.0397,A-235,CLIENT-35,XLON
T-0003456,O-0003456,2026-08-25T10:18:57.600000Z,ALTO.N,BUY,3960,42.0332,A-236,CLIENT-36,XLON
T-0003457,O-0003457,2026-08-25T10:18:58.450000Z,QUAD.N,SELL,5914,42.0393,A-237,CLIENT-37,XLON
T-0003458,O-0003458,2026-08-25T10:18:59.300000Z,MEGA.O,BUY,4001,42.0298,A-238,CLIENT-38,XLON
T-0003459,O-0003459,2026-08-25T10:19:00.150000Z,LIQD.P,SELL,5600,42.036,A-239,CLIENT-39,XLON
T-0003460,O-0003460,2026-08-25T10:19:01Z,NOVA.L,BUY,5000,42.0361,A-104,CLIENT-LINKED,XLON
T-0003461,O-0003461,2026-08-25T10:19:01.850000Z,NOVA.L,SELL,5001,42.0486,A-882,CLIENT-LINKED,XLON
T-0003462,O-0003462,2026-08-25T10:19:02.700000Z,NOVA.L,BUY,5002,42.0432,A-104,CLIENT-LINKED,XLON
T-0003463,O-0003463,2026-08-25T10:19:03.550000Z,NOVA.L,SELL,5003,42.0444,A-882,CLIENT-LINKED,XLON
T-0003464,O-0003464,2026-08-25T10:19:04.400000Z,LIQD.P,BUY,6311,42.0564,A-244,CLIENT-44,XLON
T-0003465,O-0003465,2026-08-25T10:19:05.250000Z,NOVA.L,SELL,6626,42.0503,A-245,CLIENT-45,XLON
T-0003466,O-0003466,2026-08-25T10:19:06.100000Z,ALTO.N,BUY,4382,42.0513,A-246,CLIENT-46,XLON
T-0003467,O-0003467,2026-08-25T10:19:06.950000Z,QUAD.N,SELL,6446,42.053,A-247,CLIENT-47,XLON
T-0003468,O-0003468,2026-08-25T10:19:07.800000Z,MEGA.O,BUY,6759,42.056,A-248,CLIENT-48,XLON
T-0003469,O-0003469,2026-08-25T10:19:08.650000Z,LIQD.P,SELL,4536,42.0636,A-249,CLIENT-49,XLON
T-0003470,O-0003470,2026-08-25T10:19:09.500000Z,NOVA.L,BUY,5000,42.0688,A-104,CLIENT-LINKED,XLON
T-0003471,O-0003471,2026-08-25T10:19:10.350000Z,NOVA.L,SELL,5001,42.0659,A-882,CLIENT-LINKED,XLON
T-0003472,O-0003472,2026-08-25T10:19:11.200000Z,NOVA.L,BUY,5002,42.0567,A-104,CLIENT-LINKED,XLON
T-0003473,O-0003473,2026-08-25T10:19:12.050000Z,NOVA.L,SELL,5003,42.0643,A-882,CLIENT-LINKED,XLON
T-0003474,O-0003474,2026-08-25T10:19:12.900000Z,LIQD.P,BUY,5646,42.0585,A-254,CLIENT-54,XLON
T-0003475,O-0003475,2026-08-25T10:19:13.750000Z,NOVA.L,SELL,5658,42.0718,A-255,CLIENT-55,XLON
T-0003476,O-0003476,2026-08-25T10:19:14.600000Z,ALTO.N,BUY,6718,42.0799,A-256,CLIENT-56,XLON
T-0003477,O-0003477,2026-08-25T10:19:15.450000Z,QUAD.N,SELL,5662,42.0658,A-257,CLIENT-57,XLON
T-0003478,O-0003478,2026-08-25T10:19:16.300000Z,MEGA.O,BUY,5127,42.0798,A-258,CLIENT-58,XLON
T-0003479,O-0003479,2026-08-25T10:19:17.150000Z,LIQD.P,SELL,6714,42.0839,A-259,CLIENT-59,XLON
T-0003480,O-0003480,2026-08-25T10:19:18Z,NOVA.L,BUY,5000,42.0844,A-104,CLIENT-LINKED,XLON
T-0003481,O-0003481,2026-08-25T10:19:18.850000Z,NOVA.L,SELL,5001,42.0745,A-882,CLIENT-LINKED,XLON
T-0003482,O-0003482,2026-08-25T10:19:19.700000Z,NOVA.L,BUY,5002,42.0763,A-104,CLIENT-LINKED,XLON
T-0003483,O-0003483,2026-08-25T10:19:20.550000Z,NOVA.L,SELL,5003,42.085,A-882,CLIENT-LINKED,XLON
T-0003484,O-0003484,2026-08-25T10:19:21.400000Z,LIQD.P,BUY,5286,42.0797,A-204,CLIENT-4,XLON
T-0003485,O-0003485,2026-08-25T10:19:22.250000Z,NOVA.L,SELL,6697,42.0877,A-205,CLIENT-5,XLON
T-0003486,O-0003486,2026-08-25T10:19:23.100000Z,ALTO.N,BUY,5895,42.0942,A-206,CLIENT-6,XLON
T-0003487,O-0003487,2026-08-25T10:19:23.950000Z,QUAD.N,SELL,4454,42.0916,A-207,CLIENT-7,XLON
T-0003488,O-0003488,2026-08-25T10:19:24.800000Z,MEGA.O,BUY,5358,42.0869,A-208,CLIENT-8,XLON
T-0003489,O-0003489,2026-08-25T10:19:25.650000Z,LIQD.P,SELL,4499,42.1062,A-209,CLIENT-9,XLON
T-0003490,O-0003490,2026-08-25T10:19:26.500000Z,NOVA.L,BUY,5000,42.1013,A-104,CLIENT-LINKED,XLON
T-0003491,O-0003491,2026-08-25T10:19:27.350000Z,NOVA.L,SELL,5001,42.1052,A-882,CLIENT-LINKED,XLON
T-0003492,O-0003492,2026-08-25T10:19:28.200000Z,NOVA.L,BUY,5002,42.097,A-104,CLIENT-LINKED,XLON
T-0003493,O-0003493,2026-08-25T10:19:29.050000Z,NOVA.L,SELL,5003,42.1134,A-882,CLIENT-LINKED,XLON
T-0003494,O-0003494,2026-08-25T10:19:29.900000Z,LIQD.P,BUY,4532,42.1134,A-214,CLIENT-14,XLON
T-0003495,O-0003495,2026-08-25T10:19:30.750000Z,NOVA.L,SELL,4010,42.1084,A-215,CLIENT-15,XLON
T-0003496,O-0003496,2026-08-25T10:19:31.600000Z,ALTO.N,BUY,5067,42.1166,A-216,CLIENT-16,XLON
T-0003497,O-0003497,2026-08-25T10:19:32.450000Z,QUAD.N,SELL,5627,42.1098,A-217,CLIENT-17,XLON
T-0003498,O-0003498,2026-08-25T10:19:33.300000Z,MEGA.O,BUY,4540,42.1084,A-218,CLIENT-18,XLON
T-0003499,O-0003499,2026-08-25T10:19:34.150000Z,LIQD.P,SELL,4338,42.1272,A-219,CLIENT-19,XLON
T-0003500,O-0003500,2026-08-25T10:19:35Z,NOVA.L,BUY,5000,42.1101,A-104,CLIENT-LINKED,XLON
T-0003501,O-0003501,2026-08-25T10:19:35.850000Z,NOVA.L,SELL,5001,42.1273,A-882,CLIENT-LINKED,XLON
T-0003502,O-0003502,2026-08-25T10:19:36.700000Z,NOVA.L,BUY,5002,42.1142,A-104,CLIENT-LINKED,XLON
T-0003503,O-0003503,2026-08-25T10:19:37.550000Z,NOVA.L,SELL,5003,42.126,A-882,CLIENT-LINKED,XLON
T-0003504,O-0003504,2026-08-25T10:19:38.400000Z,LIQD.P,BUY,5842,42.1289,A-224,CLIENT-24,XLON
T-0003505,O-0003505,2026-08-25T10:19:39.250000Z,NOVA.L,SELL,3823,42.1322,A-225,CLIENT-25,XLON
T-0003506,O-0003506,2026-08-25T10:19:40.100000Z,ALTO.N,BUY,5821,42.1268,A-226,CLIENT-26,XLON
T-0003507,O-0003507,2026-08-25T10:19:40.950000Z,QUAD.N,SELL,6211,42.1372,A-227,CLIENT-27,XLON
T-0003508,O-0003508,2026-08-25T10:19:41.800000Z,MEGA.O,BUY,5658,42.1342,A-228,CLIENT-28,XLON
T-0003509,O-0003509,2026-08-25T10:19:42.650000Z,LIQD.P,SELL,4125,42.14,A-229,CLIENT-29,XLON
T-0003510,O-0003510,2026-08-25T10:19:43.500000Z,NOVA.L,BUY,5000,42.1301,A-104,CLIENT-LINKED,XLON
T-0003511,O-0003511,2026-08-25T10:19:44.350000Z,NOVA.L,SELL,5001,42.1496,A-882,CLIENT-LINKED,XLON
T-0003512,O-0003512,2026-08-25T10:19:45.200000Z,NOVA.L,BUY,5002,42.1396,A-104,CLIENT-LINKED,XLON
T-0003513,O-0003513,2026-08-25T10:19:46.050000Z,NOVA.L,SELL,5003,42.1486,A-882,CLIENT-LINKED,XLON
T-0003514,O-0003514,2026-08-25T10:19:46.900000Z,LIQD.P,BUY,4650,42.139,A-234,CLIENT-34,XLON
T-0003515,O-0003515,2026-08-25T10:19:47.750000Z,NOVA.L,SELL,4407,42.1411,A-235,CLIENT-35,XLON
T-0003516,O-0003516,2026-08-25T10:19:48.600000Z,ALTO.N,BUY,5229,42.1427,A-236,CLIENT-36,XLON
T-0003517,O-0003517,2026-08-25T10:19:49.450000Z,QUAD.N,SELL,3932,42.1573,A-237,CLIENT-37,XLON
T-0003518,O-0003518,2026-08-25T10:19:50.300000Z,MEGA.O,BUY,6271,42.152,A-238,CLIENT-38,XLON
T-0003519,O-0003519,2026-08-25T10:19:51.150000Z,LIQD.P,SELL,4159,42.149,A-239,CLIENT-39,XLON
T-0003520,O-0003520,2026-08-25T10:19:52Z,NOVA.L,BUY,5000,41.9983,A-104,CLIENT-LINKED,XLON
T-0003521,O-0003521,2026-08-25T10:19:52.850000Z,NOVA.L,SELL,5001,41.9956,A-882,CLIENT-LINKED,XLON
T-0003522,O-0003522,2026-08-25T10:19:53.700000Z,NOVA.L,BUY,5002,42.0074,A-104,CLIENT-LINKED,XLON
T-0003523,O-0003523,2026-08-25T10:19:54.550000Z,NOVA.L,SELL,5003,42.0082,A-882,CLIENT-LINKED,XLON
T-0003524,O-0003524,2026-08-25T10:19:55.400000Z,LIQD.P,BUY,6632,42.012,A-244,CLIENT-44,XLON
T-0003525,O-0003525,2026-08-25T10:19:56.250000Z,NOVA.L,SELL,6144,42.0157,A-245,CLIENT-45,XLON
T-0003526,O-0003526,2026-08-25T10:19:57.100000Z,ALTO.N,BUY,4526,42.0213,A-246,CLIENT-46,XLON
T-0003527,O-0003527,2026-08-25T10:19:57.950000Z,QUAD.N,SELL,6171,42.0112,A-247,CLIENT-47,XLON
T-0003528,O-0003528,2026-08-25T10:19:58.800000Z,MEGA.O,BUY,3946,42.0079,A-248,CLIENT-48,XLON
T-0003529,O-0003529,2026-08-25T10:19:59.650000Z,LIQD.P,SELL,5025,42.0145,A-249,CLIENT-49,XLON
T-0003530,O-0003530,2026-08-25T10:20:00.500000Z,NOVA.L,BUY,5000,42.028,A-104,CLIENT-LINKED,XLON
T-0003531,O-0003531,2026-08-25T10:20:01.350000Z,NOVA.L,SELL,5001,42.0284,A-882,CLIENT-LINKED,XLON
T-0003532,O-0003532,2026-08-25T10:20:02.200000Z,NOVA.L,BUY,5002,42.0292,A-104,CLIENT-LINKED,XLON
T-0003533,O-0003533,2026-08-25T10:20:03.050000Z,NOVA.L,SELL,5003,42.0329,A-882,CLIENT-LINKED,XLON
T-0003534,O-0003534,2026-08-25T10:20:03.900000Z,LIQD.P,BUY,4065,42.0239,A-254,CLIENT-54,XLON
T-0003535,O-0003535,2026-08-25T10:20:04.750000Z,NOVA.L,SELL,4351,42.0224,A-255,CLIENT-55,XLON
T-0003536,O-0003536,2026-08-25T10:20:05.600000Z,ALTO.N,BUY,4924,42.0286,A-256,CLIENT-56,XLON
T-0003537,O-0003537,2026-08-25T10:20:06.450000Z,QUAD.N,SELL,5494,42.0345,A-257,CLIENT-57,XLON
T-0003538,O-0003538,2026-08-25T10:20:07.300000Z,MEGA.O,BUY,6650,42.0302,A-258,CLIENT-58,XLON
T-0003539,O-0003539,2026-08-25T10:20:08.150000Z,LIQD.P,SELL,4038,42.0302,A-259,CLIENT-59,XLON
T-0003540,O-0003540,2026-08-25T10:20:09Z,NOVA.L,BUY,5000,42.0446,A-104,CLIENT-LINKED,XLON
T-0003541,O-0003541,2026-08-25T10:20:09.850000Z,NOVA.L,SELL,5001,42.0446,A-882,CLIENT-LINKED,XLON
T-0003542,O-0003542,2026-08-25T10:20:10.700000Z,NOVA.L,BUY,5002,42.0537,A-104,CLIENT-LINKED,XLON
T-0003543,O-0003543,2026-08-25T10:20:11.550000Z,NOVA.L,SELL,5003,42.0457,A-882,CLIENT-LINKED,XLON
T-0003544,O-0003544,2026-08-25T10:20:12.400000Z,LIQD.P,BUY,6620,42.0501,A-204,CLIENT-4,XLON
T-0003545,O-0003545,2026-08-25T10:20:13.250000Z,NOVA.L,SELL,6695,42.0457,A-205,CLIENT-5,XLON
T-0003546,O-0003546,2026-08-25T10:20:14.100000Z,ALTO.N,BUY,6293,42.059,A-206,CLIENT-6,XLON
T-0003547,O-0003547,2026-08-25T10:20:14.950000Z,QUAD.N,SELL,4863,42.0545,A-207,CLIENT-7,XLON
T-0003548,O-0003548,2026-08-25T10:20:15.800000Z,MEGA.O,BUY,6352,42.0531,A-208,CLIENT-8,XLON
T-0003549,O-0003549,2026-08-25T10:20:16.650000Z,LIQD.P,SELL,4331,42.0603,A-209,CLIENT-9,XLON
T-0003550,O-0003550,2026-08-25T10:20:17.500000Z,NOVA.L,BUY,5000,42.0599,A-104,CLIENT-LINKED,XLON
T-0003551,O-0003551,2026-08-25T10:20:18.350000Z,NOVA.L,SELL,5001,42.0666,A-882,CLIENT-LINKED,XLON
T-0003552,O-0003552,2026-08-25T10:20:19.200000Z,NOVA.L,BUY,5002,42.064,A-104,CLIENT-LINKED,XLON
T-0003553,O-0003553,2026-08-25T10:20:20.050000Z,NOVA.L,SELL,5003,42.0722,A-882,CLIENT-LINKED,XLON
T-0003554,O-0003554,2026-08-25T10:20:20.900000Z,LIQD.P,BUY,6296,42.0627,A-214,CLIENT-14,XLON
T-0003555,O-0003555,2026-08-25T10:20:21.750000Z,NOVA.L,SELL,4989,42.0796,A-215,CLIENT-15,XLON
T-0003556,O-0003556,2026-08-25T10:20:22.600000Z,ALTO.N,BUY,3806,42.0644,A-216,CLIENT-16,XLON
T-0003557,O-0003557,2026-08-25T10:20:23.450000Z,QUAD.N,SELL,5704,42.0765,A-217,CLIENT-17,XLON
T-0003558,O-0003558,2026-08-25T10:20:24.300000Z,MEGA.O,BUY,4283,42.0807,A-218,CLIENT-18,XLON
T-0003559,O-0003559,2026-08-25T10:20:25.150000Z,LIQD.P,SELL,4649,42.084,A-219,CLIENT-19,XLON
T-0003560,O-0003560,2026-08-25T10:20:26Z,NOVA.L,BUY,5000,42.09,A-104,CLIENT-LINKED,XLON
T-0003561,O-0003561,2026-08-25T10:20:26.850000Z,NOVA.L,SELL,5001,42.0803,A-882,CLIENT-LINKED,XLON
T-0003562,O-0003562,2026-08-25T10:20:27.700000Z,NOVA.L,BUY,5002,42.0807,A-104,CLIENT-LINKED,XLON
T-0003563,O-0003563,2026-08-25T10:20:28.550000Z,NOVA.L,SELL,5003,42.0872,A-882,CLIENT-LINKED,XLON
T-0003564,O-0003564,2026-08-25T10:20:29.400000Z,LIQD.P,BUY,6411,42.0822,A-224,CLIENT-24,XLON
T-0003565,O-0003565,2026-08-25T10:20:30.250000Z,NOVA.L,SELL,6423,42.084,A-225,CLIENT-25,XLON
T-0003566,O-0003566,2026-08-25T10:20:31.100000Z,ALTO.N,BUY,4953,42.0871,A-226,CLIENT-26,XLON
T-0003567,O-0003567,2026-08-25T10:20:31.950000Z,QUAD.N,SELL,4077,42.0902,A-227,CLIENT-27,XLON
T-0003568,O-0003568,2026-08-25T10:20:32.800000Z,MEGA.O,BUY,5875,42.097,A-228,CLIENT-28,XLON
T-0003569,O-0003569,2026-08-25T10:20:33.650000Z,LIQD.P,SELL,3825,42.0903,A-229,CLIENT-29,XLON
T-0003570,O-0003570,2026-08-25T10:20:34.500000Z,NOVA.L,BUY,5000,42.0967,A-104,CLIENT-LINKED,XLON
T-0003571,O-0003571,2026-08-25T10:20:35.350000Z,NOVA.L,SELL,5001,42.0999,A-882,CLIENT-LINKED,XLON
T-0003572,O-0003572,2026-08-25T10:20:36.200000Z,NOVA.L,BUY,5002,42.1054,A-104,CLIENT-LINKED,XLON
T-0003573,O-0003573,2026-08-25T10:20:37.050000Z,NOVA.L,SELL,5003,42.1152,A-882,CLIENT-LINKED,XLON
T-0003574,O-0003574,2026-08-25T10:20:37.900000Z,LIQD.P,BUY,4519,42.1019,A-234,CLIENT-34,XLON
T-0003575,O-0003575,2026-08-25T10:20:38.750000Z,NOVA.L,SELL,5184,42.1184,A-235,CLIENT-35,XLON
T-0003576,O-0003576,2026-08-25T10:20:39.600000Z,ALTO.N,BUY,5762,42.1203,A-236,CLIENT-36,XLON
T-0003577,O-0003577,2026-08-25T10:20:40.450000Z,QUAD.N,SELL,3945,42.1169,A-237,CLIENT-37,XLON
T-0003578,O-0003578,2026-08-25T10:20:41.300000Z,MEGA.O,BUY,5772,42.1091,A-238,CLIENT-38,XLON
T-0003579,O-0003579,2026-08-25T10:20:42.150000Z,LIQD.P,SELL,5686,42.1258,A-239,CLIENT-39,XLON
T-0003580,O-0003580,2026-08-25T10:20:43Z,NOVA.L,BUY,5000,42.1207,A-104,CLIENT-LINKED,XLON
T-0003581,O-0003581,2026-08-25T10:20:43.850000Z,NOVA.L,SELL,5001,42.1187,A-882,CLIENT-LINKED,XLON
T-0003582,O-0003582,2026-08-25T10:20:44.700000Z,NOVA.L,BUY,5002,42.1297,A-104,CLIENT-LINKED,XLON
T-0003583,O-0003583,2026-08-25T10:20:45.550000Z,NOVA.L,SELL,5003,42.1243,A-882,CLIENT-LINKED,XLON
T-0003584,O-0003584,2026-08-25T10:20:46.400000Z,LIQD.P,BUY,4029,42.1347,A-244,CLIENT-44,XLON
T-0003585,O-0003585,2026-08-25T10:20:47.250000Z,NOVA.L,SELL,5026,42.1313,A-245,CLIENT-45,XLON
T-0003586,O-0003586,2026-08-25T10:20:48.100000Z,ALTO.N,BUY,6577,42.1283,A-246,CLIENT-46,XLON
T-0003587,O-0003587,2026-08-25T10:20:48.950000Z,QUAD.N,SELL,5994,42.1244,A-247,CLIENT-47,XLON
T-0003588,O-0003588,2026-08-25T10:20:49.800000Z,MEGA.O,BUY,6165,42.1397,A-248,CLIENT-48,XLON
T-0003589,O-0003589,2026-08-25T10:20:50.650000Z,LIQD.P,SELL,5248,42.1293,A-249,CLIENT-49,XLON
T-0003590,O-0003590,2026-08-25T10:20:51.500000Z,NOVA.L,BUY,5000,42.133,A-104,CLIENT-LINKED,XLON
T-0003591,O-0003591,2026-08-25T10:20:52.350000Z,NOVA.L,SELL,5001,42.1488,A-882,CLIENT-LINKED,XLON
T-0003592,O-0003592,2026-08-25T10:20:53.200000Z,NOVA.L,BUY,5002,42.1408,A-104,CLIENT-LINKED,XLON
T-0003593,O-0003593,2026-08-25T10:20:54.050000Z,NOVA.L,SELL,5003,42.1435,A-882,CLIENT-LINKED,XLON
T-0003594,O-0003594,2026-08-25T10:20:54.900000Z,LIQD.P,BUY,5988,42.1548,A-254,CLIENT-54,XLON
T-0003595,O-0003595,2026-08-25T10:20:55.750000Z,NOVA.L,SELL,6138,42.1521,A-255,CLIENT-55,XLON
T-0003596,O-0003596,2026-08-25T10:20:56.600000Z,ALTO.N,BUY,4567,42.1539,A-256,CLIENT-56,XLON
T-0003597,O-0003597,2026-08-25T10:20:57.450000Z,QUAD.N,SELL,5062,42.1581,A-257,CLIENT-57,XLON
T-0003598,O-0003598,2026-08-25T10:20:58.300000Z,MEGA.O,BUY,5088,42.1602,A-258,CLIENT-58,XLON
T-0003599,O-0003599,2026-08-25T10:20:59.150000Z,LIQD.P,SELL,4912,42.1563,A-259,CLIENT-59,XLON
T-0003600,O-0003600,2026-08-25T10:21:00Z,NOVA.L,BUY,5000,41.9999,A-104,CLIENT-LINKED,XLON
T-0003601,O-0003601,2026-08-25T10:21:00.850000Z,NOVA.L,SELL,5001,41.9968,A-882,CLIENT-LINKED,XLON
T-0003602,O-0003602,2026-08-25T10:21:01.700000Z,NOVA.L,BUY,5002,42.003,A-104,CLIENT-LINKED,XLON
T-0003603,O-0003603,2026-08-25T10:21:02.550000Z,NOVA.L,SELL,5003,42.015,A-882,CLIENT-LINKED,XLON
T-0003604,O-0003604,2026-08-25T10:21:03.400000Z,LIQD.P,BUY,4685,42.0085,A-204,CLIENT-4,XLON
T-0003605,O-0003605,2026-08-25T10:21:04.250000Z,NOVA.L,SELL,4516,42.0022,A-205,CLIENT-5,XLON
T-0003606,O-0003606,2026-08-25T10:21:05.100000Z,ALTO.N,BUY,3953,42.0176,A-206,CLIENT-6,XLON
T-0003607,O-0003607,2026-08-25T10:21:05.950000Z,QUAD.N,SELL,4179,42.0129,A-207,CLIENT-7,XLON
T-0003608,O-0003608,2026-08-25T10:21:06.800000Z,MEGA.O,BUY,3902,42.022,A-208,CLIENT-8,XLON
T-0003609,O-0003609,2026-08-25T10:21:07.650000Z,LIQD.P,SELL,5848,42.0111,A-209,CLIENT-9,XLON
T-0003610,O-0003610,2026-08-25T10:21:08.500000Z,NOVA.L,BUY,5000,42.0168,A-104,CLIENT-LINKED,XLON
T-0003611,O-0003611,2026-08-25T10:21:09.350000Z,NOVA.L,SELL,5001,42.0217,A-882,CLIENT-LINKED,XLON
T-0003612,O-0003612,2026-08-25T10:21:10.200000Z,NOVA.L,BUY,5002,42.0315,A-104,CLIENT-LINKED,XLON
T-0003613,O-0003613,2026-08-25T10:21:11.050000Z,NOVA.L,SELL,5003,42.0222,A-882,CLIENT-LINKED,XLON
T-0003614,O-0003614,2026-08-25T10:21:11.900000Z,LIQD.P,BUY,5140,42.0209,A-214,CLIENT-14,XLON
T-0003615,O-0003615,2026-08-25T10:21:12.750000Z,NOVA.L,SELL,4202,42.0364,A-215,CLIENT-15,XLON
T-0003616,O-0003616,2026-08-25T10:21:13.600000Z,ALTO.N,BUY,5914,42.0355,A-216,CLIENT-16,XLON
T-0003617,O-0003617,2026-08-25T10:21:14.450000Z,QUAD.N,SELL,4343,42.0281,A-217,CLIENT-17,XLON
T-0003618,O-0003618,2026-08-25T10:21:15.300000Z,MEGA.O,BUY,3949,42.0352,A-218,CLIENT-18,XLON
T-0003619,O-0003619,2026-08-25T10:21:16.150000Z,LIQD.P,SELL,6723,42.0453,A-219,CLIENT-19,XLON
T-0003620,O-0003620,2026-08-25T10:21:17Z,NOVA.L,BUY,5000,42.0323,A-104,CLIENT-LINKED,XLON
T-0003621,O-0003621,2026-08-25T10:21:17.850000Z,NOVA.L,SELL,5001,42.0382,A-882,CLIENT-LINKED,XLON
T-0003622,O-0003622,2026-08-25T10:21:18.700000Z,NOVA.L,BUY,5002,42.0349,A-104,CLIENT-LINKED,XLON
T-0003623,O-0003623,2026-08-25T10:21:19.550000Z,NOVA.L,SELL,5003,42.053,A-882,CLIENT-LINKED,XLON
T-0003624,O-0003624,2026-08-25T10:21:20.400000Z,LIQD.P,BUY,4156,42.0447,A-224,CLIENT-24,XLON
T-0003625,O-0003625,2026-08-25T10:21:21.250000Z,NOVA.L,SELL,3988,42.0421,A-225,CLIENT-25,XLON
T-0003626,O-0003626,2026-08-25T10:21:22.100000Z,ALTO.N,BUY,6499,42.0569,A-226,CLIENT-26,XLON
T-0003627,O-0003627,2026-08-25T10:21:22.950000Z,QUAD.N,SELL,3892,42.0556,A-227,CLIENT-27,XLON
T-0003628,O-0003628,2026-08-25T10:21:23.800000Z,MEGA.O,BUY,5078,42.0588,A-228,CLIENT-28,XLON
T-0003629,O-0003629,2026-08-25T10:21:24.650000Z,LIQD.P,SELL,4659,42.0544,A-229,CLIENT-29,XLON
T-0003630,O-0003630,2026-08-25T10:21:25.500000Z,NOVA.L,BUY,5000,42.0539,A-104,CLIENT-LINKED,XLON
T-0003631,O-0003631,2026-08-25T10:21:26.350000Z,NOVA.L,SELL,5001,42.0575,A-882,CLIENT-LINKED,XLON
T-0003632,O-0003632,2026-08-25T10:21:27.200000Z,NOVA.L,BUY,5002,42.0604,A-104,CLIENT-LINKED,XLON
T-0003633,O-0003633,2026-08-25T10:21:28.050000Z,NOVA.L,SELL,5003,42.0648,A-882,CLIENT-LINKED,XLON
T-0003634,O-0003634,2026-08-25T10:21:28.900000Z,LIQD.P,BUY,4281,42.0635,A-234,CLIENT-34,XLON
T-0003635,O-0003635,2026-08-25T10:21:29.750000Z,NOVA.L,SELL,4445,42.0655,A-235,CLIENT-35,XLON
T-0003636,O-0003636,2026-08-25T10:21:30.600000Z,ALTO.N,BUY,3862,42.0812,A-236,CLIENT-36,XLON
T-0003637,O-0003637,2026-08-25T10:21:31.450000Z,QUAD.N,SELL,6092,42.0743,A-237,CLIENT-37,XLON
T-0003638,O-0003638,2026-08-25T10:21:32.300000Z,MEGA.O,BUY,4646,42.0769,A-238,CLIENT-38,XLON
T-0003639,O-0003639,2026-08-25T10:21:33.150000Z,LIQD.P,SELL,6050,42.0744,A-239,CLIENT-39,XLON
T-0003640,O-0003640,2026-08-25T10:21:34Z,NOVA.L,BUY,5000,42.0728,A-104,CLIENT-LINKED,XLON
T-0003641,O-0003641,2026-08-25T10:21:34.850000Z,NOVA.L,SELL,5001,42.0861,A-882,CLIENT-LINKED,XLON
T-0003642,O-0003642,2026-08-25T10:21:35.700000Z,NOVA.L,BUY,5002,42.0797,A-104,CLIENT-LINKED,XLON
T-0003643,O-0003643,2026-08-25T10:21:36.550000Z,NOVA.L,SELL,5003,42.0809,A-882,CLIENT-LINKED,XLON
T-0003644,O-0003644,2026-08-25T10:21:37.400000Z,LIQD.P,BUY,4091,42.0842,A-244,CLIENT-44,XLON
T-0003645,O-0003645,2026-08-25T10:21:38.250000Z,NOVA.L,SELL,5187,42.0908,A-245,CLIENT-45,XLON
T-0003646,O-0003646,2026-08-25T10:21:39.100000Z,ALTO.N,BUY,4007,42.0846,A-246,CLIENT-46,XLON
T-0003647,O-0003647,2026-08-25T10:21:39.950000Z,QUAD.N,SELL,5728,42.1021,A-247,CLIENT-47,XLON
T-0003648,O-0003648,2026-08-25T10:21:40.800000Z,MEGA.O,BUY,4006,42.0881,A-248,CLIENT-48,XLON
T-0003649,O-0003649,2026-08-25T10:21:41.650000Z,LIQD.P,SELL,4020,42.0897,A-249,CLIENT-49,XLON
T-0003650,O-0003650,2026-08-25T10:21:42.500000Z,NOVA.L,BUY,5000,42.0978,A-104,CLIENT-LINKED,XLON
T-0003651,O-0003651,2026-08-25T10:21:43.350000Z,NOVA.L,SELL,5001,42.1061,A-882,CLIENT-LINKED,XLON
T-0003652,O-0003652,2026-08-25T10:21:44.200000Z,NOVA.L,BUY,5002,42.1118,A-104,CLIENT-LINKED,XLON
T-0003653,O-0003653,2026-08-25T10:21:45.050000Z,NOVA.L,SELL,5003,42.1086,A-882,CLIENT-LINKED,XLON
T-0003654,O-0003654,2026-08-25T10:21:45.900000Z,LIQD.P,BUY,6626,42.112,A-254,CLIENT-54,XLON
T-0003655,O-0003655,2026-08-25T10:21:46.750000Z,NOVA.L,SELL,6324,42.1071,A-255,CLIENT-55,XLON
T-0003656,O-0003656,2026-08-25T10:21:47.600000Z,ALTO.N,BUY,5161,42.1183,A-256,CLIENT-56,XLON
T-0003657,O-0003657,2026-08-25T10:21:48.450000Z,QUAD.N,SELL,6720,42.1192,A-257,CLIENT-57,XLON
T-0003658,O-0003658,2026-08-25T10:21:49.300000Z,MEGA.O,BUY,5985,42.1076,A-258,CLIENT-58,XLON
T-0003659,O-0003659,2026-08-25T10:21:50.150000Z,LIQD.P,SELL,5707,42.1194,A-259,CLIENT-59,XLON
T-0003660,O-0003660,2026-08-25T10:21:51Z,NOVA.L,BUY,5000,42.1119,A-104,CLIENT-LINKED,XLON
T-0003661,O-0003661,2026-08-25T10:21:51.850000Z,NOVA.L,SELL,5001,42.128,A-882,CLIENT-LINKED,XLON
T-0003662,O-0003662,2026-08-25T10:21:52.700000Z,NOVA.L,BUY,5002,42.128,A-104,CLIENT-LINKED,XLON
T-0003663,O-0003663,2026-08-25T10:21:53.550000Z,NOVA.L,SELL,5003,42.1179,A-882,CLIENT-LINKED,XLON
T-0003664,O-0003664,2026-08-25T10:21:54.400000Z,LIQD.P,BUY,5071,42.1317,A-204,CLIENT-4,XLON
T-0003665,O-0003665,2026-08-25T10:21:55.250000Z,NOVA.L,SELL,6709,42.1353,A-205,CLIENT-5,XLON
T-0003666,O-0003666,2026-08-25T10:21:56.100000Z,ALTO.N,BUY,5727,42.1266,A-206,CLIENT-6,XLON
T-0003667,O-0003667,2026-08-25T10:21:56.950000Z,QUAD.N,SELL,4716,42.1269,A-207,CLIENT-7,XLON
T-0003668,O-0003668,2026-08-25T10:21:57.800000Z,MEGA.O,BUY,6326,42.1312,A-208,CLIENT-8,XLON
T-0003669,O-0003669,2026-08-25T10:21:58.650000Z,LIQD.P,SELL,5288,42.1358,A-209,CLIENT-9,XLON
T-0003670,O-0003670,2026-08-25T10:21:59.500000Z,NOVA.L,BUY,5000,42.144,A-104,CLIENT-LINKED,XLON
T-0003671,O-0003671,2026-08-25T10:22:00.350000Z,NOVA.L,SELL,5001,42.1453,A-882,CLIENT-LINKED,XLON
T-0003672,O-0003672,2026-08-25T10:22:01.200000Z,NOVA.L,BUY,5002,42.1498,A-104,CLIENT-LINKED,XLON
T-0003673,O-0003673,2026-08-25T10:22:02.050000Z,NOVA.L,SELL,5003,42.1536,A-882,CLIENT-LINKED,XLON
T-0003674,O-0003674,2026-08-25T10:22:02.900000Z,LIQD.P,BUY,5656,42.1478,A-214,CLIENT-14,XLON
T-0003675,O-0003675,2026-08-25T10:22:03.750000Z,NOVA.L,SELL,4067,42.1495,A-215,CLIENT-15,XLON
T-0003676,O-0003676,2026-08-25T10:22:04.600000Z,ALTO.N,BUY,5239,42.1516,A-216,CLIENT-16,XLON
T-0003677,O-0003677,2026-08-25T10:22:05.450000Z,QUAD.N,SELL,4499,42.1496,A-217,CLIENT-17,XLON
T-0003678,O-0003678,2026-08-25T10:22:06.300000Z,MEGA.O,BUY,5227,42.1581,A-218,CLIENT-18,XLON
T-0003679,O-0003679,2026-08-25T10:22:07.150000Z,LIQD.P,SELL,4321,42.1582,A-219,CLIENT-19,XLON
T-0003680,O-0003680,2026-08-25T10:22:08Z,NOVA.L,BUY,5000,41.9981,A-104,CLIENT-LINKED,XLON
T-0003681,O-0003681,2026-08-25T10:22:08.850000Z,NOVA.L,SELL,5001,42.0063,A-882,CLIENT-LINKED,XLON
T-0003682,O-0003682,2026-08-25T10:22:09.700000Z,NOVA.L,BUY,5002,41.9961,A-104,CLIENT-LINKED,XLON
T-0003683,O-0003683,2026-08-25T10:22:10.550000Z,NOVA.L,SELL,5003,42.0071,A-882,CLIENT-LINKED,XLON
T-0003684,O-0003684,2026-08-25T10:22:11.400000Z,LIQD.P,BUY,4090,42.0138,A-224,CLIENT-24,XLON
T-0003685,O-0003685,2026-08-25T10:22:12.250000Z,NOVA.L,SELL,5982,42.0092,A-225,CLIENT-25,XLON
T-0003686,O-0003686,2026-08-25T10:22:13.100000Z,ALTO.N,BUY,6218,42.0103,A-226,CLIENT-26,XLON
T-0003687,O-0003687,2026-08-25T10:22:13.950000Z,QUAD.N,SELL,6343,42.0089,A-227,CLIENT-27,XLON
T-0003688,O-0003688,2026-08-25T10:22:14.800000Z,MEGA.O,BUY,4451,42.0255,A-228,CLIENT-28,XLON
T-0003689,O-0003689,2026-08-25T10:22:15.650000Z,LIQD.P,SELL,5372,42.0093,A-229,CLIENT-29,XLON
T-0003690,O-0003690,2026-08-25T10:22:16.500000Z,NOVA.L,BUY,5000,42.0142,A-104,CLIENT-LINKED,XLON
T-0003691,O-0003691,2026-08-25T10:22:17.350000Z,NOVA.L,SELL,5001,42.0259,A-882,CLIENT-LINKED,XLON
T-0003692,O-0003692,2026-08-25T10:22:18.200000Z,NOVA.L,BUY,5002,42.0226,A-104,CLIENT-LINKED,XLON
T-0003693,O-0003693,2026-08-25T10:22:19.050000Z,NOVA.L,SELL,5003,42.0356,A-882,CLIENT-LINKED,XLON
T-0003694,O-0003694,2026-08-25T10:22:19.900000Z,LIQD.P,BUY,6123,42.0337,A-234,CLIENT-34,XLON
T-0003695,O-0003695,2026-08-25T10:22:20.750000Z,NOVA.L,SELL,6030,42.0339,A-235,CLIENT-35,XLON
T-0003696,O-0003696,2026-08-25T10:22:21.600000Z,ALTO.N,BUY,4508,42.0353,A-236,CLIENT-36,XLON
T-0003697,O-0003697,2026-08-25T10:22:22.450000Z,QUAD.N,SELL,4119,42.0388,A-237,CLIENT-37,XLON
T-0003698,O-0003698,2026-08-25T10:22:23.300000Z,MEGA.O,BUY,6715,42.0375,A-238,CLIENT-38,XLON
T-0003699,O-0003699,2026-08-25T10:22:24.150000Z,LIQD.P,SELL,5793,42.0303,A-239,CLIENT-39,XLON
T-0003700,O-0003700,2026-08-25T10:22:25Z,NOVA.L,BUY,5000,42.0419,A-104,CLIENT-LINKED,XLON
T-0003701,O-0003701,2026-08-25T10:22:25.850000Z,NOVA.L,SELL,5001,42.0385,A-882,CLIENT-LINKED,XLON
T-0003702,O-0003702,2026-08-25T10:22:26.700000Z,NOVA.L,BUY,5002,42.036,A-104,CLIENT-LINKED,XLON
T-0003703,O-0003703,2026-08-25T10:22:27.550000Z,NOVA.L,SELL,5003,42.0449,A-882,CLIENT-LINKED,XLON
T-0003704,O-0003704,2026-08-25T10:22:28.400000Z,LIQD.P,BUY,5061,42.0571,A-244,CLIENT-44,XLON
T-0003705,O-0003705,2026-08-25T10:22:29.250000Z,NOVA.L,SELL,4085,42.052,A-245,CLIENT-45,XLON
T-0003706,O-0003706,2026-08-25T10:22:30.100000Z,ALTO.N,BUY,6607,42.0583,A-246,CLIENT-46,XLON
T-0003707,O-0003707,2026-08-25T10:22:30.950000Z,QUAD.N,SELL,5352,42.0505,A-247,CLIENT-47,XLON
T-0003708,O-0003708,2026-08-25T10:22:31.800000Z,MEGA.O,BUY,6441,42.0592,A-248,CLIENT-48,XLON
T-0003709,O-0003709,2026-08-25T10:22:32.650000Z,LIQD.P,SELL,4170,42.0524,A-249,CLIENT-49,XLON
T-0003710,O-0003710,2026-08-25T10:22:33.500000Z,NOVA.L,BUY,5000,42.0528,A-104,CLIENT-LINKED,XLON
T-0003711,O-0003711,2026-08-25T10:22:34.350000Z,NOVA.L,SELL,5001,42.0636,A-882,CLIENT-LINKED,XLON
T-0003712,O-0003712,2026-08-25T10:22:35.200000Z,NOVA.L,BUY,5002,42.0691,A-104,CLIENT-LINKED,XLON
T-0003713,O-0003713,2026-08-25T10:22:36.050000Z,NOVA.L,SELL,5003,42.0722,A-882,CLIENT-LINKED,XLON
T-0003714,O-0003714,2026-08-25T10:22:36.900000Z,LIQD.P,BUY,4400,42.0712,A-254,CLIENT-54,XLON
T-0003715,O-0003715,2026-08-25T10:22:37.750000Z,NOVA.L,SELL,5655,42.0706,A-255,CLIENT-55,XLON
T-0003716,O-0003716,2026-08-25T10:22:38.600000Z,ALTO.N,BUY,5397,42.0743,A-256,CLIENT-56,XLON
T-0003717,O-0003717,2026-08-25T10:22:39.450000Z,QUAD.N,SELL,5631,42.0679,A-257,CLIENT-57,XLON
T-0003718,O-0003718,2026-08-25T10:22:40.300000Z,MEGA.O,BUY,6591,42.0835,A-258,CLIENT-58,XLON
T-0003719,O-0003719,2026-08-25T10:22:41.150000Z,LIQD.P,SELL,5027,42.0794,A-259,CLIENT-59,XLON
T-0003720,O-0003720,2026-08-25T10:22:42Z,NOVA.L,BUY,5000,42.0883,A-104,CLIENT-LINKED,XLON
T-0003721,O-0003721,2026-08-25T10:22:42.850000Z,NOVA.L,SELL,5001,42.0781,A-882,CLIENT-LINKED,XLON
T-0003722,O-0003722,2026-08-25T10:22:43.700000Z,NOVA.L,BUY,5002,42.0929,A-104,CLIENT-LINKED,XLON
T-0003723,O-0003723,2026-08-25T10:22:44.550000Z,NOVA.L,SELL,5003,42.0847,A-882,CLIENT-LINKED,XLON
T-0003724,O-0003724,2026-08-25T10:22:45.400000Z,LIQD.P,BUY,5210,42.0978,A-204,CLIENT-4,XLON
T-0003725,O-0003725,2026-08-25T10:22:46.250000Z,NOVA.L,SELL,6186,42.0802,A-205,CLIENT-5,XLON
T-0003726,O-0003726,2026-08-25T10:22:47.100000Z,ALTO.N,BUY,5890,42.0901,A-206,CLIENT-6,XLON
T-0003727,O-0003727,2026-08-25T10:22:47.950000Z,QUAD.N,SELL,4322,42.1011,A-207,CLIENT-7,XLON
T-0003728,O-0003728,2026-08-25T10:22:48.800000Z,MEGA.O,BUY,4055,42.0934,A-208,CLIENT-8,XLON
T-0003729,O-0003729,2026-08-25T10:22:49.650000Z,LIQD.P,SELL,6048,42.1074,A-209,CLIENT-9,XLON
T-0003730,O-0003730,2026-08-25T10:22:50.500000Z,NOVA.L,BUY,5000,42.09,A-104,CLIENT-LINKED,XLON
T-0003731,O-0003731,2026-08-25T10:22:51.350000Z,NOVA.L,SELL,5001,42.1032,A-882,CLIENT-LINKED,XLON
T-0003732,O-0003732,2026-08-25T10:22:52.200000Z,NOVA.L,BUY,5002,42.1136,A-104,CLIENT-LINKED,XLON
T-0003733,O-0003733,2026-08-25T10:22:53.050000Z,NOVA.L,SELL,5003,42.0982,A-882,CLIENT-LINKED,XLON
T-0003734,O-0003734,2026-08-25T10:22:53.900000Z,LIQD.P,BUY,4955,42.1153,A-214,CLIENT-14,XLON
T-0003735,O-0003735,2026-08-25T10:22:54.750000Z,NOVA.L,SELL,4763,42.1086,A-215,CLIENT-15,XLON
T-0003736,O-0003736,2026-08-25T10:22:55.600000Z,ALTO.N,BUY,6217,42.1099,A-216,CLIENT-16,XLON
T-0003737,O-0003737,2026-08-25T10:22:56.450000Z,QUAD.N,SELL,5103,42.1182,A-217,CLIENT-17,XLON
T-0003738,O-0003738,2026-08-25T10:22:57.300000Z,MEGA.O,BUY,5463,42.1136,A-218,CLIENT-18,XLON
T-0003739,O-0003739,2026-08-25T10:22:58.150000Z,LIQD.P,SELL,6032,42.1122,A-219,CLIENT-19,XLON
T-0003740,O-0003740,2026-08-25T10:22:59Z,NOVA.L,BUY,5000,42.1135,A-104,CLIENT-LINKED,XLON
T-0003741,O-0003741,2026-08-25T10:22:59.850000Z,NOVA.L,SELL,5001,42.1148,A-882,CLIENT-LINKED,XLON
T-0003742,O-0003742,2026-08-25T10:23:00.700000Z,NOVA.L,BUY,5002,42.1251,A-104,CLIENT-LINKED,XLON
T-0003743,O-0003743,2026-08-25T10:23:01.550000Z,NOVA.L,SELL,5003,42.1329,A-882,CLIENT-LINKED,XLON
T-0003744,O-0003744,2026-08-25T10:23:02.400000Z,LIQD.P,BUY,5275,42.1348,A-224,CLIENT-24,XLON
T-0003745,O-0003745,2026-08-25T10:23:03.250000Z,NOVA.L,SELL,4431,42.1258,A-225,CLIENT-25,XLON
T-0003746,O-0003746,2026-08-25T10:23:04.100000Z,ALTO.N,BUY,6544,42.1245,A-226,CLIENT-26,XLON
T-0003747,O-0003747,2026-08-25T10:23:04.950000Z,QUAD.N,SELL,3847,42.1254,A-227,CLIENT-27,XLON
T-0003748,O-0003748,2026-08-25T10:23:05.800000Z,MEGA.O,BUY,3864,42.1289,A-228,CLIENT-28,XLON
T-0003749,O-0003749,2026-08-25T10:23:06.650000Z,LIQD.P,SELL,5793,42.1412,A-229,CLIENT-29,XLON
T-0003750,O-0003750,2026-08-25T10:23:07.500000Z,NOVA.L,BUY,5000,42.1495,A-104,CLIENT-LINKED,XLON
T-0003751,O-0003751,2026-08-25T10:23:08.350000Z,NOVA.L,SELL,5001,42.1347,A-882,CLIENT-LINKED,XLON
T-0003752,O-0003752,2026-08-25T10:23:09.200000Z,NOVA.L,BUY,5002,42.1367,A-104,CLIENT-LINKED,XLON
T-0003753,O-0003753,2026-08-25T10:23:10.050000Z,NOVA.L,SELL,5003,42.1521,A-882,CLIENT-LINKED,XLON
T-0003754,O-0003754,2026-08-25T10:23:10.900000Z,LIQD.P,BUY,5667,42.1559,A-234,CLIENT-34,XLON
T-0003755,O-0003755,2026-08-25T10:23:11.750000Z,NOVA.L,SELL,6648,42.1521,A-235,CLIENT-35,XLON
T-0003756,O-0003756,2026-08-25T10:23:12.600000Z,ALTO.N,BUY,5543,42.1545,A-236,CLIENT-36,XLON
T-0003757,O-0003757,2026-08-25T10:23:13.450000Z,QUAD.N,SELL,5661,42.1542,A-237,CLIENT-37,XLON
T-0003758,O-0003758,2026-08-25T10:23:14.300000Z,MEGA.O,BUY,6061,42.1624,A-238,CLIENT-38,XLON
T-0003759,O-0003759,2026-08-25T10:23:15.150000Z,LIQD.P,SELL,5375,42.1551,A-239,CLIENT-39,XLON
T-0003760,O-0003760,2026-08-25T10:23:16Z,NOVA.L,BUY,5000,41.9937,A-104,CLIENT-LINKED,XLON
T-0003761,O-0003761,2026-08-25T10:23:16.850000Z,NOVA.L,SELL,5001,42.0041,A-882,CLIENT-LINKED,XLON
T-0003762,O-0003762,2026-08-25T10:23:17.700000Z,NOVA.L,BUY,5002,42.0056,A-104,CLIENT-LINKED,XLON
T-0003763,O-0003763,2026-08-25T10:23:18.550000Z,NOVA.L,SELL,5003,42.0129,A-882,CLIENT-LINKED,XLON
T-0003764,O-0003764,2026-08-25T10:23:19.400000Z,LIQD.P,BUY,4769,42.0122,A-244,CLIENT-44,XLON
T-0003765,O-0003765,2026-08-25T10:23:20.250000Z,NOVA.L,SELL,4902,42.0082,A-245,CLIENT-45,XLON
T-0003766,O-0003766,2026-08-25T10:23:21.100000Z,ALTO.N,BUY,6037,42.0135,A-246,CLIENT-46,XLON
T-0003767,O-0003767,2026-08-25T10:23:21.950000Z,QUAD.N,SELL,3937,42.0236,A-247,CLIENT-47,XLON
T-0003768,O-0003768,2026-08-25T10:23:22.800000Z,MEGA.O,BUY,6127,42.0157,A-248,CLIENT-48,XLON
T-0003769,O-0003769,2026-08-25T10:23:23.650000Z,LIQD.P,SELL,5309,42.0103,A-249,CLIENT-49,XLON
T-0003770,O-0003770,2026-08-25T10:23:24.500000Z,NOVA.L,BUY,5000,42.0196,A-104,CLIENT-LINKED,XLON
T-0003771,O-0003771,2026-08-25T10:23:25.350000Z,NOVA.L,SELL,5001,42.0258,A-882,CLIENT-LINKED,XLON
T-0003772,O-0003772,2026-08-25T10:23:26.200000Z,NOVA.L,BUY,5002,42.0168,A-104,CLIENT-LINKED,XLON
T-0003773,O-0003773,2026-08-25T10:23:27.050000Z,NOVA.L,SELL,5003,42.0306,A-882,CLIENT-LINKED,XLON
T-0003774,O-0003774,2026-08-25T10:23:27.900000Z,LIQD.P,BUY,4944,42.0273,A-254,CLIENT-54,XLON
T-0003775,O-0003775,2026-08-25T10:23:28.750000Z,NOVA.L,SELL,4120,42.0305,A-255,CLIENT-55,XLON
T-0003776,O-0003776,2026-08-25T10:23:29.600000Z,ALTO.N,BUY,6298,42.0238,A-256,CLIENT-56,XLON
T-0003777,O-0003777,2026-08-25T10:23:30.450000Z,QUAD.N,SELL,5735,42.0366,A-257,CLIENT-57,XLON
T-0003778,O-0003778,2026-08-25T10:23:31.300000Z,MEGA.O,BUY,6518,42.0452,A-258,CLIENT-58,XLON
T-0003779,O-0003779,2026-08-25T10:23:32.150000Z,LIQD.P,SELL,4119,42.0417,A-259,CLIENT-59,XLON
T-0003780,O-0003780,2026-08-25T10:23:33Z,NOVA.L,BUY,5000,42.0408,A-104,CLIENT-LINKED,XLON
T-0003781,O-0003781,2026-08-25T10:23:33.850000Z,NOVA.L,SELL,5001,42.0436,A-882,CLIENT-LINKED,XLON
T-0003782,O-0003782,2026-08-25T10:23:34.700000Z,NOVA.L,BUY,5002,42.0463,A-104,CLIENT-LINKED,XLON
T-0003783,O-0003783,2026-08-25T10:23:35.550000Z,NOVA.L,SELL,5003,42.0541,A-882,CLIENT-LINKED,XLON
T-0003784,O-0003784,2026-08-25T10:23:36.400000Z,LIQD.P,BUY,5991,42.0536,A-204,CLIENT-4,XLON
T-0003785,O-0003785,2026-08-25T10:23:37.250000Z,NOVA.L,SELL,5720,42.0491,A-205,CLIENT-5,XLON
T-0003786,O-0003786,2026-08-25T10:23:38.100000Z,ALTO.N,BUY,5721,42.0535,A-206,CLIENT-6,XLON
T-0003787,O-0003787,2026-08-25T10:23:38.950000Z,QUAD.N,SELL,5157,42.0524,A-207,CLIENT-7,XLON
T-0003788,O-0003788,2026-08-25T10:23:39.800000Z,MEGA.O,BUY,5006,42.0518,A-208,CLIENT-8,XLON
T-0003789,O-0003789,2026-08-25T10:23:40.650000Z,LIQD.P,SELL,3944,42.0619,A-209,CLIENT-9,XLON
T-0003790,O-0003790,2026-08-25T10:23:41.500000Z,NOVA.L,BUY,5000,42.062,A-104,CLIENT-LINKED,XLON
T-0003791,O-0003791,2026-08-25T10:23:42.350000Z,NOVA.L,SELL,5001,42.0581,A-882,CLIENT-LINKED,XLON
T-0003792,O-0003792,2026-08-25T10:23:43.200000Z,NOVA.L,BUY,5002,42.0697,A-104,CLIENT-LINKED,XLON
T-0003793,O-0003793,2026-08-25T10:23:44.050000Z,NOVA.L,SELL,5003,42.0612,A-882,CLIENT-LINKED,XLON
T-0003794,O-0003794,2026-08-25T10:23:44.900000Z,LIQD.P,BUY,6377,42.0675,A-214,CLIENT-14,XLON
T-0003795,O-0003795,2026-08-25T10:23:45.750000Z,NOVA.L,SELL,4492,42.0715,A-215,CLIENT-15,XLON
T-0003796,O-0003796,2026-08-25T10:23:46.600000Z,ALTO.N,BUY,6488,42.0818,A-216,CLIENT-16,XLON
T-0003797,O-0003797,2026-08-25T10:23:47.450000Z,QUAD.N,SELL,6357,42.0645,A-217,CLIENT-17,XLON
T-0003798,O-0003798,2026-08-25T10:23:48.300000Z,MEGA.O,BUY,5785,42.0677,A-218,CLIENT-18,XLON
T-0003799,O-0003799,2026-08-25T10:23:49.150000Z,LIQD.P,SELL,5870,42.0695,A-219,CLIENT-19,XLON
T-0003800,O-0003800,2026-08-25T10:23:50Z,NOVA.L,BUY,5000,42.0857,A-104,CLIENT-LINKED,XLON
T-0003801,O-0003801,2026-08-25T10:23:50.850000Z,NOVA.L,SELL,5001,42.077,A-882,CLIENT-LINKED,XLON
T-0003802,O-0003802,2026-08-25T10:23:51.700000Z,NOVA.L,BUY,5002,42.0863,A-104,CLIENT-LINKED,XLON
T-0003803,O-0003803,2026-08-25T10:23:52.550000Z,NOVA.L,SELL,5003,42.0815,A-882,CLIENT-LINKED,XLON
T-0003804,O-0003804,2026-08-25T10:23:53.400000Z,LIQD.P,BUY,4852,42.0783,A-224,CLIENT-24,XLON
T-0003805,O-0003805,2026-08-25T10:23:54.250000Z,NOVA.L,SELL,4256,42.0921,A-225,CLIENT-25,XLON
T-0003806,O-0003806,2026-08-25T10:23:55.100000Z,ALTO.N,BUY,6223,42.0968,A-226,CLIENT-26,XLON
T-0003807,O-0003807,2026-08-25T10:23:55.950000Z,QUAD.N,SELL,6499,42.0929,A-227,CLIENT-27,XLON
T-0003808,O-0003808,2026-08-25T10:23:56.800000Z,MEGA.O,BUY,4518,42.0912,A-228,CLIENT-28,XLON
T-0003809,O-0003809,2026-08-25T10:23:57.650000Z,LIQD.P,SELL,6670,42.0927,A-229,CLIENT-29,XLON
T-0003810,O-0003810,2026-08-25T10:23:58.500000Z,NOVA.L,BUY,5000,42.0936,A-104,CLIENT-LINKED,XLON
T-0003811,O-0003811,2026-08-25T10:23:59.350000Z,NOVA.L,SELL,5001,42.1025,A-882,CLIENT-LINKED,XLON
T-0003812,O-0003812,2026-08-25T10:24:00.200000Z,NOVA.L,BUY,5002,42.0947,A-104,CLIENT-LINKED,XLON
T-0003813,O-0003813,2026-08-25T10:24:01.050000Z,NOVA.L,SELL,5003,42.1157,A-882,CLIENT-LINKED,XLON
T-0003814,O-0003814,2026-08-25T10:24:01.900000Z,LIQD.P,BUY,4394,42.1099,A-234,CLIENT-34,XLON
T-0003815,O-0003815,2026-08-25T10:24:02.750000Z,NOVA.L,SELL,4431,42.1168,A-235,CLIENT-35,XLON
T-0003816,O-0003816,2026-08-25T10:24:03.600000Z,ALTO.N,BUY,5491,42.1174,A-236,CLIENT-36,XLON
T-0003817,O-0003817,2026-08-25T10:24:04.450000Z,QUAD.N,SELL,4774,42.1172,A-237,CLIENT-37,XLON
T-0003818,O-0003818,2026-08-25T10:24:05.300000Z,MEGA.O,BUY,6773,42.1188,A-238,CLIENT-38,XLON
T-0003819,O-0003819,2026-08-25T10:24:06.150000Z,LIQD.P,SELL,4663,42.1196,A-239,CLIENT-39,XLON
T-0003820,O-0003820,2026-08-25T10:24:07Z,NOVA.L,BUY,5000,42.1268,A-104,CLIENT-LINKED,XLON
T-0003821,O-0003821,2026-08-25T10:24:07.850000Z,NOVA.L,SELL,5001,42.1131,A-882,CLIENT-LINKED,XLON
T-0003822,O-0003822,2026-08-25T10:24:08.700000Z,NOVA.L,BUY,5002,42.1193,A-104,CLIENT-LINKED,XLON
T-0003823,O-0003823,2026-08-25T10:24:09.550000Z,NOVA.L,SELL,5003,42.1324,A-882,CLIENT-LINKED,XLON
T-0003824,O-0003824,2026-08-25T10:24:10.400000Z,LIQD.P,BUY,4015,42.1214,A-244,CLIENT-44,XLON
T-0003825,O-0003825,2026-08-25T10:24:11.250000Z,NOVA.L,SELL,5433,42.1295,A-245,CLIENT-45,XLON
T-0003826,O-0003826,2026-08-25T10:24:12.100000Z,ALTO.N,BUY,5750,42.1369,A-246,CLIENT-46,XLON
T-0003827,O-0003827,2026-08-25T10:24:12.950000Z,QUAD.N,SELL,5981,42.1287,A-247,CLIENT-47,XLON
T-0003828,O-0003828,2026-08-25T10:24:13.800000Z,MEGA.O,BUY,6599,42.1401,A-248,CLIENT-48,XLON
T-0003829,O-0003829,2026-08-25T10:24:14.650000Z,LIQD.P,SELL,5743,42.1333,A-249,CLIENT-49,XLON
T-0003830,O-0003830,2026-08-25T10:24:15.500000Z,NOVA.L,BUY,5000,42.1406,A-104,CLIENT-LINKED,XLON
T-0003831,O-0003831,2026-08-25T10:24:16.350000Z,NOVA.L,SELL,5001,42.1407,A-882,CLIENT-LINKED,XLON
T-0003832,O-0003832,2026-08-25T10:24:17.200000Z,NOVA.L,BUY,5002,42.1398,A-104,CLIENT-LINKED,XLON
T-0003833,O-0003833,2026-08-25T10:24:18.050000Z,NOVA.L,SELL,5003,42.1519,A-882,CLIENT-LINKED,XLON
T-0003834,O-0003834,2026-08-25T10:24:18.900000Z,LIQD.P,BUY,5364,42.1516,A-254,CLIENT-54,XLON
T-0003835,O-0003835,2026-08-25T10:24:19.750000Z,NOVA.L,SELL,5971,42.1537,A-255,CLIENT-55,XLON
T-0003836,O-0003836,2026-08-25T10:24:20.600000Z,ALTO.N,BUY,3968,42.1439,A-256,CLIENT-56,XLON
T-0003837,O-0003837,2026-08-25T10:24:21.450000Z,QUAD.N,SELL,5976,42.1567,A-257,CLIENT-57,XLON
T-0003838,O-0003838,2026-08-25T10:24:22.300000Z,MEGA.O,BUY,5568,42.1582,A-258,CLIENT-58,XLON
T-0003839,O-0003839,2026-08-25T10:24:23.150000Z,LIQD.P,SELL,6470,42.1652,A-259,CLIENT-59,XLON
T-0003840,O-0003840,2026-08-25T10:24:24Z,NOVA.L,BUY,5000,41.9967,A-104,CLIENT-LINKED,XLON
T-0003841,O-0003841,2026-08-25T10:24:24.850000Z,NOVA.L,SELL,5001,41.9973,A-882,CLIENT-LINKED,XLON
T-0003842,O-0003842,2026-08-25T10:24:25.700000Z,NOVA.L,BUY,5002,41.996,A-104,CLIENT-LINKED,XLON
T-0003843,O-0003843,2026-08-25T10:24:26.550000Z,NOVA.L,SELL,5003,42.0091,A-882,CLIENT-LINKED,XLON
T-0003844,O-0003844,2026-08-25T10:24:27.400000Z,LIQD.P,BUY,5402,42.0072,A-204,CLIENT-4,XLON
T-0003845,O-0003845,2026-08-25T10:24:28.250000Z,NOVA.L,SELL,6565,42.015,A-205,CLIENT-5,XLON
T-0003846,O-0003846,2026-08-25T10:24:29.100000Z,ALTO.N,BUY,6552,42.0138,A-206,CLIENT-6,XLON
T-0003847,O-0003847,2026-08-25T10:24:29.950000Z,QUAD.N,SELL,4598,42.0144,A-207,CLIENT-7,XLON
T-0003848,O-0003848,2026-08-25T10:24:30.800000Z,MEGA.O,BUY,6575,42.0198,A-208,CLIENT-8,XLON
T-0003849,O-0003849,2026-08-25T10:24:31.650000Z,LIQD.P,SELL,4536,42.0143,A-209,CLIENT-9,XLON
T-0003850,O-0003850,2026-08-25T10:24:32.500000Z,NOVA.L,BUY,5000,42.0102,A-104,CLIENT-LINKED,XLON
T-0003851,O-0003851,2026-08-25T10:24:33.350000Z,NOVA.L,SELL,5001,42.0122,A-882,CLIENT-LINKED,XLON
T-0003852,O-0003852,2026-08-25T10:24:34.200000Z,NOVA.L,BUY,5002,42.0154,A-104,CLIENT-LINKED,XLON
T-0003853,O-0003853,2026-08-25T10:24:35.050000Z,NOVA.L,SELL,5003,42.0242,A-882,CLIENT-LINKED,XLON
T-0003854,O-0003854,2026-08-25T10:24:35.900000Z,LIQD.P,BUY,5951,42.0201,A-214,CLIENT-14,XLON
T-0003855,O-0003855,2026-08-25T10:24:36.750000Z,NOVA.L,SELL,5626,42.027,A-215,CLIENT-15,XLON
T-0003856,O-0003856,2026-08-25T10:24:37.600000Z,ALTO.N,BUY,6770,42.0277,A-216,CLIENT-16,XLON
T-0003857,O-0003857,2026-08-25T10:24:38.450000Z,QUAD.N,SELL,4590,42.0247,A-217,CLIENT-17,XLON
T-0003858,O-0003858,2026-08-25T10:24:39.300000Z,MEGA.O,BUY,6337,42.0278,A-218,CLIENT-18,XLON
T-0003859,O-0003859,2026-08-25T10:24:40.150000Z,LIQD.P,SELL,6233,42.0411,A-219,CLIENT-19,XLON
T-0003860,O-0003860,2026-08-25T10:24:41Z,NOVA.L,BUY,5000,42.0467,A-104,CLIENT-LINKED,XLON
T-0003861,O-0003861,2026-08-25T10:24:41.850000Z,NOVA.L,SELL,5001,42.051,A-882,CLIENT-LINKED,XLON
T-0003862,O-0003862,2026-08-25T10:24:42.700000Z,NOVA.L,BUY,5002,42.0468,A-104,CLIENT-LINKED,XLON
T-0003863,O-0003863,2026-08-25T10:24:43.550000Z,NOVA.L,SELL,5003,42.0502,A-882,CLIENT-LINKED,XLON
T-0003864,O-0003864,2026-08-25T10:24:44.400000Z,LIQD.P,BUY,4291,42.0397,A-224,CLIENT-24,XLON
T-0003865,O-0003865,2026-08-25T10:24:45.250000Z,NOVA.L,SELL,6276,42.0426,A-225,CLIENT-25,XLON
T-0003866,O-0003866,2026-08-25T10:24:46.100000Z,ALTO.N,BUY,6488,42.0573,A-226,CLIENT-26,XLON
T-0003867,O-0003867,2026-08-25T10:24:46.950000Z,QUAD.N,SELL,6453,42.0553,A-227,CLIENT-27,XLON
T-0003868,O-0003868,2026-08-25T10:24:47.800000Z,MEGA.O,BUY,4556,42.0639,A-228,CLIENT-28,XLON
T-0003869,O-0003869,2026-08-25T10:24:48.650000Z,LIQD.P,SELL,6649,42.0517,A-229,CLIENT-29,XLON
T-0003870,O-0003870,2026-08-25T10:24:49.500000Z,NOVA.L,BUY,5000,42.0559,A-104,CLIENT-LINKED,XLON
T-0003871,O-0003871,2026-08-25T10:24:50.350000Z,NOVA.L,SELL,5001,42.0652,A-882,CLIENT-LINKED,XLON
T-0003872,O-0003872,2026-08-25T10:24:51.200000Z,NOVA.L,BUY,5002,42.0555,A-104,CLIENT-LINKED,XLON
T-0003873,O-0003873,2026-08-25T10:24:52.050000Z,NOVA.L,SELL,5003,42.0651,A-882,CLIENT-LINKED,XLON
T-0003874,O-0003874,2026-08-25T10:24:52.900000Z,LIQD.P,BUY,4932,42.0734,A-234,CLIENT-34,XLON
T-0003875,O-0003875,2026-08-25T10:24:53.750000Z,NOVA.L,SELL,6635,42.0781,A-235,CLIENT-35,XLON
T-0003876,O-0003876,2026-08-25T10:24:54.600000Z,ALTO.N,BUY,5124,42.0671,A-236,CLIENT-36,XLON
T-0003877,O-0003877,2026-08-25T10:24:55.450000Z,QUAD.N,SELL,4103,42.0695,A-237,CLIENT-37,XLON
T-0003878,O-0003878,2026-08-25T10:24:56.300000Z,MEGA.O,BUY,4055,42.0737,A-238,CLIENT-38,XLON
T-0003879,O-0003879,2026-08-25T10:24:57.150000Z,LIQD.P,SELL,5162,42.0879,A-239,CLIENT-39,XLON
T-0003880,O-0003880,2026-08-25T10:24:58Z,NOVA.L,BUY,5000,42.0752,A-104,CLIENT-LINKED,XLON
T-0003881,O-0003881,2026-08-25T10:24:58.850000Z,NOVA.L,SELL,5001,42.0883,A-882,CLIENT-LINKED,XLON
T-0003882,O-0003882,2026-08-25T10:24:59.700000Z,NOVA.L,BUY,5002,42.0776,A-104,CLIENT-LINKED,XLON
T-0003883,O-0003883,2026-08-25T10:25:00.550000Z,NOVA.L,SELL,5003,42.0774,A-882,CLIENT-LINKED,XLON
T-0003884,O-0003884,2026-08-25T10:25:01.400000Z,LIQD.P,BUY,4621,42.0902,A-244,CLIENT-44,XLON
T-0003885,O-0003885,2026-08-25T10:25:02.250000Z,NOVA.L,SELL,4530,42.0929,A-245,CLIENT-45,XLON
T-0003886,O-0003886,2026-08-25T10:25:03.100000Z,ALTO.N,BUY,4244,42.0849,A-246,CLIENT-46,XLON
T-0003887,O-0003887,2026-08-25T10:25:03.950000Z,QUAD.N,SELL,5566,42.0884,A-247,CLIENT-47,XLON
T-0003888,O-0003888,2026-08-25T10:25:04.800000Z,MEGA.O,BUY,6435,42.0881,A-248,CLIENT-48,XLON
T-0003889,O-0003889,2026-08-25T10:25:05.650000Z,LIQD.P,SELL,5608,42.1023,A-249,CLIENT-49,XLON
T-0003890,O-0003890,2026-08-25T10:25:06.500000Z,NOVA.L,BUY,5000,42.0921,A-104,CLIENT-LINKED,XLON
T-0003891,O-0003891,2026-08-25T10:25:07.350000Z,NOVA.L,SELL,5001,42.0935,A-882,CLIENT-LINKED,XLON
T-0003892,O-0003892,2026-08-25T10:25:08.200000Z,NOVA.L,BUY,5002,42.1054,A-104,CLIENT-LINKED,XLON
T-0003893,O-0003893,2026-08-25T10:25:09.050000Z,NOVA.L,SELL,5003,42.101,A-882,CLIENT-LINKED,XLON
T-0003894,O-0003894,2026-08-25T10:25:09.900000Z,LIQD.P,BUY,5626,42.0984,A-254,CLIENT-54,XLON
T-0003895,O-0003895,2026-08-25T10:25:10.750000Z,NOVA.L,SELL,5838,42.103,A-255,CLIENT-55,XLON
T-0003896,O-0003896,2026-08-25T10:25:11.600000Z,ALTO.N,BUY,6422,42.102,A-256,CLIENT-56,XLON
T-0003897,O-0003897,2026-08-25T10:25:12.450000Z,QUAD.N,SELL,3954,42.1173,A-257,CLIENT-57,XLON
T-0003898,O-0003898,2026-08-25T10:25:13.300000Z,MEGA.O,BUY,4891,42.109,A-258,CLIENT-58,XLON
T-0003899,O-0003899,2026-08-25T10:25:14.150000Z,LIQD.P,SELL,5150,42.1261,A-259,CLIENT-59,XLON
T-0003900,O-0003900,2026-08-25T10:25:15Z,NOVA.L,BUY,5000,42.1215,A-104,CLIENT-LINKED,XLON
T-0003901,O-0003901,2026-08-25T10:25:15.850000Z,NOVA.L,SELL,5001,42.1223,A-882,CLIENT-LINKED,XLON
T-0003902,O-0003902,2026-08-25T10:25:16.700000Z,NOVA.L,BUY,5002,42.1328,A-104,CLIENT-LINKED,XLON
T-0003903,O-0003903,2026-08-25T10:25:17.550000Z,NOVA.L,SELL,5003,42.1258,A-882,CLIENT-LINKED,XLON
T-0003904,O-0003904,2026-08-25T10:25:18.400000Z,LIQD.P,BUY,5586,42.1261,A-204,CLIENT-4,XLON
T-0003905,O-0003905,2026-08-25T10:25:19.250000Z,NOVA.L,SELL,6780,42.1356,A-205,CLIENT-5,XLON
T-0003906,O-0003906,2026-08-25T10:25:20.100000Z,ALTO.N,BUY,4087,42.1328,A-206,CLIENT-6,XLON
T-0003907,O-0003907,2026-08-25T10:25:20.950000Z,QUAD.N,SELL,3813,42.1317,A-207,CLIENT-7,XLON
T-0003908,O-0003908,2026-08-25T10:25:21.800000Z,MEGA.O,BUY,6623,42.1424,A-208,CLIENT-8,XLON
T-0003909,O-0003909,2026-08-25T10:25:22.650000Z,LIQD.P,SELL,5774,42.1304,A-209,CLIENT-9,XLON
T-0003910,O-0003910,2026-08-25T10:25:23.500000Z,NOVA.L,BUY,5000,42.1407,A-104,CLIENT-LINKED,XLON
T-0003911,O-0003911,2026-08-25T10:25:24.350000Z,NOVA.L,SELL,5001,42.1518,A-882,CLIENT-LINKED,XLON
T-0003912,O-0003912,2026-08-25T10:25:25.200000Z,NOVA.L,BUY,5002,42.1407,A-104,CLIENT-LINKED,XLON
T-0003913,O-0003913,2026-08-25T10:25:26.050000Z,NOVA.L,SELL,5003,42.1421,A-882,CLIENT-LINKED,XLON
T-0003914,O-0003914,2026-08-25T10:25:26.900000Z,LIQD.P,BUY,4026,42.1506,A-214,CLIENT-14,XLON
T-0003915,O-0003915,2026-08-25T10:25:27.750000Z,NOVA.L,SELL,6450,42.1418,A-215,CLIENT-15,XLON
T-0003916,O-0003916,2026-08-25T10:25:28.600000Z,ALTO.N,BUY,5989,42.1591,A-216,CLIENT-16,XLON
T-0003917,O-0003917,2026-08-25T10:25:29.450000Z,QUAD.N,SELL,5192,42.1456,A-217,CLIENT-17,XLON
T-0003918,O-0003918,2026-08-25T10:25:30.300000Z,MEGA.O,BUY,5682,42.1612,A-218,CLIENT-18,XLON
T-0003919,O-0003919,2026-08-25T10:25:31.150000Z,LIQD.P,SELL,4987,42.161,A-219,CLIENT-19,XLON
T-0003920,O-0003920,2026-08-25T10:25:32Z,NOVA.L,BUY,5000,41.9935,A-104,CLIENT-LINKED,XLON
T-0003921,O-0003921,2026-08-25T10:25:32.850000Z,NOVA.L,SELL,5001,41.9928,A-882,CLIENT-LINKED,XLON
T-0003922,O-0003922,2026-08-25T10:25:33.700000Z,NOVA.L,BUY,5002,42.0017,A-104,CLIENT-LINKED,XLON
T-0003923,O-0003923,2026-08-25T10:25:34.550000Z,NOVA.L,SELL,5003,41.9998,A-882,CLIENT-LINKED,XLON
T-0003924,O-0003924,2026-08-25T10:25:35.400000Z,LIQD.P,BUY,6650,42.0058,A-224,CLIENT-24,XLON
T-0003925,O-0003925,2026-08-25T10:25:36.250000Z,NOVA.L,SELL,4237,42.0126,A-225,CLIENT-25,XLON
T-0003926,O-0003926,2026-08-25T10:25:37.100000Z,ALTO.N,BUY,5271,42.0117,A-226,CLIENT-26,XLON
T-0003927,O-0003927,2026-08-25T10:25:37.950000Z,QUAD.N,SELL,6391,42.0128,A-227,CLIENT-27,XLON
T-0003928,O-0003928,2026-08-25T10:25:38.800000Z,MEGA.O,BUY,4576,42.0088,A-228,CLIENT-28,XLON
T-0003929,O-0003929,2026-08-25T10:25:39.650000Z,LIQD.P,SELL,4590,42.0085,A-229,CLIENT-29,XLON
T-0003930,O-0003930,2026-08-25T10:25:40.500000Z,NOVA.L,BUY,5000,42.0299,A-104,CLIENT-LINKED,XLON
T-0003931,O-0003931,2026-08-25T10:25:41.350000Z,NOVA.L,SELL,5001,42.0168,A-882,CLIENT-LINKED,XLON
T-0003932,O-0003932,2026-08-25T10:25:42.200000Z,NOVA.L,BUY,5002,42.0218,A-104,CLIENT-LINKED,XLON
T-0003933,O-0003933,2026-08-25T10:25:43.050000Z,NOVA.L,SELL,5003,42.0319,A-882,CLIENT-LINKED,XLON
T-0003934,O-0003934,2026-08-25T10:25:43.900000Z,LIQD.P,BUY,6435,42.0242,A-234,CLIENT-34,XLON
T-0003935,O-0003935,2026-08-25T10:25:44.750000Z,NOVA.L,SELL,5987,42.0393,A-235,CLIENT-35,XLON
T-0003936,O-0003936,2026-08-25T10:25:45.600000Z,ALTO.N,BUY,5640,42.0413,A-236,CLIENT-36,XLON
T-0003937,O-0003937,2026-08-25T10:25:46.450000Z,QUAD.N,SELL,3867,42.0247,A-237,CLIENT-37,XLON
T-0003938,O-0003938,2026-08-25T10:25:47.300000Z,MEGA.O,BUY,4029,42.0328,A-238,CLIENT-38,XLON
T-0003939,O-0003939,2026-08-25T10:25:48.150000Z,LIQD.P,SELL,6753,42.0289,A-239,CLIENT-39,XLON
T-0003940,O-0003940,2026-08-25T10:25:49Z,NOVA.L,BUY,5000,42.0324,A-104,CLIENT-LINKED,XLON
T-0003941,O-0003941,2026-08-25T10:25:49.850000Z,NOVA.L,SELL,5001,42.0481,A-882,CLIENT-LINKED,XLON
T-0003942,O-0003942,2026-08-25T10:25:50.700000Z,NOVA.L,BUY,5002,42.0473,A-104,CLIENT-LINKED,XLON
T-0003943,O-0003943,2026-08-25T10:25:51.550000Z,NOVA.L,SELL,5003,42.0452,A-882,CLIENT-LINKED,XLON
T-0003944,O-0003944,2026-08-25T10:25:52.400000Z,LIQD.P,BUY,6577,42.0554,A-244,CLIENT-44,XLON
T-0003945,O-0003945,2026-08-25T10:25:53.250000Z,NOVA.L,SELL,5997,42.043,A-245,CLIENT-45,XLON
T-0003946,O-0003946,2026-08-25T10:25:54.100000Z,ALTO.N,BUY,6173,42.0467,A-246,CLIENT-46,XLON
T-0003947,O-0003947,2026-08-25T10:25:54.950000Z,QUAD.N,SELL,4095,42.0447,A-247,CLIENT-47,XLON
T-0003948,O-0003948,2026-08-25T10:25:55.800000Z,MEGA.O,BUY,4379,42.0558,A-248,CLIENT-48,XLON
T-0003949,O-0003949,2026-08-25T10:25:56.650000Z,LIQD.P,SELL,3878,42.0574,A-249,CLIENT-49,XLON
T-0003950,O-0003950,2026-08-25T10:25:57.500000Z,NOVA.L,BUY,5000,42.0684,A-104,CLIENT-LINKED,XLON
T-0003951,O-0003951,2026-08-25T10:25:58.350000Z,NOVA.L,SELL,5001,42.0529,A-882,CLIENT-LINKED,XLON
T-0003952,O-0003952,2026-08-25T10:25:59.200000Z,NOVA.L,BUY,5002,42.068,A-104,CLIENT-LINKED,XLON
T-0003953,O-0003953,2026-08-25T10:26:00.050000Z,NOVA.L,SELL,5003,42.0586,A-882,CLIENT-LINKED,XLON
T-0003954,O-0003954,2026-08-25T10:26:00.900000Z,LIQD.P,BUY,4505,42.0707,A-254,CLIENT-54,XLON
T-0003955,O-0003955,2026-08-25T10:26:01.750000Z,NOVA.L,SELL,5058,42.0764,A-255,CLIENT-55,XLON
T-0003956,O-0003956,2026-08-25T10:26:02.600000Z,ALTO.N,BUY,4198,42.0711,A-256,CLIENT-56,XLON
T-0003957,O-0003957,2026-08-25T10:26:03.450000Z,QUAD.N,SELL,4499,42.0807,A-257,CLIENT-57,XLON
T-0003958,O-0003958,2026-08-25T10:26:04.300000Z,MEGA.O,BUY,4061,42.0824,A-258,CLIENT-58,XLON
T-0003959,O-0003959,2026-08-25T10:26:05.150000Z,LIQD.P,SELL,4235,42.0703,A-259,CLIENT-59,XLON
T-0003960,O-0003960,2026-08-25T10:26:06Z,NOVA.L,BUY,5000,42.0819,A-104,CLIENT-LINKED,XLON
T-0003961,O-0003961,2026-08-25T10:26:06.850000Z,NOVA.L,SELL,5001,42.0843,A-882,CLIENT-LINKED,XLON
T-0003962,O-0003962,2026-08-25T10:26:07.700000Z,NOVA.L,BUY,5002,42.0753,A-104,CLIENT-LINKED,XLON
T-0003963,O-0003963,2026-08-25T10:26:08.550000Z,NOVA.L,SELL,5003,42.0801,A-882,CLIENT-LINKED,XLON
T-0003964,O-0003964,2026-08-25T10:26:09.400000Z,LIQD.P,BUY,5181,42.0942,A-204,CLIENT-4,XLON
T-0003965,O-0003965,2026-08-25T10:26:10.250000Z,NOVA.L,SELL,6578,42.088,A-205,CLIENT-5,XLON
T-0003966,O-0003966,2026-08-25T10:26:11.100000Z,ALTO.N,BUY,4294,42.1015,A-206,CLIENT-6,XLON
T-0003967,O-0003967,2026-08-25T10:26:11.950000Z,QUAD.N,SELL,6159,42.0949,A-207,CLIENT-7,XLON
T-0003968,O-0003968,2026-08-25T10:26:12.800000Z,MEGA.O,BUY,5117,42.1027,A-208,CLIENT-8,XLON
T-0003969,O-0003969,2026-08-25T10:26:13.650000Z,LIQD.P,SELL,4673,42.1033,A-209,CLIENT-9,XLON
T-0003970,O-0003970,2026-08-25T10:26:14.500000Z,NOVA.L,BUY,5000,42.1019,A-104,CLIENT-LINKED,XLON
T-0003971,O-0003971,2026-08-25T10:26:15.350000Z,NOVA.L,SELL,5001,42.0987,A-882,CLIENT-LINKED,XLON
T-0003972,O-0003972,2026-08-25T10:26:16.200000Z,NOVA.L,BUY,5002,42.0964,A-104,CLIENT-LINKED,XLON
T-0003973,O-0003973,2026-08-25T10:26:17.050000Z,NOVA.L,SELL,5003,42.0988,A-882,CLIENT-LINKED,XLON
T-0003974,O-0003974,2026-08-25T10:26:17.900000Z,LIQD.P,BUY,5500,42.1014,A-214,CLIENT-14,XLON
T-0003975,O-0003975,2026-08-25T10:26:18.750000Z,NOVA.L,SELL,5315,42.1111,A-215,CLIENT-15,XLON
T-0003976,O-0003976,2026-08-25T10:26:19.600000Z,ALTO.N,BUY,5596,42.1069,A-216,CLIENT-16,XLON
T-0003977,O-0003977,2026-08-25T10:26:20.450000Z,QUAD.N,SELL,6183,42.1048,A-217,CLIENT-17,XLON
T-0003978,O-0003978,2026-08-25T10:26:21.300000Z,MEGA.O,BUY,4209,42.1218,A-218,CLIENT-18,XLON
T-0003979,O-0003979,2026-08-25T10:26:22.150000Z,LIQD.P,SELL,6389,42.1202,A-219,CLIENT-19,XLON
T-0003980,O-0003980,2026-08-25T10:26:23Z,NOVA.L,BUY,5000,42.1256,A-104,CLIENT-LINKED,XLON
T-0003981,O-0003981,2026-08-25T10:26:23.850000Z,NOVA.L,SELL,5001,42.1123,A-882,CLIENT-LINKED,XLON
T-0003982,O-0003982,2026-08-25T10:26:24.700000Z,NOVA.L,BUY,5002,42.1237,A-104,CLIENT-LINKED,XLON
T-0003983,O-0003983,2026-08-25T10:26:25.550000Z,NOVA.L,SELL,5003,42.1161,A-882,CLIENT-LINKED,XLON
T-0003984,O-0003984,2026-08-25T10:26:26.400000Z,LIQD.P,BUY,4534,42.1365,A-224,CLIENT-24,XLON
T-0003985,O-0003985,2026-08-25T10:26:27.250000Z,NOVA.L,SELL,6694,42.133,A-225,CLIENT-25,XLON
T-0003986,O-0003986,2026-08-25T10:26:28.100000Z,ALTO.N,BUY,4962,42.1303,A-226,CLIENT-26,XLON
T-0003987,O-0003987,2026-08-25T10:26:28.950000Z,QUAD.N,SELL,5749,42.1378,A-227,CLIENT-27,XLON
T-0003988,O-0003988,2026-08-25T10:26:29.800000Z,MEGA.O,BUY,4644,42.1289,A-228,CLIENT-28,XLON
T-0003989,O-0003989,2026-08-25T10:26:30.650000Z,LIQD.P,SELL,4909,42.1385,A-229,CLIENT-29,XLON
T-0003990,O-0003990,2026-08-25T10:26:31.500000Z,NOVA.L,BUY,5000,42.1382,A-104,CLIENT-LINKED,XLON
T-0003991,O-0003991,2026-08-25T10:26:32.350000Z,NOVA.L,SELL,5001,42.1508,A-882,CLIENT-LINKED,XLON
T-0003992,O-0003992,2026-08-25T10:26:33.200000Z,NOVA.L,BUY,5002,42.1462,A-104,CLIENT-LINKED,XLON
T-0003993,O-0003993,2026-08-25T10:26:34.050000Z,NOVA.L,SELL,5003,42.1368,A-882,CLIENT-LINKED,XLON
T-0003994,O-0003994,2026-08-25T10:26:34.900000Z,LIQD.P,BUY,4537,42.1523,A-234,CLIENT-34,XLON
T-0003995,O-0003995,2026-08-25T10:26:35.750000Z,NOVA.L,SELL,6306,42.159,A-235,CLIENT-35,XLON
T-0003996,O-0003996,2026-08-25T10:26:36.600000Z,ALTO.N,BUY,6368,42.1585,A-236,CLIENT-36,XLON
T-0003997,O-0003997,2026-08-25T10:26:37.450000Z,QUAD.N,SELL,5033,42.151,A-237,CLIENT-37,XLON
T-0003998,O-0003998,2026-08-25T10:26:38.300000Z,MEGA.O,BUY,3818,42.1572,A-238,CLIENT-38,XLON
T-0003999,O-0003999,2026-08-25T10:26:39.150000Z,LIQD.P,SELL,4586,42.1504,A-239,CLIENT-39,XLON
T-0004000,O-0004000,2026-08-25T10:26:40Z,NOVA.L,BUY,5000,42.0006,A-104,CLIENT-LINKED,XLON
T-0004001,O-0004001,2026-08-25T10:26:40.850000Z,NOVA.L,SELL,5001,41.9939,A-882,CLIENT-LINKED,XLON
T-0004002,O-0004002,2026-08-25T10:26:41.700000Z,NOVA.L,BUY,5002,42.0012,A-104,CLIENT-LINKED,XLON
T-0004003,O-0004003,2026-08-25T10:26:42.550000Z,NOVA.L,SELL,5003,42.0112,A-882,CLIENT-LINKED,XLON
T-0004004,O-0004004,2026-08-25T10:26:43.400000Z,LIQD.P,BUY,6010,42.0082,A-244,CLIENT-44,XLON
T-0004005,O-0004005,2026-08-25T10:26:44.250000Z,NOVA.L,SELL,5701,42.0154,A-245,CLIENT-45,XLON
T-0004006,O-0004006,2026-08-25T10:26:45.100000Z,ALTO.N,BUY,6500,42.0062,A-246,CLIENT-46,XLON
T-0004007,O-0004007,2026-08-25T10:26:45.950000Z,QUAD.N,SELL,4017,42.0079,A-247,CLIENT-47,XLON
T-0004008,O-0004008,2026-08-25T10:26:46.800000Z,MEGA.O,BUY,4411,42.0197,A-248,CLIENT-48,XLON
T-0004009,O-0004009,2026-08-25T10:26:47.650000Z,LIQD.P,SELL,5743,42.018,A-249,CLIENT-49,XLON
T-0004010,O-0004010,2026-08-25T10:26:48.500000Z,NOVA.L,BUY,5000,42.0132,A-104,CLIENT-LINKED,XLON
T-0004011,O-0004011,2026-08-25T10:26:49.350000Z,NOVA.L,SELL,5001,42.0305,A-882,CLIENT-LINKED,XLON
T-0004012,O-0004012,2026-08-25T10:26:50.200000Z,NOVA.L,BUY,5002,42.0151,A-104,CLIENT-LINKED,XLON
T-0004013,O-0004013,2026-08-25T10:26:51.050000Z,NOVA.L,SELL,5003,42.0233,A-882,CLIENT-LINKED,XLON
T-0004014,O-0004014,2026-08-25T10:26:51.900000Z,LIQD.P,BUY,4658,42.0267,A-254,CLIENT-54,XLON
T-0004015,O-0004015,2026-08-25T10:26:52.750000Z,NOVA.L,SELL,5169,42.0323,A-255,CLIENT-55,XLON
T-0004016,O-0004016,2026-08-25T10:26:53.600000Z,ALTO.N,BUY,5656,42.0229,A-256,CLIENT-56,XLON
T-0004017,O-0004017,2026-08-25T10:26:54.450000Z,QUAD.N,SELL,4014,42.0425,A-257,CLIENT-57,XLON
T-0004018,O-0004018,2026-08-25T10:26:55.300000Z,MEGA.O,BUY,4520,42.0292,A-258,CLIENT-58,XLON
T-0004019,O-0004019,2026-08-25T10:26:56.150000Z,LIQD.P,SELL,3919,42.0377,A-259,CLIENT-59,XLON
T-0004020,O-0004020,2026-08-25T10:26:57Z,NOVA.L,BUY,5000,42.0323,A-104,CLIENT-LINKED,XLON
T-0004021,O-0004021,2026-08-25T10:26:57.850000Z,NOVA.L,SELL,5001,42.0499,A-882,CLIENT-LINKED,XLON
T-0004022,O-0004022,2026-08-25T10:26:58.700000Z,NOVA.L,BUY,5002,42.0484,A-104,CLIENT-LINKED,XLON
T-0004023,O-0004023,2026-08-25T10:26:59.550000Z,NOVA.L,SELL,5003,42.0479,A-882,CLIENT-LINKED,XLON
T-0004024,O-0004024,2026-08-25T10:27:00.400000Z,LIQD.P,BUY,5135,42.0464,A-204,CLIENT-4,XLON
T-0004025,O-0004025,2026-08-25T10:27:01.250000Z,NOVA.L,SELL,6572,42.058,A-205,CLIENT-5,XLON
T-0004026,O-0004026,2026-08-25T10:27:02.100000Z,ALTO.N,BUY,4742,42.0576,A-206,CLIENT-6,XLON
T-0004027,O-0004027,2026-08-25T10:27:02.950000Z,QUAD.N,SELL,5135,42.0486,A-207,CLIENT-7,XLON
T-0004028,O-0004028,2026-08-25T10:27:03.800000Z,MEGA.O,BUY,4771,42.0608,A-208,CLIENT-8,XLON
T-0004029,O-0004029,2026-08-25T10:27:04.650000Z,LIQD.P,SELL,4619,42.0555,A-209,CLIENT-9,XLON
T-0004030,O-0004030,2026-08-25T10:27:05.500000Z,NOVA.L,BUY,5000,42.0544,A-104,CLIENT-LINKED,XLON
T-0004031,O-0004031,2026-08-25T10:27:06.350000Z,NOVA.L,SELL,5001,42.0614,A-882,CLIENT-LINKED,XLON
T-0004032,O-0004032,2026-08-25T10:27:07.200000Z,NOVA.L,BUY,5002,42.0637,A-104,CLIENT-LINKED,XLON
T-0004033,O-0004033,2026-08-25T10:27:08.050000Z,NOVA.L,SELL,5003,42.0738,A-882,CLIENT-LINKED,XLON
T-0004034,O-0004034,2026-08-25T10:27:08.900000Z,LIQD.P,BUY,4393,42.0623,A-214,CLIENT-14,XLON
T-0004035,O-0004035,2026-08-25T10:27:09.750000Z,NOVA.L,SELL,6296,42.0691,A-215,CLIENT-15,XLON
T-0004036,O-0004036,2026-08-25T10:27:10.600000Z,ALTO.N,BUY,5386,42.0695,A-216,CLIENT-16,XLON
T-0004037,O-0004037,2026-08-25T10:27:11.450000Z,QUAD.N,SELL,5674,42.0784,A-217,CLIENT-17,XLON
T-0004038,O-0004038,2026-08-25T10:27:12.300000Z,MEGA.O,BUY,6388,42.0732,A-218,CLIENT-18,XLON
T-0004039,O-0004039,2026-08-25T10:27:13.150000Z,LIQD.P,SELL,4904,42.072,A-219,CLIENT-19,XLON
T-0004040,O-0004040,2026-08-25T10:27:14Z,NOVA.L,BUY,5000,42.0725,A-104,CLIENT-LINKED,XLON
T-0004041,O-0004041,2026-08-25T10:27:14.850000Z,NOVA.L,SELL,5001,42.0858,A-882,CLIENT-LINKED,XLON
T-0004042,O-0004042,2026-08-25T10:27:15.700000Z,NOVA.L,BUY,5002,42.0752,A-104,CLIENT-LINKED,XLON
T-0004043,O-0004043,2026-08-25T10:27:16.550000Z,NOVA.L,SELL,5003,42.0787,A-882,CLIENT-LINKED,XLON
T-0004044,O-0004044,2026-08-25T10:27:17.400000Z,LIQD.P,BUY,5706,42.0872,A-224,CLIENT-24,XLON
T-0004045,O-0004045,2026-08-25T10:27:18.250000Z,NOVA.L,SELL,4501,42.0952,A-225,CLIENT-25,XLON
T-0004046,O-0004046,2026-08-25T10:27:19.100000Z,ALTO.N,BUY,4700,42.0997,A-226,CLIENT-26,XLON
T-0004047,O-0004047,2026-08-25T10:27:19.950000Z,QUAD.N,SELL,6272,42.0871,A-227,CLIENT-27,XLON
T-0004048,O-0004048,2026-08-25T10:27:20.800000Z,MEGA.O,BUY,6413,42.1051,A-228,CLIENT-28,XLON
T-0004049,O-0004049,2026-08-25T10:27:21.650000Z,LIQD.P,SELL,4496,42.0996,A-229,CLIENT-29,XLON
T-0004050,O-0004050,2026-08-25T10:27:22.500000Z,NOVA.L,BUY,5000,42.1011,A-104,CLIENT-LINKED,XLON
T-0004051,O-0004051,2026-08-25T10:27:23.350000Z,NOVA.L,SELL,5001,42.0966,A-882,CLIENT-LINKED,XLON
T-0004052,O-0004052,2026-08-25T10:27:24.200000Z,NOVA.L,BUY,5002,42.1022,A-104,CLIENT-LINKED,XLON
T-0004053,O-0004053,2026-08-25T10:27:25.050000Z,NOVA.L,SELL,5003,42.1064,A-882,CLIENT-LINKED,XLON
T-0004054,O-0004054,2026-08-25T10:27:25.900000Z,LIQD.P,BUY,4686,42.1098,A-234,CLIENT-34,XLON
T-0004055,O-0004055,2026-08-25T10:27:26.750000Z,NOVA.L,SELL,5695,42.1056,A-235,CLIENT-35,XLON
T-0004056,O-0004056,2026-08-25T10:27:27.600000Z,ALTO.N,BUY,6790,42.1106,A-236,CLIENT-36,XLON
T-0004057,O-0004057,2026-08-25T10:27:28.450000Z,QUAD.N,SELL,4810,42.109,A-237,CLIENT-37,XLON
T-0004058,O-0004058,2026-08-25T10:27:29.300000Z,MEGA.O,BUY,5578,42.1176,A-238,CLIENT-38,XLON
T-0004059,O-0004059,2026-08-25T10:27:30.150000Z,LIQD.P,SELL,6223,42.1269,A-239,CLIENT-39,XLON
T-0004060,O-0004060,2026-08-25T10:27:31Z,NOVA.L,BUY,5000,42.1283,A-104,CLIENT-LINKED,XLON
T-0004061,O-0004061,2026-08-25T10:27:31.850000Z,NOVA.L,SELL,5001,42.13,A-882,CLIENT-LINKED,XLON
T-0004062,O-0004062,2026-08-25T10:27:32.700000Z,NOVA.L,BUY,5002,42.1224,A-104,CLIENT-LINKED,XLON
T-0004063,O-0004063,2026-08-25T10:27:33.550000Z,NOVA.L,SELL,5003,42.1169,A-882,CLIENT-LINKED,XLON
T-0004064,O-0004064,2026-08-25T10:27:34.400000Z,LIQD.P,BUY,5727,42.1327,A-244,CLIENT-44,XLON
T-0004065,O-0004065,2026-08-25T10:27:35.250000Z,NOVA.L,SELL,5865,42.1207,A-245,CLIENT-45,XLON
T-0004066,O-0004066,2026-08-25T10:27:36.100000Z,ALTO.N,BUY,5975,42.1299,A-246,CLIENT-46,XLON
T-0004067,O-0004067,2026-08-25T10:27:36.950000Z,QUAD.N,SELL,6653,42.1404,A-247,CLIENT-47,XLON
T-0004068,O-0004068,2026-08-25T10:27:37.800000Z,MEGA.O,BUY,5653,42.1359,A-248,CLIENT-48,XLON
T-0004069,O-0004069,2026-08-25T10:27:38.650000Z,LIQD.P,SELL,4140,42.1392,A-249,CLIENT-49,XLON
T-0004070,O-0004070,2026-08-25T10:27:39.500000Z,NOVA.L,BUY,5000,42.1302,A-104,CLIENT-LINKED,XLON
T-0004071,O-0004071,2026-08-25T10:27:40.350000Z,NOVA.L,SELL,5001,42.1466,A-882,CLIENT-LINKED,XLON
T-0004072,O-0004072,2026-08-25T10:27:41.200000Z,NOVA.L,BUY,5002,42.153,A-104,CLIENT-LINKED,XLON
T-0004073,O-0004073,2026-08-25T10:27:42.050000Z,NOVA.L,SELL,5003,42.1387,A-882,CLIENT-LINKED,XLON
T-0004074,O-0004074,2026-08-25T10:27:42.900000Z,LIQD.P,BUY,5011,42.1428,A-254,CLIENT-54,XLON
T-0004075,O-0004075,2026-08-25T10:27:43.750000Z,NOVA.L,SELL,4171,42.1403,A-255,CLIENT-55,XLON
T-0004076,O-0004076,2026-08-25T10:27:44.600000Z,ALTO.N,BUY,6540,42.1481,A-256,CLIENT-56,XLON
T-0004077,O-0004077,2026-08-25T10:27:45.450000Z,QUAD.N,SELL,6680,42.1532,A-257,CLIENT-57,XLON
T-0004078,O-0004078,2026-08-25T10:27:46.300000Z,MEGA.O,BUY,6136,42.1609,A-258,CLIENT-58,XLON
T-0004079,O-0004079,2026-08-25T10:27:47.150000Z,LIQD.P,SELL,3899,42.1675,A-259,CLIENT-59,XLON
T-0004080,O-0004080,2026-08-25T10:27:48Z,NOVA.L,BUY,5000,41.9993,A-104,CLIENT-LINKED,XLON
T-0004081,O-0004081,2026-08-25T10:27:48.850000Z,NOVA.L,SELL,5001,41.9948,A-882,CLIENT-LINKED,XLON
T-0004082,O-0004082,2026-08-25T10:27:49.700000Z,NOVA.L,BUY,5002,42.0081,A-104,CLIENT-LINKED,XLON
T-0004083,O-0004083,2026-08-25T10:27:50.550000Z,NOVA.L,SELL,5003,41.9997,A-882,CLIENT-LINKED,XLON
T-0004084,O-0004084,2026-08-25T10:27:51.400000Z,LIQD.P,BUY,5317,42.0105,A-204,CLIENT-4,XLON
T-0004085,O-0004085,2026-08-25T10:27:52.250000Z,NOVA.L,SELL,6683,42.0127,A-205,CLIENT-5,XLON
T-0004086,O-0004086,2026-08-25T10:27:53.100000Z,ALTO.N,BUY,6369,42.0034,A-206,CLIENT-6,XLON
T-0004087,O-0004087,2026-08-25T10:27:53.950000Z,QUAD.N,SELL,6629,42.0107,A-207,CLIENT-7,XLON
T-0004088,O-0004088,2026-08-25T10:27:54.800000Z,MEGA.O,BUY,3933,42.0119,A-208,CLIENT-8,XLON
T-0004089,O-0004089,2026-08-25T10:27:55.650000Z,LIQD.P,SELL,4905,42.022,A-209,CLIENT-9,XLON
T-0004090,O-0004090,2026-08-25T10:27:56.500000Z,NOVA.L,BUY,5000,42.0223,A-104,CLIENT-LINKED,XLON
T-0004091,O-0004091,2026-08-25T10:27:57.350000Z,NOVA.L,SELL,5001,42.0235,A-882,CLIENT-LINKED,XLON
T-0004092,O-0004092,2026-08-25T10:27:58.200000Z,NOVA.L,BUY,5002,42.0181,A-104,CLIENT-LINKED,XLON
T-0004093,O-0004093,2026-08-25T10:27:59.050000Z,NOVA.L,SELL,5003,42.0297,A-882,CLIENT-LINKED,XLON
T-0004094,O-0004094,2026-08-25T10:27:59.900000Z,LIQD.P,BUY,6341,42.0356,A-214,CLIENT-14,XLON
T-0004095,O-0004095,2026-08-25T10:28:00.750000Z,NOVA.L,SELL,4024,42.0303,A-215,CLIENT-15,XLON
T-0004096,O-0004096,2026-08-25T10:28:01.600000Z,ALTO.N,BUY,6563,42.0293,A-216,CLIENT-16,XLON
T-0004097,O-0004097,2026-08-25T10:28:02.450000Z,QUAD.N,SELL,4011,42.0262,A-217,CLIENT-17,XLON
T-0004098,O-0004098,2026-08-25T10:28:03.300000Z,MEGA.O,BUY,5297,42.0353,A-218,CLIENT-18,XLON
T-0004099,O-0004099,2026-08-25T10:28:04.150000Z,LIQD.P,SELL,3967,42.0353,A-219,CLIENT-19,XLON
T-0004100,O-0004100,2026-08-25T10:28:05Z,NOVA.L,BUY,5000,42.0335,A-104,CLIENT-LINKED,XLON
T-0004101,O-0004101,2026-08-25T10:28:05.850000Z,NOVA.L,SELL,5001,42.0432,A-882,CLIENT-LINKED,XLON
T-0004102,O-0004102,2026-08-25T10:28:06.700000Z,NOVA.L,BUY,5002,42.0353,A-104,CLIENT-LINKED,XLON
T-0004103,O-0004103,2026-08-25T10:28:07.550000Z,NOVA.L,SELL,5003,42.0502,A-882,CLIENT-LINKED,XLON
T-0004104,O-0004104,2026-08-25T10:28:08.400000Z,LIQD.P,BUY,4638,42.0408,A-224,CLIENT-24,XLON
T-0004105,O-0004105,2026-08-25T10:28:09.250000Z,NOVA.L,SELL,5171,42.0448,A-225,CLIENT-25,XLON
T-0004106,O-0004106,2026-08-25T10:28:10.100000Z,ALTO.N,BUY,4265,42.055,A-226,CLIENT-26,XLON
T-0004107,O-0004107,2026-08-25T10:28:10.950000Z,QUAD.N,SELL,6176,42.0614,A-227,CLIENT-27,XLON
T-0004108,O-0004108,2026-08-25T10:28:11.800000Z,MEGA.O,BUY,6678,42.0502,A-228,CLIENT-28,XLON
T-0004109,O-0004109,2026-08-25T10:28:12.650000Z,LIQD.P,SELL,4723,42.0544,A-229,CLIENT-29,XLON
T-0004110,O-0004110,2026-08-25T10:28:13.500000Z,NOVA.L,BUY,5000,42.068,A-104,CLIENT-LINKED,XLON
T-0004111,O-0004111,2026-08-25T10:28:14.350000Z,NOVA.L,SELL,5001,42.0621,A-882,CLIENT-LINKED,XLON
T-0004112,O-0004112,2026-08-25T10:28:15.200000Z,NOVA.L,BUY,5002,42.0625,A-104,CLIENT-LINKED,XLON
T-0004113,O-0004113,2026-08-25T10:28:16.050000Z,NOVA.L,SELL,5003,42.0571,A-882,CLIENT-LINKED,XLON
T-0004114,O-0004114,2026-08-25T10:28:16.900000Z,LIQD.P,BUY,5327,42.0649,A-234,CLIENT-34,XLON
T-0004115,O-0004115,2026-08-25T10:28:17.750000Z,NOVA.L,SELL,5791,42.07,A-235,CLIENT-35,XLON
T-0004116,O-0004116,2026-08-25T10:28:18.600000Z,ALTO.N,BUY,4302,42.0714,A-236,CLIENT-36,XLON
T-0004117,O-0004117,2026-08-25T10:28:19.450000Z,QUAD.N,SELL,5978,42.0776,A-237,CLIENT-37,XLON
T-0004118,O-0004118,2026-08-25T10:28:20.300000Z,MEGA.O,BUY,5982,42.084,A-238,CLIENT-38,XLON
T-0004119,O-0004119,2026-08-25T10:28:21.150000Z,LIQD.P,SELL,5651,42.0804,A-239,CLIENT-39,XLON
T-0004120,O-0004120,2026-08-25T10:28:22Z,NOVA.L,BUY,5000,42.086,A-104,CLIENT-LINKED,XLON
T-0004121,O-0004121,2026-08-25T10:28:22.850000Z,NOVA.L,SELL,5001,42.0909,A-882,CLIENT-LINKED,XLON
T-0004122,O-0004122,2026-08-25T10:28:23.700000Z,NOVA.L,BUY,5002,42.0902,A-104,CLIENT-LINKED,XLON
T-0004123,O-0004123,2026-08-25T10:28:24.550000Z,NOVA.L,SELL,5003,42.0948,A-882,CLIENT-LINKED,XLON
T-0004124,O-0004124,2026-08-25T10:28:25.400000Z,LIQD.P,BUY,4068,42.0818,A-244,CLIENT-44,XLON
T-0004125,O-0004125,2026-08-25T10:28:26.250000Z,NOVA.L,SELL,5675,42.0817,A-245,CLIENT-45,XLON
T-0004126,O-0004126,2026-08-25T10:28:27.100000Z,ALTO.N,BUY,5400,42.1,A-246,CLIENT-46,XLON
T-0004127,O-0004127,2026-08-25T10:28:27.950000Z,QUAD.N,SELL,4981,42.1032,A-247,CLIENT-47,XLON
T-0004128,O-0004128,2026-08-25T10:28:28.800000Z,MEGA.O,BUY,4115,42.0882,A-248,CLIENT-48,XLON
T-0004129,O-0004129,2026-08-25T10:28:29.650000Z,LIQD.P,SELL,4930,42.0902,A-249,CLIENT-49,XLON
T-0004130,O-0004130,2026-08-25T10:28:30.500000Z,NOVA.L,BUY,5000,42.093,A-104,CLIENT-LINKED,XLON
T-0004131,O-0004131,2026-08-25T10:28:31.350000Z,NOVA.L,SELL,5001,42.095,A-882,CLIENT-LINKED,XLON
T-0004132,O-0004132,2026-08-25T10:28:32.200000Z,NOVA.L,BUY,5002,42.0981,A-104,CLIENT-LINKED,XLON
T-0004133,O-0004133,2026-08-25T10:28:33.050000Z,NOVA.L,SELL,5003,42.115,A-882,CLIENT-LINKED,XLON
T-0004134,O-0004134,2026-08-25T10:28:33.900000Z,LIQD.P,BUY,3892,42.1039,A-254,CLIENT-54,XLON
T-0004135,O-0004135,2026-08-25T10:28:34.750000Z,NOVA.L,SELL,6595,42.1108,A-255,CLIENT-55,XLON
T-0004136,O-0004136,2026-08-25T10:28:35.600000Z,ALTO.N,BUY,4340,42.1115,A-256,CLIENT-56,XLON
T-0004137,O-0004137,2026-08-25T10:28:36.450000Z,QUAD.N,SELL,5520,42.1129,A-257,CLIENT-57,XLON
T-0004138,O-0004138,2026-08-25T10:28:37.300000Z,MEGA.O,BUY,6440,42.1064,A-258,CLIENT-58,XLON
T-0004139,O-0004139,2026-08-25T10:28:38.150000Z,LIQD.P,SELL,4574,42.1093,A-259,CLIENT-59,XLON
T-0004140,O-0004140,2026-08-25T10:28:39Z,NOVA.L,BUY,5000,42.1274,A-104,CLIENT-LINKED,XLON
T-0004141,O-0004141,2026-08-25T10:28:39.850000Z,NOVA.L,SELL,5001,42.1166,A-882,CLIENT-LINKED,XLON
T-0004142,O-0004142,2026-08-25T10:28:40.700000Z,NOVA.L,BUY,5002,42.1329,A-104,CLIENT-LINKED,XLON
T-0004143,O-0004143,2026-08-25T10:28:41.550000Z,NOVA.L,SELL,5003,42.1289,A-882,CLIENT-LINKED,XLON
T-0004144,O-0004144,2026-08-25T10:28:42.400000Z,LIQD.P,BUY,5486,42.1296,A-204,CLIENT-4,XLON
T-0004145,O-0004145,2026-08-25T10:28:43.250000Z,NOVA.L,SELL,6485,42.1329,A-205,CLIENT-5,XLON
T-0004146,O-0004146,2026-08-25T10:28:44.100000Z,ALTO.N,BUY,5136,42.1317,A-206,CLIENT-6,XLON
T-0004147,O-0004147,2026-08-25T10:28:44.950000Z,QUAD.N,SELL,6527,42.1379,A-207,CLIENT-7,XLON
T-0004148,O-0004148,2026-08-25T10:28:45.800000Z,MEGA.O,BUY,6046,42.1349,A-208,CLIENT-8,XLON
T-0004149,O-0004149,2026-08-25T10:28:46.650000Z,LIQD.P,SELL,5045,42.1393,A-209,CLIENT-9,XLON
T-0004150,O-0004150,2026-08-25T10:28:47.500000Z,NOVA.L,BUY,5000,42.148,A-104,CLIENT-LINKED,XLON
T-0004151,O-0004151,2026-08-25T10:28:48.350000Z,NOVA.L,SELL,5001,42.1381,A-882,CLIENT-LINKED,XLON
T-0004152,O-0004152,2026-08-25T10:28:49.200000Z,NOVA.L,BUY,5002,42.1498,A-104,CLIENT-LINKED,XLON
T-0004153,O-0004153,2026-08-25T10:28:50.050000Z,NOVA.L,SELL,5003,42.1405,A-882,CLIENT-LINKED,XLON
T-0004154,O-0004154,2026-08-25T10:28:50.900000Z,LIQD.P,BUY,5323,42.1574,A-214,CLIENT-14,XLON
T-0004155,O-0004155,2026-08-25T10:28:51.750000Z,NOVA.L,SELL,3993,42.143,A-215,CLIENT-15,XLON
T-0004156,O-0004156,2026-08-25T10:28:52.600000Z,ALTO.N,BUY,4964,42.1511,A-216,CLIENT-16,XLON
T-0004157,O-0004157,2026-08-25T10:28:53.450000Z,QUAD.N,SELL,4481,42.1564,A-217,CLIENT-17,XLON
T-0004158,O-0004158,2026-08-25T10:28:54.300000Z,MEGA.O,BUY,4458,42.1602,A-218,CLIENT-18,XLON
T-0004159,O-0004159,2026-08-25T10:28:55.150000Z,LIQD.P,SELL,4968,42.1516,A-219,CLIENT-19,XLON
T-0004160,O-0004160,2026-08-25T10:28:56Z,NOVA.L,BUY,5000,41.9935,A-104,CLIENT-LINKED,XLON
T-0004161,O-0004161,2026-08-25T10:28:56.850000Z,NOVA.L,SELL,5001,42.0062,A-882,CLIENT-LINKED,XLON
T-0004162,O-0004162,2026-08-25T10:28:57.700000Z,NOVA.L,BUY,5002,42.0121,A-104,CLIENT-LINKED,XLON
T-0004163,O-0004163,2026-08-25T10:28:58.550000Z,NOVA.L,SELL,5003,42.0119,A-882,CLIENT-LINKED,XLON
T-0004164,O-0004164,2026-08-25T10:28:59.400000Z,LIQD.P,BUY,4460,42.0028,A-224,CLIENT-24,XLON
T-0004165,O-0004165,2026-08-25T10:29:00.250000Z,NOVA.L,SELL,3968,42.0199,A-225,CLIENT-25,XLON
T-0004166,O-0004166,2026-08-25T10:29:01.100000Z,ALTO.N,BUY,6153,42.0045,A-226,CLIENT-26,XLON
T-0004167,O-0004167,2026-08-25T10:29:01.950000Z,QUAD.N,SELL,4866,42.0114,A-227,CLIENT-27,XLON
T-0004168,O-0004168,2026-08-25T10:29:02.800000Z,MEGA.O,BUY,4640,42.0172,A-228,CLIENT-28,XLON
T-0004169,O-0004169,2026-08-25T10:29:03.650000Z,LIQD.P,SELL,3942,42.0213,A-229,CLIENT-29,XLON
T-0004170,O-0004170,2026-08-25T10:29:04.500000Z,NOVA.L,BUY,5000,42.0296,A-104,CLIENT-LINKED,XLON
T-0004171,O-0004171,2026-08-25T10:29:05.350000Z,NOVA.L,SELL,5001,42.015,A-882,CLIENT-LINKED,XLON
T-0004172,O-0004172,2026-08-25T10:29:06.200000Z,NOVA.L,BUY,5002,42.023,A-104,CLIENT-LINKED,XLON
T-0004173,O-0004173,2026-08-25T10:29:07.050000Z,NOVA.L,SELL,5003,42.0355,A-882,CLIENT-LINKED,XLON
T-0004174,O-0004174,2026-08-25T10:29:07.900000Z,LIQD.P,BUY,5985,42.024,A-234,CLIENT-34,XLON
T-0004175,O-0004175,2026-08-25T10:29:08.750000Z,NOVA.L,SELL,3902,42.0281,A-235,CLIENT-35,XLON
T-0004176,O-0004176,2026-08-25T10:29:09.600000Z,ALTO.N,BUY,5845,42.0374,A-236,CLIENT-36,XLON
T-0004177,O-0004177,2026-08-25T10:29:10.450000Z,QUAD.N,SELL,5676,42.0426,A-237,CLIENT-37,XLON
T-0004178,O-0004178,2026-08-25T10:29:11.300000Z,MEGA.O,BUY,4439,42.0261,A-238,CLIENT-38,XLON
T-0004179,O-0004179,2026-08-25T10:29:12.150000Z,LIQD.P,SELL,6037,42.0475,A-239,CLIENT-39,XLON
T-0004180,O-0004180,2026-08-25T10:29:13Z,NOVA.L,BUY,5000,42.0366,A-104,CLIENT-LINKED,XLON
T-0004181,O-0004181,2026-08-25T10:29:13.850000Z,NOVA.L,SELL,5001,42.0461,A-882,CLIENT-LINKED,XLON
T-0004182,O-0004182,2026-08-25T10:29:14.700000Z,NOVA.L,BUY,5002,42.0435,A-104,CLIENT-LINKED,XLON
T-0004183,O-0004183,2026-08-25T10:29:15.550000Z,NOVA.L,SELL,5003,42.0418,A-882,CLIENT-LINKED,XLON
T-0004184,O-0004184,2026-08-25T10:29:16.400000Z,LIQD.P,BUY,6149,42.0513,A-244,CLIENT-44,XLON
T-0004185,O-0004185,2026-08-25T10:29:17.250000Z,NOVA.L,SELL,6115,42.0546,A-245,CLIENT-45,XLON
T-0004186,O-0004186,2026-08-25T10:29:18.100000Z,ALTO.N,BUY,5610,42.0488,A-246,CLIENT-46,XLON
T-0004187,O-0004187,2026-08-25T10:29:18.950000Z,QUAD.N,SELL,4260,42.0586,A-247,CLIENT-47,XLON
T-0004188,O-0004188,2026-08-25T10:29:19.800000Z,MEGA.O,BUY,3964,42.0488,A-248,CLIENT-48,XLON
T-0004189,O-0004189,2026-08-25T10:29:20.650000Z,LIQD.P,SELL,6056,42.0503,A-249,CLIENT-49,XLON
T-0004190,O-0004190,2026-08-25T10:29:21.500000Z,NOVA.L,BUY,5000,42.0505,A-104,CLIENT-LINKED,XLON
T-0004191,O-0004191,2026-08-25T10:29:22.350000Z,NOVA.L,SELL,5001,42.0644,A-882,CLIENT-LINKED,XLON
T-0004192,O-0004192,2026-08-25T10:29:23.200000Z,NOVA.L,BUY,5002,42.0584,A-104,CLIENT-LINKED,XLON
T-0004193,O-0004193,2026-08-25T10:29:24.050000Z,NOVA.L,SELL,5003,42.0631,A-882,CLIENT-LINKED,XLON
T-0004194,O-0004194,2026-08-25T10:29:24.900000Z,LIQD.P,BUY,5136,42.0591,A-254,CLIENT-54,XLON
T-0004195,O-0004195,2026-08-25T10:29:25.750000Z,NOVA.L,SELL,6426,42.0639,A-255,CLIENT-55,XLON
T-0004196,O-0004196,2026-08-25T10:29:26.600000Z,ALTO.N,BUY,5956,42.0664,A-256,CLIENT-56,XLON
T-0004197,O-0004197,2026-08-25T10:29:27.450000Z,QUAD.N,SELL,4938,42.0679,A-257,CLIENT-57,XLON
T-0004198,O-0004198,2026-08-25T10:29:28.300000Z,MEGA.O,BUY,4142,42.0768,A-258,CLIENT-58,XLON
T-0004199,O-0004199,2026-08-25T10:29:29.150000Z,LIQD.P,SELL,5624,42.0815,A-259,CLIENT-59,XLON
T-0004200,O-0004200,2026-08-25T10:29:30Z,NOVA.L,BUY,5000,42.0892,A-104,CLIENT-LINKED,XLON
T-0004201,O-0004201,2026-08-25T10:29:30.850000Z,NOVA.L,SELL,5001,42.0915,A-882,CLIENT-LINKED,XLON
T-0004202,O-0004202,2026-08-25T10:29:31.700000Z,NOVA.L,BUY,5002,42.0819,A-104,CLIENT-LINKED,XLON
T-0004203,O-0004203,2026-08-25T10:29:32.550000Z,NOVA.L,SELL,5003,42.0858,A-882,CLIENT-LINKED,XLON
T-0004204,O-0004204,2026-08-25T10:29:33.400000Z,LIQD.P,BUY,6270,42.0901,A-204,CLIENT-4,XLON
T-0004205,O-0004205,2026-08-25T10:29:34.250000Z,NOVA.L,SELL,4029,42.0982,A-205,CLIENT-5,XLON
T-0004206,O-0004206,2026-08-25T10:29:35.100000Z,ALTO.N,BUY,5278,42.09,A-206,CLIENT-6,XLON
T-0004207,O-0004207,2026-08-25T10:29:35.950000Z,QUAD.N,SELL,6732,42.1011,A-207,CLIENT-7,XLON
T-0004208,O-0004208,2026-08-25T10:29:36.800000Z,MEGA.O,BUY,5314,42.0937,A-208,CLIENT-8,XLON
T-0004209,O-0004209,2026-08-25T10:29:37.650000Z,LIQD.P,SELL,3849,42.0937,A-209,CLIENT-9,XLON
T-0004210,O-0004210,2026-08-25T10:29:38.500000Z,NOVA.L,BUY,5000,42.097,A-104,CLIENT-LINKED,XLON
T-0004211,O-0004211,2026-08-25T10:29:39.350000Z,NOVA.L,SELL,5001,42.1116,A-882,CLIENT-LINKED,XLON
T-0004212,O-0004212,2026-08-25T10:29:40.200000Z,NOVA.L,BUY,5002,42.1115,A-104,CLIENT-LINKED,XLON
T-0004213,O-0004213,2026-08-25T10:29:41.050000Z,NOVA.L,SELL,5003,42.0978,A-882,CLIENT-LINKED,XLON
T-0004214,O-0004214,2026-08-25T10:29:41.900000Z,LIQD.P,BUY,6781,42.1158,A-214,CLIENT-14,XLON
T-0004215,O-0004215,2026-08-25T10:29:42.750000Z,NOVA.L,SELL,5502,42.1161,A-215,CLIENT-15,XLON
T-0004216,O-0004216,2026-08-25T10:29:43.600000Z,ALTO.N,BUY,4982,42.1053,A-216,CLIENT-16,XLON
T-0004217,O-0004217,2026-08-25T10:29:44.450000Z,QUAD.N,SELL,6781,42.1234,A-217,CLIENT-17,XLON
T-0004218,O-0004218,2026-08-25T10:29:45.300000Z,MEGA.O,BUY,5536,42.1206,A-218,CLIENT-18,XLON
T-0004219,O-0004219,2026-08-25T10:29:46.150000Z,LIQD.P,SELL,5496,42.1108,A-219,CLIENT-19,XLON
T-0004220,O-0004220,2026-08-25T10:29:47Z,NOVA.L,BUY,5000,42.1217,A-104,CLIENT-LINKED,XLON
T-0004221,O-0004221,2026-08-25T10:29:47.850000Z,NOVA.L,SELL,5001,42.1137,A-882,CLIENT-LINKED,XLON
T-0004222,O-0004222,2026-08-25T10:29:48.700000Z,NOVA.L,BUY,5002,42.1182,A-104,CLIENT-LINKED,XLON
T-0004223,O-0004223,2026-08-25T10:29:49.550000Z,NOVA.L,SELL,5003,42.1255,A-882,CLIENT-LINKED,XLON
T-0004224,O-0004224,2026-08-25T10:29:50.400000Z,LIQD.P,BUY,5951,42.1377,A-224,CLIENT-24,XLON
T-0004225,O-0004225,2026-08-25T10:29:51.250000Z,NOVA.L,SELL,4070,42.1387,A-225,CLIENT-25,XLON
T-0004226,O-0004226,2026-08-25T10:29:52.100000Z,ALTO.N,BUY,6219,42.1371,A-226,CLIENT-26,XLON
T-0004227,O-0004227,2026-08-25T10:29:52.950000Z,QUAD.N,SELL,4162,42.1241,A-227,CLIENT-27,XLON
T-0004228,O-0004228,2026-08-25T10:29:53.800000Z,MEGA.O,BUY,6416,42.1443,A-228,CLIENT-28,XLON
T-0004229,O-0004229,2026-08-25T10:29:54.650000Z,LIQD.P,SELL,5497,42.1315,A-229,CLIENT-29,XLON
T-0004230,O-0004230,2026-08-25T10:29:55.500000Z,NOVA.L,BUY,5000,42.1392,A-104,CLIENT-LINKED,XLON
T-0004231,O-0004231,2026-08-25T10:29:56.350000Z,NOVA.L,SELL,5001,42.1434,A-882,CLIENT-LINKED,XLON
T-0004232,O-0004232,2026-08-25T10:29:57.200000Z,NOVA.L,BUY,5002,42.1523,A-104,CLIENT-LINKED,XLON
T-0004233,O-0004233,2026-08-25T10:29:58.050000Z,NOVA.L,SELL,5003,42.14,A-882,CLIENT-LINKED,XLON
T-0004234,O-0004234,2026-08-25T10:29:58.900000Z,LIQD.P,BUY,5363,42.1438,A-234,CLIENT-34,XLON
T-0004235,O-0004235,2026-08-25T10:29:59.750000Z,NOVA.L,SELL,5809,42.1408,A-235,CLIENT-35,XLON
T-0004236,O-0004236,2026-08-25T10:30:00.600000Z,ALTO.N,BUY,5036,42.1587,A-236,CLIENT-36,XLON
T-0004237,O-0004237,2026-08-25T10:30:01.450000Z,QUAD.N,SELL,5044,42.1539,A-237,CLIENT-37,XLON
T-0004238,O-0004238,2026-08-25T10:30:02.300000Z,MEGA.O,BUY,5698,42.1505,A-238,CLIENT-38,XLON
T-0004239,O-0004239,2026-08-25T10:30:03.150000Z,LIQD.P,SELL,3810,42.1511,A-239,CLIENT-39,XLON
T-0004240,O-0004240,2026-08-25T10:30:04Z,NOVA.L,BUY,5000,41.996,A-104,CLIENT-LINKED,XLON
T-0004241,O-0004241,2026-08-25T10:30:04.850000Z,NOVA.L,SELL,5001,42.0048,A-882,CLIENT-LINKED,XLON
T-0004242,O-0004242,2026-08-25T10:30:05.700000Z,NOVA.L,BUY,5002,42.0067,A-104,CLIENT-LINKED,XLON
T-0004243,O-0004243,2026-08-25T10:30:06.550000Z,NOVA.L,SELL,5003,41.9985,A-882,CLIENT-LINKED,XLON
T-0004244,O-0004244,2026-08-25T10:30:07.400000Z,LIQD.P,BUY,6527,42.0159,A-244,CLIENT-44,XLON
T-0004245,O-0004245,2026-08-25T10:30:08.250000Z,NOVA.L,SELL,5508,42.0036,A-245,CLIENT-45,XLON
T-0004246,O-0004246,2026-08-25T10:30:09.100000Z,ALTO.N,BUY,6617,42.0149,A-246,CLIENT-46,XLON
T-0004247,O-0004247,2026-08-25T10:30:09.950000Z,QUAD.N,SELL,3916,42.0064,A-247,CLIENT-47,XLON
T-0004248,O-0004248,2026-08-25T10:30:10.800000Z,MEGA.O,BUY,4935,42.0159,A-248,CLIENT-48,XLON
T-0004249,O-0004249,2026-08-25T10:30:11.650000Z,LIQD.P,SELL,4073,42.02,A-249,CLIENT-49,XLON
T-0004250,O-0004250,2026-08-25T10:30:12.500000Z,NOVA.L,BUY,5000,42.0172,A-104,CLIENT-LINKED,XLON
T-0004251,O-0004251,2026-08-25T10:30:13.350000Z,NOVA.L,SELL,5001,42.0216,A-882,CLIENT-LINKED,XLON
T-0004252,O-0004252,2026-08-25T10:30:14.200000Z,NOVA.L,BUY,5002,42.0227,A-104,CLIENT-LINKED,XLON
T-0004253,O-0004253,2026-08-25T10:30:15.050000Z,NOVA.L,SELL,5003,42.0212,A-882,CLIENT-LINKED,XLON
T-0004254,O-0004254,2026-08-25T10:30:15.900000Z,LIQD.P,BUY,6609,42.0275,A-254,CLIENT-54,XLON
T-0004255,O-0004255,2026-08-25T10:30:16.750000Z,NOVA.L,SELL,6643,42.0364,A-255,CLIENT-55,XLON
T-0004256,O-0004256,2026-08-25T10:30:17.600000Z,ALTO.N,BUY,5328,42.0323,A-256,CLIENT-56,XLON
T-0004257,O-0004257,2026-08-25T10:30:18.450000Z,QUAD.N,SELL,6156,42.0244,A-257,CLIENT-57,XLON
T-0004258,O-0004258,2026-08-25T10:30:19.300000Z,MEGA.O,BUY,4863,42.0293,A-258,CLIENT-58,XLON
T-0004259,O-0004259,2026-08-25T10:30:20.150000Z,LIQD.P,SELL,4039,42.0309,A-259,CLIENT-59,XLON
T-0004260,O-0004260,2026-08-25T10:30:21Z,NOVA.L,BUY,5000,42.0392,A-104,CLIENT-LINKED,XLON
T-0004261,O-0004261,2026-08-25T10:30:21.850000Z,NOVA.L,SELL,5001,42.0459,A-882,CLIENT-LINKED,XLON
T-0004262,O-0004262,2026-08-25T10:30:22.700000Z,NOVA.L,BUY,5002,42.0411,A-104,CLIENT-LINKED,XLON
T-0004263,O-0004263,2026-08-25T10:30:23.550000Z,NOVA.L,SELL,5003,42.0371,A-882,CLIENT-LINKED,XLON
T-0004264,O-0004264,2026-08-25T10:30:24.400000Z,LIQD.P,BUY,5279,42.0464,A-204,CLIENT-4,XLON
T-0004265,O-0004265,2026-08-25T10:30:25.250000Z,NOVA.L,SELL,5258,42.041,A-205,CLIENT-5,XLON
T-0004266,O-0004266,2026-08-25T10:30:26.100000Z,ALTO.N,BUY,4994,42.0526,A-206,CLIENT-6,XLON
T-0004267,O-0004267,2026-08-25T10:30:26.950000Z,QUAD.N,SELL,4114,42.0543,A-207,CLIENT-7,XLON
T-0004268,O-0004268,2026-08-25T10:30:27.800000Z,MEGA.O,BUY,6372,42.0497,A-208,CLIENT-8,XLON
T-0004269,O-0004269,2026-08-25T10:30:28.650000Z,LIQD.P,SELL,4187,42.06,A-209,CLIENT-9,XLON
T-0004270,O-0004270,2026-08-25T10:30:29.500000Z,NOVA.L,BUY,5000,42.0533,A-104,CLIENT-LINKED,XLON
T-0004271,O-0004271,2026-08-25T10:30:30.350000Z,NOVA.L,SELL,5001,42.0585,A-882,CLIENT-LINKED,XLON
T-0004272,O-0004272,2026-08-25T10:30:31.200000Z,NOVA.L,BUY,5002,42.0603,A-104,CLIENT-LINKED,XLON
T-0004273,O-0004273,2026-08-25T10:30:32.050000Z,NOVA.L,SELL,5003,42.0729,A-882,CLIENT-LINKED,XLON
T-0004274,O-0004274,2026-08-25T10:30:32.900000Z,LIQD.P,BUY,5033,42.0634,A-214,CLIENT-14,XLON
T-0004275,O-0004275,2026-08-25T10:30:33.750000Z,NOVA.L,SELL,6658,42.0738,A-215,CLIENT-15,XLON
T-0004276,O-0004276,2026-08-25T10:30:34.600000Z,ALTO.N,BUY,4192,42.0727,A-216,CLIENT-16,XLON
T-0004277,O-0004277,2026-08-25T10:30:35.450000Z,QUAD.N,SELL,5240,42.0805,A-217,CLIENT-17,XLON
T-0004278,O-0004278,2026-08-25T10:30:36.300000Z,MEGA.O,BUY,3852,42.0687,A-218,CLIENT-18,XLON
T-0004279,O-0004279,2026-08-25T10:30:37.150000Z,LIQD.P,SELL,4952,42.0755,A-219,CLIENT-19,XLON
T-0004280,O-0004280,2026-08-25T10:30:38Z,NOVA.L,BUY,5000,42.0797,A-104,CLIENT-LINKED,XLON
T-0004281,O-0004281,2026-08-25T10:30:38.850000Z,NOVA.L,SELL,5001,42.0788,A-882,CLIENT-LINKED,XLON
T-0004282,O-0004282,2026-08-25T10:30:39.700000Z,NOVA.L,BUY,5002,42.0922,A-104,CLIENT-LINKED,XLON
T-0004283,O-0004283,2026-08-25T10:30:40.550000Z,NOVA.L,SELL,5003,42.078,A-882,CLIENT-LINKED,XLON
T-0004284,O-0004284,2026-08-25T10:30:41.400000Z,LIQD.P,BUY,4433,42.0881,A-224,CLIENT-24,XLON
T-0004285,O-0004285,2026-08-25T10:30:42.250000Z,NOVA.L,SELL,4571,42.0959,A-225,CLIENT-25,XLON
T-0004286,O-0004286,2026-08-25T10:30:43.100000Z,ALTO.N,BUY,6088,42.0943,A-226,CLIENT-26,XLON
T-0004287,O-0004287,2026-08-25T10:30:43.950000Z,QUAD.N,SELL,5953,42.1009,A-227,CLIENT-27,XLON
T-0004288,O-0004288,2026-08-25T10:30:44.800000Z,MEGA.O,BUY,6718,42.097,A-228,CLIENT-28,XLON
T-0004289,O-0004289,2026-08-25T10:30:45.650000Z,LIQD.P,SELL,4266,42.0963,A-229,CLIENT-29,XLON
T-0004290,O-0004290,2026-08-25T10:30:46.500000Z,NOVA.L,BUY,5000,42.1083,A-104,CLIENT-LINKED,XLON
T-0004291,O-0004291,2026-08-25T10:30:47.350000Z,NOVA.L,SELL,5001,42.0943,A-882,CLIENT-LINKED,XLON
T-0004292,O-0004292,2026-08-25T10:30:48.200000Z,NOVA.L,BUY,5002,42.0966,A-104,CLIENT-LINKED,XLON
T-0004293,O-0004293,2026-08-25T10:30:49.050000Z,NOVA.L,SELL,5003,42.0963,A-882,CLIENT-LINKED,XLON
T-0004294,O-0004294,2026-08-25T10:30:49.900000Z,LIQD.P,BUY,5226,42.1042,A-234,CLIENT-34,XLON
T-0004295,O-0004295,2026-08-25T10:30:50.750000Z,NOVA.L,SELL,5285,42.1028,A-235,CLIENT-35,XLON
T-0004296,O-0004296,2026-08-25T10:30:51.600000Z,ALTO.N,BUY,5610,42.1198,A-236,CLIENT-36,XLON
T-0004297,O-0004297,2026-08-25T10:30:52.450000Z,QUAD.N,SELL,6247,42.1145,A-237,CLIENT-37,XLON
T-0004298,O-0004298,2026-08-25T10:30:53.300000Z,MEGA.O,BUY,5201,42.1094,A-238,CLIENT-38,XLON
T-0004299,O-0004299,2026-08-25T10:30:54.150000Z,LIQD.P,SELL,5047,42.1086,A-239,CLIENT-39,XLON
T-0004300,O-0004300,2026-08-25T10:30:55Z,NOVA.L,BUY,5000,42.1263,A-104,CLIENT-LINKED,XLON
T-0004301,O-0004301,2026-08-25T10:30:55.850000Z,NOVA.L,SELL,5001,42.1164,A-882,CLIENT-LINKED,XLON
T-0004302,O-0004302,2026-08-25T10:30:56.700000Z,NOVA.L,BUY,5002,42.1311,A-104,CLIENT-LINKED,XLON
T-0004303,O-0004303,2026-08-25T10:30:57.550000Z,NOVA.L,SELL,5003,42.1188,A-882,CLIENT-LINKED,XLON
T-0004304,O-0004304,2026-08-25T10:30:58.400000Z,LIQD.P,BUY,4728,42.1241,A-244,CLIENT-44,XLON
T-0004305,O-0004305,2026-08-25T10:30:59.250000Z,NOVA.L,SELL,4659,42.1226,A-245,CLIENT-45,XLON
T-0004306,O-0004306,2026-08-25T10:31:00.100000Z,ALTO.N,BUY,4121,42.1305,A-246,CLIENT-46,XLON
T-0004307,O-0004307,2026-08-25T10:31:00.950000Z,QUAD.N,SELL,4257,42.1256,A-247,CLIENT-47,XLON
T-0004308,O-0004308,2026-08-25T10:31:01.800000Z,MEGA.O,BUY,5783,42.1411,A-248,CLIENT-48,XLON
T-0004309,O-0004309,2026-08-25T10:31:02.650000Z,LIQD.P,SELL,3974,42.1319,A-249,CLIENT-49,XLON
T-0004310,O-0004310,2026-08-25T10:31:03.500000Z,NOVA.L,BUY,5000,42.1307,A-104,CLIENT-LINKED,XLON
T-0004311,O-0004311,2026-08-25T10:31:04.350000Z,NOVA.L,SELL,5001,42.1452,A-882,CLIENT-LINKED,XLON
T-0004312,O-0004312,2026-08-25T10:31:05.200000Z,NOVA.L,BUY,5002,42.1459,A-104,CLIENT-LINKED,XLON
T-0004313,O-0004313,2026-08-25T10:31:06.050000Z,NOVA.L,SELL,5003,42.1454,A-882,CLIENT-LINKED,XLON
T-0004314,O-0004314,2026-08-25T10:31:06.900000Z,LIQD.P,BUY,4836,42.1389,A-254,CLIENT-54,XLON
T-0004315,O-0004315,2026-08-25T10:31:07.750000Z,NOVA.L,SELL,5035,42.1534,A-255,CLIENT-55,XLON
T-0004316,O-0004316,2026-08-25T10:31:08.600000Z,ALTO.N,BUY,4195,42.1576,A-256,CLIENT-56,XLON
T-0004317,O-0004317,2026-08-25T10:31:09.450000Z,QUAD.N,SELL,6264,42.1481,A-257,CLIENT-57,XLON
T-0004318,O-0004318,2026-08-25T10:31:10.300000Z,MEGA.O,BUY,4619,42.1497,A-258,CLIENT-58,XLON
T-0004319,O-0004319,2026-08-25T10:31:11.150000Z,LIQD.P,SELL,5239,42.1486,A-259,CLIENT-59,XLON
T-0004320,O-0004320,2026-08-25T10:31:12Z,NOVA.L,BUY,5000,41.9929,A-104,CLIENT-LINKED,XLON
T-0004321,O-0004321,2026-08-25T10:31:12.850000Z,NOVA.L,SELL,5001,42.0069,A-882,CLIENT-LINKED,XLON
T-0004322,O-0004322,2026-08-25T10:31:13.700000Z,NOVA.L,BUY,5002,41.9995,A-104,CLIENT-LINKED,XLON
T-0004323,O-0004323,2026-08-25T10:31:14.550000Z,NOVA.L,SELL,5003,42.0076,A-882,CLIENT-LINKED,XLON
T-0004324,O-0004324,2026-08-25T10:31:15.400000Z,LIQD.P,BUY,5242,42.0012,A-204,CLIENT-4,XLON
T-0004325,O-0004325,2026-08-25T10:31:16.250000Z,NOVA.L,SELL,5850,42.0156,A-205,CLIENT-5,XLON
T-0004326,O-0004326,2026-08-25T10:31:17.100000Z,ALTO.N,BUY,6310,42.0068,A-206,CLIENT-6,XLON
T-0004327,O-0004327,2026-08-25T10:31:17.950000Z,QUAD.N,SELL,6135,42.0054,A-207,CLIENT-7,XLON
T-0004328,O-0004328,2026-08-25T10:31:18.800000Z,MEGA.O,BUY,6168,42.0213,A-208,CLIENT-8,XLON
T-0004329,O-0004329,2026-08-25T10:31:19.650000Z,LIQD.P,SELL,5966,42.0123,A-209,CLIENT-9,XLON
T-0004330,O-0004330,2026-08-25T10:31:20.500000Z,NOVA.L,BUY,5000,42.0138,A-104,CLIENT-LINKED,XLON
T-0004331,O-0004331,2026-08-25T10:31:21.350000Z,NOVA.L,SELL,5001,42.0176,A-882,CLIENT-LINKED,XLON
T-0004332,O-0004332,2026-08-25T10:31:22.200000Z,NOVA.L,BUY,5002,42.032,A-104,CLIENT-LINKED,XLON
T-0004333,O-0004333,2026-08-25T10:31:23.050000Z,NOVA.L,SELL,5003,42.0267,A-882,CLIENT-LINKED,XLON
T-0004334,O-0004334,2026-08-25T10:31:23.900000Z,LIQD.P,BUY,6771,42.02,A-214,CLIENT-14,XLON
T-0004335,O-0004335,2026-08-25T10:31:24.750000Z,NOVA.L,SELL,4676,42.0384,A-215,CLIENT-15,XLON
T-0004336,O-0004336,2026-08-25T10:31:25.600000Z,ALTO.N,BUY,6698,42.0315,A-216,CLIENT-16,XLON
T-0004337,O-0004337,2026-08-25T10:31:26.450000Z,QUAD.N,SELL,6659,42.0358,A-217,CLIENT-17,XLON
T-0004338,O-0004338,2026-08-25T10:31:27.300000Z,MEGA.O,BUY,5600,42.0395,A-218,CLIENT-18,XLON
T-0004339,O-0004339,2026-08-25T10:31:28.150000Z,LIQD.P,SELL,4239,42.0316,A-219,CLIENT-19,XLON
T-0004340,O-0004340,2026-08-25T10:31:29Z,NOVA.L,BUY,5000,42.0371,A-104,CLIENT-LINKED,XLON
T-0004341,O-0004341,2026-08-25T10:31:29.850000Z,NOVA.L,SELL,5001,42.0396,A-882,CLIENT-LINKED,XLON
T-0004342,O-0004342,2026-08-25T10:31:30.700000Z,NOVA.L,BUY,5002,42.0383,A-104,CLIENT-LINKED,XLON
T-0004343,O-0004343,2026-08-25T10:31:31.550000Z,NOVA.L,SELL,5003,42.0406,A-882,CLIENT-LINKED,XLON
T-0004344,O-0004344,2026-08-25T10:31:32.400000Z,LIQD.P,BUY,4262,42.0532,A-224,CLIENT-24,XLON
T-0004345,O-0004345,2026-08-25T10:31:33.250000Z,NOVA.L,SELL,5087,42.0425,A-225,CLIENT-25,XLON
T-0004346,O-0004346,2026-08-25T10:31:34.100000Z,ALTO.N,BUY,4251,42.0524,A-226,CLIENT-26,XLON
T-0004347,O-0004347,2026-08-25T10:31:34.950000Z,QUAD.N,SELL,5830,42.0592,A-227,CLIENT-27,XLON
T-0004348,O-0004348,2026-08-25T10:31:35.800000Z,MEGA.O,BUY,6686,42.0518,A-228,CLIENT-28,XLON
T-0004349,O-0004349,2026-08-25T10:31:36.650000Z,LIQD.P,SELL,6757,42.0488,A-229,CLIENT-29,XLON
T-0004350,O-0004350,2026-08-25T10:31:37.500000Z,NOVA.L,BUY,5000,42.0566,A-104,CLIENT-LINKED,XLON
T-0004351,O-0004351,2026-08-25T10:31:38.350000Z,NOVA.L,SELL,5001,42.0543,A-882,CLIENT-LINKED,XLON
T-0004352,O-0004352,2026-08-25T10:31:39.200000Z,NOVA.L,BUY,5002,42.0597,A-104,CLIENT-LINKED,XLON
T-0004353,O-0004353,2026-08-25T10:31:40.050000Z,NOVA.L,SELL,5003,42.068,A-882,CLIENT-LINKED,XLON
T-0004354,O-0004354,2026-08-25T10:31:40.900000Z,LIQD.P,BUY,5077,42.0717,A-234,CLIENT-34,XLON
T-0004355,O-0004355,2026-08-25T10:31:41.750000Z,NOVA.L,SELL,5618,42.0645,A-235,CLIENT-35,XLON
T-0004356,O-0004356,2026-08-25T10:31:42.600000Z,ALTO.N,BUY,5468,42.0678,A-236,CLIENT-36,XLON
T-0004357,O-0004357,2026-08-25T10:31:43.450000Z,QUAD.N,SELL,5552,42.0678,A-237,CLIENT-37,XLON
T-0004358,O-0004358,2026-08-25T10:31:44.300000Z,MEGA.O,BUY,4085,42.0839,A-238,CLIENT-38,XLON
T-0004359,O-0004359,2026-08-25T10:31:45.150000Z,LIQD.P,SELL,5748,42.0868,A-239,CLIENT-39,XLON
T-0004360,O-0004360,2026-08-25T10:31:46Z,NOVA.L,BUY,5000,42.0773,A-104,CLIENT-LINKED,XLON
T-0004361,O-0004361,2026-08-25T10:31:46.850000Z,NOVA.L,SELL,5001,42.0723,A-882,CLIENT-LINKED,XLON
T-0004362,O-0004362,2026-08-25T10:31:47.700000Z,NOVA.L,BUY,5002,42.0875,A-104,CLIENT-LINKED,XLON
T-0004363,O-0004363,2026-08-25T10:31:48.550000Z,NOVA.L,SELL,5003,42.0894,A-882,CLIENT-LINKED,XLON
T-0004364,O-0004364,2026-08-25T10:31:49.400000Z,LIQD.P,BUY,5423,42.0868,A-244,CLIENT-44,XLON
T-0004365,O-0004365,2026-08-25T10:31:50.250000Z,NOVA.L,SELL,6497,42.0935,A-245,CLIENT-45,XLON
T-0004366,O-0004366,2026-08-25T10:31:51.100000Z,ALTO.N,BUY,4288,42.0849,A-246,CLIENT-46,XLON
T-0004367,O-0004367,2026-08-25T10:31:51.950000Z,QUAD.N,SELL,5440,42.0979,A-247,CLIENT-47,XLON
T-0004368,O-0004368,2026-08-25T10:31:52.800000Z,MEGA.O,BUY,4216,42.1008,A-248,CLIENT-48,XLON
T-0004369,O-0004369,2026-08-25T10:31:53.650000Z,LIQD.P,SELL,4491,42.0893,A-249,CLIENT-49,XLON
T-0004370,O-0004370,2026-08-25T10:31:54.500000Z,NOVA.L,BUY,5000,42.1095,A-104,CLIENT-LINKED,XLON
T-0004371,O-0004371,2026-08-25T10:31:55.350000Z,NOVA.L,SELL,5001,42.0988,A-882,CLIENT-LINKED,XLON
T-0004372,O-0004372,2026-08-25T10:31:56.200000Z,NOVA.L,BUY,5002,42.1059,A-104,CLIENT-LINKED,XLON
T-0004373,O-0004373,2026-08-25T10:31:57.050000Z,NOVA.L,SELL,5003,42.1158,A-882,CLIENT-LINKED,XLON
T-0004374,O-0004374,2026-08-25T10:31:57.900000Z,LIQD.P,BUY,4302,42.1027,A-254,CLIENT-54,XLON
T-0004375,O-0004375,2026-08-25T10:31:58.750000Z,NOVA.L,SELL,5539,42.1145,A-255,CLIENT-55,XLON
T-0004376,O-0004376,2026-08-25T10:31:59.600000Z,ALTO.N,BUY,4940,42.1173,A-256,CLIENT-56,XLON
T-0004377,O-0004377,2026-08-25T10:32:00.450000Z,QUAD.N,SELL,6183,42.1159,A-257,CLIENT-57,XLON
T-0004378,O-0004378,2026-08-25T10:32:01.300000Z,MEGA.O,BUY,6437,42.1249,A-258,CLIENT-58,XLON
T-0004379,O-0004379,2026-08-25T10:32:02.150000Z,LIQD.P,SELL,5258,42.1175,A-259,CLIENT-59,XLON
T-0004380,O-0004380,2026-08-25T10:32:03Z,NOVA.L,BUY,5000,42.1221,A-104,CLIENT-LINKED,XLON
T-0004381,O-0004381,2026-08-25T10:32:03.850000Z,NOVA.L,SELL,5001,42.1201,A-882,CLIENT-LINKED,XLON
T-0004382,O-0004382,2026-08-25T10:32:04.700000Z,NOVA.L,BUY,5002,42.1237,A-104,CLIENT-LINKED,XLON
T-0004383,O-0004383,2026-08-25T10:32:05.550000Z,NOVA.L,SELL,5003,42.1216,A-882,CLIENT-LINKED,XLON
T-0004384,O-0004384,2026-08-25T10:32:06.400000Z,LIQD.P,BUY,5662,42.1202,A-204,CLIENT-4,XLON
T-0004385,O-0004385,2026-08-25T10:32:07.250000Z,NOVA.L,SELL,4826,42.1298,A-205,CLIENT-5,XLON
T-0004386,O-0004386,2026-08-25T10:32:08.100000Z,ALTO.N,BUY,4745,42.1346,A-206,CLIENT-6,XLON
T-0004387,O-0004387,2026-08-25T10:32:08.950000Z,QUAD.N,SELL,4351,42.1246,A-207,CLIENT-7,XLON
T-0004388,O-0004388,2026-08-25T10:32:09.800000Z,MEGA.O,BUY,4016,42.1426,A-208,CLIENT-8,XLON
T-0004389,O-0004389,2026-08-25T10:32:10.650000Z,LIQD.P,SELL,5840,42.1416,A-209,CLIENT-9,XLON
T-0004390,O-0004390,2026-08-25T10:32:11.500000Z,NOVA.L,BUY,5000,42.1494,A-104,CLIENT-LINKED,XLON
T-0004391,O-0004391,2026-08-25T10:32:12.350000Z,NOVA.L,SELL,5001,42.1397,A-882,CLIENT-LINKED,XLON
T-0004392,O-0004392,2026-08-25T10:32:13.200000Z,NOVA.L,BUY,5002,42.1476,A-104,CLIENT-LINKED,XLON
T-0004393,O-0004393,2026-08-25T10:32:14.050000Z,NOVA.L,SELL,5003,42.1391,A-882,CLIENT-LINKED,XLON
T-0004394,O-0004394,2026-08-25T10:32:14.900000Z,LIQD.P,BUY,6347,42.1505,A-214,CLIENT-14,XLON
T-0004395,O-0004395,2026-08-25T10:32:15.750000Z,NOVA.L,SELL,4113,42.1532,A-215,CLIENT-15,XLON
T-0004396,O-0004396,2026-08-25T10:32:16.600000Z,ALTO.N,BUY,5929,42.1574,A-216,CLIENT-16,XLON
T-0004397,O-0004397,2026-08-25T10:32:17.450000Z,QUAD.N,SELL,5708,42.148,A-217,CLIENT-17,XLON
T-0004398,O-0004398,2026-08-25T10:32:18.300000Z,MEGA.O,BUY,6511,42.156,A-218,CLIENT-18,XLON
T-0004399,O-0004399,2026-08-25T10:32:19.150000Z,LIQD.P,SELL,5867,42.1532,A-219,CLIENT-19,XLON
T-0004400,O-0004400,2026-08-25T10:32:20Z,NOVA.L,BUY,5000,41.9969,A-104,CLIENT-LINKED,XLON
T-0004401,O-0004401,2026-08-25T10:32:20.850000Z,NOVA.L,SELL,5001,42.0092,A-882,CLIENT-LINKED,XLON
T-0004402,O-0004402,2026-08-25T10:32:21.700000Z,NOVA.L,BUY,5002,42.0049,A-104,CLIENT-LINKED,XLON
T-0004403,O-0004403,2026-08-25T10:32:22.550000Z,NOVA.L,SELL,5003,42.0151,A-882,CLIENT-LINKED,XLON
T-0004404,O-0004404,2026-08-25T10:32:23.400000Z,LIQD.P,BUY,3929,42.0178,A-224,CLIENT-24,XLON
T-0004405,O-0004405,2026-08-25T10:32:24.250000Z,NOVA.L,SELL,4287,42.0077,A-225,CLIENT-25,XLON
T-0004406,O-0004406,2026-08-25T10:32:25.100000Z,ALTO.N,BUY,5088,42.0191,A-226,CLIENT-26,XLON
T-0004407,O-0004407,2026-08-25T10:32:25.950000Z,QUAD.N,SELL,5612,42.0132,A-227,CLIENT-27,XLON
T-0004408,O-0004408,2026-08-25T10:32:26.800000Z,MEGA.O,BUY,3934,42.0095,A-228,CLIENT-28,XLON
T-0004409,O-0004409,2026-08-25T10:32:27.650000Z,LIQD.P,SELL,6500,42.0252,A-229,CLIENT-29,XLON
T-0004410,O-0004410,2026-08-25T10:32:28.500000Z,NOVA.L,BUY,5000,42.0161,A-104,CLIENT-LINKED,XLON
T-0004411,O-0004411,2026-08-25T10:32:29.350000Z,NOVA.L,SELL,5001,42.0261,A-882,CLIENT-LINKED,XLON
T-0004412,O-0004412,2026-08-25T10:32:30.200000Z,NOVA.L,BUY,5002,42.0238,A-104,CLIENT-LINKED,XLON
T-0004413,O-0004413,2026-08-25T10:32:31.050000Z,NOVA.L,SELL,5003,42.0187,A-882,CLIENT-LINKED,XLON
T-0004414,O-0004414,2026-08-25T10:32:31.900000Z,LIQD.P,BUY,6731,42.0258,A-234,CLIENT-34,XLON
T-0004415,O-0004415,2026-08-25T10:32:32.750000Z,NOVA.L,SELL,4248,42.0314,A-235,CLIENT-35,XLON
T-0004416,O-0004416,2026-08-25T10:32:33.600000Z,ALTO.N,BUY,5809,42.0352,A-236,CLIENT-36,XLON
T-0004417,O-0004417,2026-08-25T10:32:34.450000Z,QUAD.N,SELL,6607,42.0348,A-237,CLIENT-37,XLON
T-0004418,O-0004418,2026-08-25T10:32:35.300000Z,MEGA.O,BUY,5724,42.0355,A-238,CLIENT-38,XLON
T-0004419,O-0004419,2026-08-25T10:32:36.150000Z,LIQD.P,SELL,4440,42.0381,A-239,CLIENT-39,XLON
T-0004420,O-0004420,2026-08-25T10:32:37Z,NOVA.L,BUY,5000,42.0378,A-104,CLIENT-LINKED,XLON
T-0004421,O-0004421,2026-08-25T10:32:37.850000Z,NOVA.L,SELL,5001,42.0419,A-882,CLIENT-LINKED,XLON
T-0004422,O-0004422,2026-08-25T10:32:38.700000Z,NOVA.L,BUY,5002,42.0534,A-104,CLIENT-LINKED,XLON
T-0004423,O-0004423,2026-08-25T10:32:39.550000Z,NOVA.L,SELL,5003,42.0483,A-882,CLIENT-LINKED,XLON
T-0004424,O-0004424,2026-08-25T10:32:40.400000Z,LIQD.P,BUY,5244,42.0533,A-244,CLIENT-44,XLON
T-0004425,O-0004425,2026-08-25T10:32:41.250000Z,NOVA.L,SELL,4965,42.0464,A-245,CLIENT-45,XLON
T-0004426,O-0004426,2026-08-25T10:32:42.100000Z,ALTO.N,BUY,3915,42.0538,A-246,CLIENT-46,XLON
T-0004427,O-0004427,2026-08-25T10:32:42.950000Z,QUAD.N,SELL,4325,42.0607,A-247,CLIENT-47,XLON
T-0004428,O-0004428,2026-08-25T10:32:43.800000Z,MEGA.O,BUY,5228,42.0622,A-248,CLIENT-48,XLON
T-0004429,O-0004429,2026-08-25T10:32:44.650000Z,LIQD.P,SELL,6191,42.0485,A-249,CLIENT-49,XLON
T-0004430,O-0004430,2026-08-25T10:32:45.500000Z,NOVA.L,BUY,5000,42.0678,A-104,CLIENT-LINKED,XLON
T-0004431,O-0004431,2026-08-25T10:32:46.350000Z,NOVA.L,SELL,5001,42.0588,A-882,CLIENT-LINKED,XLON
T-0004432,O-0004432,2026-08-25T10:32:47.200000Z,NOVA.L,BUY,5002,42.0559,A-104,CLIENT-LINKED,XLON
T-0004433,O-0004433,2026-08-25T10:32:48.050000Z,NOVA.L,SELL,5003,42.0629,A-882,CLIENT-LINKED,XLON
T-0004434,O-0004434,2026-08-25T10:32:48.900000Z,LIQD.P,BUY,5263,42.0662,A-254,CLIENT-54,XLON
T-0004435,O-0004435,2026-08-25T10:32:49.750000Z,NOVA.L,SELL,4031,42.0732,A-255,CLIENT-55,XLON
T-0004436,O-0004436,2026-08-25T10:32:50.600000Z,ALTO.N,BUY,4814,42.0667,A-256,CLIENT-56,XLON
T-0004437,O-0004437,2026-08-25T10:32:51.450000Z,QUAD.N,SELL,5078,42.0759,A-257,CLIENT-57,XLON
T-0004438,O-0004438,2026-08-25T10:32:52.300000Z,MEGA.O,BUY,6618,42.0673,A-258,CLIENT-58,XLON
T-0004439,O-0004439,2026-08-25T10:32:53.150000Z,LIQD.P,SELL,5048,42.0703,A-259,CLIENT-59,XLON
T-0004440,O-0004440,2026-08-25T10:32:54Z,NOVA.L,BUY,5000,42.0734,A-104,CLIENT-LINKED,XLON
T-0004441,O-0004441,2026-08-25T10:32:54.850000Z,NOVA.L,SELL,5001,42.0828,A-882,CLIENT-LINKED,XLON
T-0004442,O-0004442,2026-08-25T10:32:55.700000Z,NOVA.L,BUY,5002,42.0747,A-104,CLIENT-LINKED,XLON
T-0004443,O-0004443,2026-08-25T10:32:56.550000Z,NOVA.L,SELL,5003,42.0892,A-882,CLIENT-LINKED,XLON
T-0004444,O-0004444,2026-08-25T10:32:57.400000Z,LIQD.P,BUY,5530,42.0894,A-204,CLIENT-4,XLON
T-0004445,O-0004445,2026-08-25T10:32:58.250000Z,NOVA.L,SELL,5525,42.0853,A-205,CLIENT-5,XLON
T-0004446,O-0004446,2026-08-25T10:32:59.100000Z,ALTO.N,BUY,6650,42.0914,A-206,CLIENT-6,XLON
T-0004447,O-0004447,2026-08-25T10:32:59.950000Z,QUAD.N,SELL,3891,42.1037,A-207,CLIENT-7,XLON
T-0004448,O-0004448,2026-08-25T10:33:00.800000Z,MEGA.O,BUY,5347,42.0974,A-208,CLIENT-8,XLON
T-0004449,O-0004449,2026-08-25T10:33:01.650000Z,LIQD.P,SELL,5120,42.0995,A-209,CLIENT-9,XLON
T-0004450,O-0004450,2026-08-25T10:33:02.500000Z,NOVA.L,BUY,5000,42.1062,A-104,CLIENT-LINKED,XLON
T-0004451,O-0004451,2026-08-25T10:33:03.350000Z,NOVA.L,SELL,5001,42.094,A-882,CLIENT-LINKED,XLON
T-0004452,O-0004452,2026-08-25T10:33:04.200000Z,NOVA.L,BUY,5002,42.1075,A-104,CLIENT-LINKED,XLON
T-0004453,O-0004453,2026-08-25T10:33:05.050000Z,NOVA.L,SELL,5003,42.1027,A-882,CLIENT-LINKED,XLON
T-0004454,O-0004454,2026-08-25T10:33:05.900000Z,LIQD.P,BUY,5859,42.1142,A-214,CLIENT-14,XLON
T-0004455,O-0004455,2026-08-25T10:33:06.750000Z,NOVA.L,SELL,6533,42.1068,A-215,CLIENT-15,XLON
T-0004456,O-0004456,2026-08-25T10:33:07.600000Z,ALTO.N,BUY,6318,42.108,A-216,CLIENT-16,XLON
T-0004457,O-0004457,2026-08-25T10:33:08.450000Z,QUAD.N,SELL,5585,42.108,A-217,CLIENT-17,XLON
T-0004458,O-0004458,2026-08-25T10:33:09.300000Z,MEGA.O,BUY,6402,42.1229,A-218,CLIENT-18,XLON
T-0004459,O-0004459,2026-08-25T10:33:10.150000Z,LIQD.P,SELL,4108,42.1248,A-219,CLIENT-19,XLON
T-0004460,O-0004460,2026-08-25T10:33:11Z,NOVA.L,BUY,5000,42.1207,A-104,CLIENT-LINKED,XLON
T-0004461,O-0004461,2026-08-25T10:33:11.850000Z,NOVA.L,SELL,5001,42.1177,A-882,CLIENT-LINKED,XLON
T-0004462,O-0004462,2026-08-25T10:33:12.700000Z,NOVA.L,BUY,5002,42.115,A-104,CLIENT-LINKED,XLON
T-0004463,O-0004463,2026-08-25T10:33:13.550000Z,NOVA.L,SELL,5003,42.1359,A-882,CLIENT-LINKED,XLON
T-0004464,O-0004464,2026-08-25T10:33:14.400000Z,LIQD.P,BUY,5446,42.1341,A-224,CLIENT-24,XLON
T-0004465,O-0004465,2026-08-25T10:33:15.250000Z,NOVA.L,SELL,6358,42.1349,A-225,CLIENT-25,XLON
T-0004466,O-0004466,2026-08-25T10:33:16.100000Z,ALTO.N,BUY,4176,42.1364,A-226,CLIENT-26,XLON
T-0004467,O-0004467,2026-08-25T10:33:16.950000Z,QUAD.N,SELL,6168,42.1259,A-227,CLIENT-27,XLON
T-0004468,O-0004468,2026-08-25T10:33:17.800000Z,MEGA.O,BUY,5179,42.1315,A-228,CLIENT-28,XLON
T-0004469,O-0004469,2026-08-25T10:33:18.650000Z,LIQD.P,SELL,6120,42.144,A-229,CLIENT-29,XLON
T-0004470,O-0004470,2026-08-25T10:33:19.500000Z,NOVA.L,BUY,5000,42.1395,A-104,CLIENT-LINKED,XLON
T-0004471,O-0004471,2026-08-25T10:33:20.350000Z,NOVA.L,SELL,5001,42.1362,A-882,CLIENT-LINKED,XLON
T-0004472,O-0004472,2026-08-25T10:33:21.200000Z,NOVA.L,BUY,5002,42.1499,A-104,CLIENT-LINKED,XLON
T-0004473,O-0004473,2026-08-25T10:33:22.050000Z,NOVA.L,SELL,5003,42.149,A-882,CLIENT-LINKED,XLON
T-0004474,O-0004474,2026-08-25T10:33:22.900000Z,LIQD.P,BUY,5036,42.1481,A-234,CLIENT-34,XLON
T-0004475,O-0004475,2026-08-25T10:33:23.750000Z,NOVA.L,SELL,5028,42.1487,A-235,CLIENT-35,XLON
T-0004476,O-0004476,2026-08-25T10:33:24.600000Z,ALTO.N,BUY,6011,42.1483,A-236,CLIENT-36,XLON
T-0004477,O-0004477,2026-08-25T10:33:25.450000Z,QUAD.N,SELL,5497,42.152,A-237,CLIENT-37,XLON
T-0004478,O-0004478,2026-08-25T10:33:26.300000Z,MEGA.O,BUY,6359,42.1563,A-238,CLIENT-38,XLON
T-0004479,O-0004479,2026-08-25T10:33:27.150000Z,LIQD.P,SELL,6550,42.1633,A-239,CLIENT-39,XLON
T-0004480,O-0004480,2026-08-25T10:33:28Z,NOVA.L,BUY,5000,41.9936,A-104,CLIENT-LINKED,XLON
T-0004481,O-0004481,2026-08-25T10:33:28.850000Z,NOVA.L,SELL,5001,41.9924,A-882,CLIENT-LINKED,XLON
T-0004482,O-0004482,2026-08-25T10:33:29.700000Z,NOVA.L,BUY,5002,42.0081,A-104,CLIENT-LINKED,XLON
T-0004483,O-0004483,2026-08-25T10:33:30.550000Z,NOVA.L,SELL,5003,42.0133,A-882,CLIENT-LINKED,XLON
T-0004484,O-0004484,2026-08-25T10:33:31.400000Z,LIQD.P,BUY,6162,42.008,A-244,CLIENT-44,XLON
T-0004485,O-0004485,2026-08-25T10:33:32.250000Z,NOVA.L,SELL,6506,42.0192,A-245,CLIENT-45,XLON
T-0004486,O-0004486,2026-08-25T10:33:33.100000Z,ALTO.N,BUY,5714,42.0074,A-246,CLIENT-46,XLON
T-0004487,O-0004487,2026-08-25T10:33:33.950000Z,QUAD.N,SELL,6412,42.0147,A-247,CLIENT-47,XLON
T-0004488,O-0004488,2026-08-25T10:33:34.800000Z,MEGA.O,BUY,6316,42.0231,A-248,CLIENT-48,XLON
T-0004489,O-0004489,2026-08-25T10:33:35.650000Z,LIQD.P,SELL,5576,42.0267,A-249,CLIENT-49,XLON
T-0004490,O-0004490,2026-08-25T10:33:36.500000Z,NOVA.L,BUY,5000,42.0245,A-104,CLIENT-LINKED,XLON
T-0004491,O-0004491,2026-08-25T10:33:37.350000Z,NOVA.L,SELL,5001,42.0132,A-882,CLIENT-LINKED,XLON
T-0004492,O-0004492,2026-08-25T10:33:38.200000Z,NOVA.L,BUY,5002,42.018,A-104,CLIENT-LINKED,XLON
T-0004493,O-0004493,2026-08-25T10:33:39.050000Z,NOVA.L,SELL,5003,42.0252,A-882,CLIENT-LINKED,XLON
T-0004494,O-0004494,2026-08-25T10:33:39.900000Z,LIQD.P,BUY,4784,42.021,A-254,CLIENT-54,XLON
T-0004495,O-0004495,2026-08-25T10:33:40.750000Z,NOVA.L,SELL,6607,42.0353,A-255,CLIENT-55,XLON
T-0004496,O-0004496,2026-08-25T10:33:41.600000Z,ALTO.N,BUY,5583,42.0302,A-256,CLIENT-56,XLON
T-0004497,O-0004497,2026-08-25T10:33:42.450000Z,QUAD.N,SELL,4063,42.0367,A-257,CLIENT-57,XLON
T-0004498,O-0004498,2026-08-25T10:33:43.300000Z,MEGA.O,BUY,5489,42.0313,A-258,CLIENT-58,XLON
T-0004499,O-0004499,2026-08-25T10:33:44.150000Z,LIQD.P,SELL,4975,42.0409,A-259,CLIENT-59,XLON
T-0004500,O-0004500,2026-08-25T10:33:45Z,NOVA.L,BUY,5000,42.0351,A-104,CLIENT-LINKED,XLON
T-0004501,O-0004501,2026-08-25T10:33:45.850000Z,NOVA.L,SELL,5001,42.044,A-882,CLIENT-LINKED,XLON
T-0004502,O-0004502,2026-08-25T10:33:46.700000Z,NOVA.L,BUY,5002,42.0421,A-104,CLIENT-LINKED,XLON
T-0004503,O-0004503,2026-08-25T10:33:47.550000Z,NOVA.L,SELL,5003,42.0383,A-882,CLIENT-LINKED,XLON
T-0004504,O-0004504,2026-08-25T10:33:48.400000Z,LIQD.P,BUY,4586,42.0386,A-204,CLIENT-4,XLON
T-0004505,O-0004505,2026-08-25T10:33:49.250000Z,NOVA.L,SELL,5071,42.0493,A-205,CLIENT-5,XLON
T-0004506,O-0004506,2026-08-25T10:33:50.100000Z,ALTO.N,BUY,6093,42.0618,A-206,CLIENT-6,XLON
T-0004507,O-0004507,2026-08-25T10:33:50.950000Z,QUAD.N,SELL,5528,42.0569,A-207,CLIENT-7,XLON
T-0004508,O-0004508,2026-08-25T10:33:51.800000Z,MEGA.O,BUY,3951,42.05,A-208,CLIENT-8,XLON
T-0004509,O-0004509,2026-08-25T10:33:52.650000Z,LIQD.P,SELL,4917,42.0507,A-209,CLIENT-9,XLON
T-0004510,O-0004510,2026-08-25T10:33:53.500000Z,NOVA.L,BUY,5000,42.0552,A-104,CLIENT-LINKED,XLON
T-0004511,O-0004511,2026-08-25T10:33:54.350000Z,NOVA.L,SELL,5001,42.0681,A-882,CLIENT-LINKED,XLON
T-0004512,O-0004512,2026-08-25T10:33:55.200000Z,NOVA.L,BUY,5002,42.0672,A-104,CLIENT-LINKED,XLON
T-0004513,O-0004513,2026-08-25T10:33:56.050000Z,NOVA.L,SELL,5003,42.0595,A-882,CLIENT-LINKED,XLON
T-0004514,O-0004514,2026-08-25T10:33:56.900000Z,LIQD.P,BUY,3972,42.0773,A-214,CLIENT-14,XLON
T-0004515,O-0004515,2026-08-25T10:33:57.750000Z,NOVA.L,SELL,5790,42.0756,A-215,CLIENT-15,XLON
T-0004516,O-0004516,2026-08-25T10:33:58.600000Z,ALTO.N,BUY,4026,42.0792,A-216,CLIENT-16,XLON
T-0004517,O-0004517,2026-08-25T10:33:59.450000Z,QUAD.N,SELL,4143,42.0703,A-217,CLIENT-17,XLON
T-0004518,O-0004518,2026-08-25T10:34:00.300000Z,MEGA.O,BUY,5020,42.0833,A-218,CLIENT-18,XLON
T-0004519,O-0004519,2026-08-25T10:34:01.150000Z,LIQD.P,SELL,5467,42.0859,A-219,CLIENT-19,XLON
T-0004520,O-0004520,2026-08-25T10:34:02Z,NOVA.L,BUY,5000,42.0834,A-104,CLIENT-LINKED,XLON
T-0004521,O-0004521,2026-08-25T10:34:02.850000Z,NOVA.L,SELL,5001,42.0897,A-882,CLIENT-LINKED,XLON
T-0004522,O-0004522,2026-08-25T10:34:03.700000Z,NOVA.L,BUY,5002,42.0819,A-104,CLIENT-LINKED,XLON
T-0004523,O-0004523,2026-08-25T10:34:04.550000Z,NOVA.L,SELL,5003,42.0928,A-882,CLIENT-LINKED,XLON
T-0004524,O-0004524,2026-08-25T10:34:05.400000Z,LIQD.P,BUY,4375,42.0827,A-224,CLIENT-24,XLON
T-0004525,O-0004525,2026-08-25T10:34:06.250000Z,NOVA.L,SELL,6138,42.0947,A-225,CLIENT-25,XLON
T-0004526,O-0004526,2026-08-25T10:34:07.100000Z,ALTO.N,BUY,4294,42.0924,A-226,CLIENT-26,XLON
T-0004527,O-0004527,2026-08-25T10:34:07.950000Z,QUAD.N,SELL,6177,42.103,A-227,CLIENT-27,XLON
T-0004528,O-0004528,2026-08-25T10:34:08.800000Z,MEGA.O,BUY,5951,42.091,A-228,CLIENT-28,XLON
T-0004529,O-0004529,2026-08-25T10:34:09.650000Z,LIQD.P,SELL,4169,42.0928,A-229,CLIENT-29,XLON
T-0004530,O-0004530,2026-08-25T10:34:10.500000Z,NOVA.L,BUY,5000,42.0924,A-104,CLIENT-LINKED,XLON
T-0004531,O-0004531,2026-08-25T10:34:11.350000Z,NOVA.L,SELL,5001,42.1081,A-882,CLIENT-LINKED,XLON
T-0004532,O-0004532,2026-08-25T10:34:12.200000Z,NOVA.L,BUY,5002,42.1006,A-104,CLIENT-LINKED,XLON
T-0004533,O-0004533,2026-08-25T10:34:13.050000Z,NOVA.L,SELL,5003,42.1077,A-882,CLIENT-LINKED,XLON
T-0004534,O-0004534,2026-08-25T10:34:13.900000Z,LIQD.P,BUY,5397,42.1141,A-234,CLIENT-34,XLON
T-0004535,O-0004535,2026-08-25T10:34:14.750000Z,NOVA.L,SELL,4766,42.1187,A-235,CLIENT-35,XLON
T-0004536,O-0004536,2026-08-25T10:34:15.600000Z,ALTO.N,BUY,4692,42.1049,A-236,CLIENT-36,XLON
T-0004537,O-0004537,2026-08-25T10:34:16.450000Z,QUAD.N,SELL,4517,42.1083,A-237,CLIENT-37,XLON
T-0004538,O-0004538,2026-08-25T10:34:17.300000Z,MEGA.O,BUY,4924,42.1148,A-238,CLIENT-38,XLON
T-0004539,O-0004539,2026-08-25T10:34:18.150000Z,LIQD.P,SELL,4841,42.1253,A-239,CLIENT-39,XLON
T-0004540,O-0004540,2026-08-25T10:34:19Z,NOVA.L,BUY,5000,42.1111,A-104,CLIENT-LINKED,XLON
T-0004541,O-0004541,2026-08-25T10:34:19.850000Z,NOVA.L,SELL,5001,42.1227,A-882,CLIENT-LINKED,XLON
T-0004542,O-0004542,2026-08-25T10:34:20.700000Z,NOVA.L,BUY,5002,42.128,A-104,CLIENT-LINKED,XLON
T-0004543,O-0004543,2026-08-25T10:34:21.550000Z,NOVA.L,SELL,5003,42.1183,A-882,CLIENT-LINKED,XLON
T-0004544,O-0004544,2026-08-25T10:34:22.400000Z,LIQD.P,BUY,6035,42.1265,A-244,CLIENT-44,XLON
T-0004545,O-0004545,2026-08-25T10:34:23.250000Z,NOVA.L,SELL,6596,42.1249,A-245,CLIENT-45,XLON
T-0004546,O-0004546,2026-08-25T10:34:24.100000Z,ALTO.N,BUY,4937,42.1396,A-246,CLIENT-46,XLON
T-0004547,O-0004547,2026-08-25T10:34:24.950000Z,QUAD.N,SELL,4393,42.1313,A-247,CLIENT-47,XLON
T-0004548,O-0004548,2026-08-25T10:34:25.800000Z,MEGA.O,BUY,6731,42.1334,A-248,CLIENT-48,XLON
T-0004549,O-0004549,2026-08-25T10:34:26.650000Z,LIQD.P,SELL,5062,42.1284,A-249,CLIENT-49,XLON
T-0004550,O-0004550,2026-08-25T10:34:27.500000Z,NOVA.L,BUY,5000,42.1493,A-104,CLIENT-LINKED,XLON
T-0004551,O-0004551,2026-08-25T10:34:28.350000Z,NOVA.L,SELL,5001,42.1441,A-882,CLIENT-LINKED,XLON
T-0004552,O-0004552,2026-08-25T10:34:29.200000Z,NOVA.L,BUY,5002,42.1508,A-104,CLIENT-LINKED,XLON
T-0004553,O-0004553,2026-08-25T10:34:30.050000Z,NOVA.L,SELL,5003,42.1492,A-882,CLIENT-LINKED,XLON
T-0004554,O-0004554,2026-08-25T10:34:30.900000Z,LIQD.P,BUY,4023,42.1518,A-254,CLIENT-54,XLON
T-0004555,O-0004555,2026-08-25T10:34:31.750000Z,NOVA.L,SELL,6550,42.1448,A-255,CLIENT-55,XLON
T-0004556,O-0004556,2026-08-25T10:34:32.600000Z,ALTO.N,BUY,6063,42.1497,A-256,CLIENT-56,XLON
T-0004557,O-0004557,2026-08-25T10:34:33.450000Z,QUAD.N,SELL,6417,42.1632,A-257,CLIENT-57,XLON
T-0004558,O-0004558,2026-08-25T10:34:34.300000Z,MEGA.O,BUY,5286,42.1641,A-258,CLIENT-58,XLON
T-0004559,O-0004559,2026-08-25T10:34:35.150000Z,LIQD.P,SELL,6606,42.1504,A-259,CLIENT-59,XLON
T-0004560,O-0004560,2026-08-25T10:34:36Z,NOVA.L,BUY,5000,42.0073,A-104,CLIENT-LINKED,XLON
T-0004561,O-0004561,2026-08-25T10:34:36.850000Z,NOVA.L,SELL,5001,42.0092,A-882,CLIENT-LINKED,XLON
T-0004562,O-0004562,2026-08-25T10:34:37.700000Z,NOVA.L,BUY,5002,42.0018,A-104,CLIENT-LINKED,XLON
T-0004563,O-0004563,2026-08-25T10:34:38.550000Z,NOVA.L,SELL,5003,42.0142,A-882,CLIENT-LINKED,XLON
T-0004564,O-0004564,2026-08-25T10:34:39.400000Z,LIQD.P,BUY,5409,42.0166,A-204,CLIENT-4,XLON
T-0004565,O-0004565,2026-08-25T10:34:40.250000Z,NOVA.L,SELL,4846,42.006,A-205,CLIENT-5,XLON
T-0004566,O-0004566,2026-08-25T10:34:41.100000Z,ALTO.N,BUY,4764,42.0079,A-206,CLIENT-6,XLON
T-0004567,O-0004567,2026-08-25T10:34:41.950000Z,QUAD.N,SELL,4456,42.0223,A-207,CLIENT-7,XLON
T-0004568,O-0004568,2026-08-25T10:34:42.800000Z,MEGA.O,BUY,6386,42.0123,A-208,CLIENT-8,XLON
T-0004569,O-0004569,2026-08-25T10:34:43.650000Z,LIQD.P,SELL,6439,42.0161,A-209,CLIENT-9,XLON
T-0004570,O-0004570,2026-08-25T10:34:44.500000Z,NOVA.L,BUY,5000,42.0107,A-104,CLIENT-LINKED,XLON
T-0004571,O-0004571,2026-08-25T10:34:45.350000Z,NOVA.L,SELL,5001,42.0293,A-882,CLIENT-LINKED,XLON
T-0004572,O-0004572,2026-08-25T10:34:46.200000Z,NOVA.L,BUY,5002,42.0305,A-104,CLIENT-LINKED,XLON
T-0004573,O-0004573,2026-08-25T10:34:47.050000Z,NOVA.L,SELL,5003,42.0348,A-882,CLIENT-LINKED,XLON
T-0004574,O-0004574,2026-08-25T10:34:47.900000Z,LIQD.P,BUY,5729,42.0327,A-214,CLIENT-14,XLON
T-0004575,O-0004575,2026-08-25T10:34:48.750000Z,NOVA.L,SELL,5162,42.0343,A-215,CLIENT-15,XLON
T-0004576,O-0004576,2026-08-25T10:34:49.600000Z,ALTO.N,BUY,4211,42.0385,A-216,CLIENT-16,XLON
T-0004577,O-0004577,2026-08-25T10:34:50.450000Z,QUAD.N,SELL,6660,42.0292,A-217,CLIENT-17,XLON
T-0004578,O-0004578,2026-08-25T10:34:51.300000Z,MEGA.O,BUY,4071,42.033,A-218,CLIENT-18,XLON
T-0004579,O-0004579,2026-08-25T10:34:52.150000Z,LIQD.P,SELL,6266,42.0426,A-219,CLIENT-19,XLON
T-0004580,O-0004580,2026-08-25T10:34:53Z,NOVA.L,BUY,5000,42.041,A-104,CLIENT-LINKED,XLON
T-0004581,O-0004581,2026-08-25T10:34:53.850000Z,NOVA.L,SELL,5001,42.0385,A-882,CLIENT-LINKED,XLON
T-0004582,O-0004582,2026-08-25T10:34:54.700000Z,NOVA.L,BUY,5002,42.0479,A-104,CLIENT-LINKED,XLON
T-0004583,O-0004583,2026-08-25T10:34:55.550000Z,NOVA.L,SELL,5003,42.0512,A-882,CLIENT-LINKED,XLON
T-0004584,O-0004584,2026-08-25T10:34:56.400000Z,LIQD.P,BUY,6427,42.0508,A-224,CLIENT-24,XLON
T-0004585,O-0004585,2026-08-25T10:34:57.250000Z,NOVA.L,SELL,6381,42.0489,A-225,CLIENT-25,XLON
T-0004586,O-0004586,2026-08-25T10:34:58.100000Z,ALTO.N,BUY,6425,42.0447,A-226,CLIENT-26,XLON
T-0004587,O-0004587,2026-08-25T10:34:58.950000Z,QUAD.N,SELL,5441,42.048,A-227,CLIENT-27,XLON
T-0004588,O-0004588,2026-08-25T10:34:59.800000Z,MEGA.O,BUY,5051,42.0523,A-228,CLIENT-28,XLON
T-0004589,O-0004589,2026-08-25T10:35:00.650000Z,LIQD.P,SELL,4136,42.0502,A-229,CLIENT-29,XLON
T-0004590,O-0004590,2026-08-25T10:35:01.500000Z,NOVA.L,BUY,5000,42.055,A-104,CLIENT-LINKED,XLON
T-0004591,O-0004591,2026-08-25T10:35:02.350000Z,NOVA.L,SELL,5001,42.0663,A-882,CLIENT-LINKED,XLON
T-0004592,O-0004592,2026-08-25T10:35:03.200000Z,NOVA.L,BUY,5002,42.0694,A-104,CLIENT-LINKED,XLON
T-0004593,O-0004593,2026-08-25T10:35:04.050000Z,NOVA.L,SELL,5003,42.069,A-882,CLIENT-LINKED,XLON
T-0004594,O-0004594,2026-08-25T10:35:04.900000Z,LIQD.P,BUY,4332,42.0749,A-234,CLIENT-34,XLON
T-0004595,O-0004595,2026-08-25T10:35:05.750000Z,NOVA.L,SELL,6608,42.0682,A-235,CLIENT-35,XLON
T-0004596,O-0004596,2026-08-25T10:35:06.600000Z,ALTO.N,BUY,5108,42.071,A-236,CLIENT-36,XLON
T-0004597,O-0004597,2026-08-25T10:35:07.450000Z,QUAD.N,SELL,4346,42.0692,A-237,CLIENT-37,XLON
T-0004598,O-0004598,2026-08-25T10:35:08.300000Z,MEGA.O,BUY,6615,42.0779,A-238,CLIENT-38,XLON
T-0004599,O-0004599,2026-08-25T10:35:09.150000Z,LIQD.P,SELL,5141,42.084,A-239,CLIENT-39,XLON
T-0004600,O-0004600,2026-08-25T10:35:10Z,NOVA.L,BUY,5000,42.074,A-104,CLIENT-LINKED,XLON
T-0004601,O-0004601,2026-08-25T10:35:10.850000Z,NOVA.L,SELL,5001,42.0803,A-882,CLIENT-LINKED,XLON
T-0004602,O-0004602,2026-08-25T10:35:11.700000Z,NOVA.L,BUY,5002,42.0776,A-104,CLIENT-LINKED,XLON
T-0004603,O-0004603,2026-08-25T10:35:12.550000Z,NOVA.L,SELL,5003,42.0935,A-882,CLIENT-LINKED,XLON
T-0004604,O-0004604,2026-08-25T10:35:13.400000Z,LIQD.P,BUY,6136,42.0825,A-244,CLIENT-44,XLON
T-0004605,O-0004605,2026-08-25T10:35:14.250000Z,NOVA.L,SELL,3894,42.0985,A-245,CLIENT-45,XLON
T-0004606,O-0004606,2026-08-25T10:35:15.100000Z,ALTO.N,BUY,6450,42.0942,A-246,CLIENT-46,XLON
T-0004607,O-0004607,2026-08-25T10:35:15.950000Z,QUAD.N,SELL,4736,42.1021,A-247,CLIENT-47,XLON
T-0004608,O-0004608,2026-08-25T10:35:16.800000Z,MEGA.O,BUY,5694,42.09,A-248,CLIENT-48,XLON
T-0004609,O-0004609,2026-08-25T10:35:17.650000Z,LIQD.P,SELL,6672,42.105,A-249,CLIENT-49,XLON
T-0004610,O-0004610,2026-08-25T10:35:18.500000Z,NOVA.L,BUY,5000,42.091,A-104,CLIENT-LINKED,XLON
T-0004611,O-0004611,2026-08-25T10:35:19.350000Z,NOVA.L,SELL,5001,42.1044,A-882,CLIENT-LINKED,XLON
T-0004612,O-0004612,2026-08-25T10:35:20.200000Z,NOVA.L,BUY,5002,42.106,A-104,CLIENT-LINKED,XLON
T-0004613,O-0004613,2026-08-25T10:35:21.050000Z,NOVA.L,SELL,5003,42.099,A-882,CLIENT-LINKED,XLON
T-0004614,O-0004614,2026-08-25T10:35:21.900000Z,LIQD.P,BUY,5307,42.1014,A-254,CLIENT-54,XLON
T-0004615,O-0004615,2026-08-25T10:35:22.750000Z,NOVA.L,SELL,6123,42.1023,A-255,CLIENT-55,XLON
T-0004616,O-0004616,2026-08-25T10:35:23.600000Z,ALTO.N,BUY,6743,42.1125,A-256,CLIENT-56,XLON
T-0004617,O-0004617,2026-08-25T10:35:24.450000Z,QUAD.N,SELL,5658,42.1205,A-257,CLIENT-57,XLON
T-0004618,O-0004618,2026-08-25T10:35:25.300000Z,MEGA.O,BUY,5824,42.1084,A-258,CLIENT-58,XLON
T-0004619,O-0004619,2026-08-25T10:35:26.150000Z,LIQD.P,SELL,6722,42.1121,A-259,CLIENT-59,XLON
T-0004620,O-0004620,2026-08-25T10:35:27Z,NOVA.L,BUY,5000,42.1289,A-104,CLIENT-LINKED,XLON
T-0004621,O-0004621,2026-08-25T10:35:27.850000Z,NOVA.L,SELL,5001,42.1283,A-882,CLIENT-LINKED,XLON
T-0004622,O-0004622,2026-08-25T10:35:28.700000Z,NOVA.L,BUY,5002,42.1193,A-104,CLIENT-LINKED,XLON
T-0004623,O-0004623,2026-08-25T10:35:29.550000Z,NOVA.L,SELL,5003,42.1309,A-882,CLIENT-LINKED,XLON
T-0004624,O-0004624,2026-08-25T10:35:30.400000Z,LIQD.P,BUY,5364,42.1206,A-204,CLIENT-4,XLON
T-0004625,O-0004625,2026-08-25T10:35:31.250000Z,NOVA.L,SELL,4646,42.132,A-205,CLIENT-5,XLON
T-0004626,O-0004626,2026-08-25T10:35:32.100000Z,ALTO.N,BUY,4959,42.1365,A-206,CLIENT-6,XLON
T-0004627,O-0004627,2026-08-25T10:35:32.950000Z,QUAD.N,SELL,4575,42.1324,A-207,CLIENT-7,XLON
T-0004628,O-0004628,2026-08-25T10:35:33.800000Z,MEGA.O,BUY,5473,42.1418,A-208,CLIENT-8,XLON
T-0004629,O-0004629,2026-08-25T10:35:34.650000Z,LIQD.P,SELL,3917,42.1338,A-209,CLIENT-9,XLON
T-0004630,O-0004630,2026-08-25T10:35:35.500000Z,NOVA.L,BUY,5000,42.1352,A-104,CLIENT-LINKED,XLON
T-0004631,O-0004631,2026-08-25T10:35:36.350000Z,NOVA.L,SELL,5001,42.1444,A-882,CLIENT-LINKED,XLON
T-0004632,O-0004632,2026-08-25T10:35:37.200000Z,NOVA.L,BUY,5002,42.1521,A-104,CLIENT-LINKED,XLON
T-0004633,O-0004633,2026-08-25T10:35:38.050000Z,NOVA.L,SELL,5003,42.1434,A-882,CLIENT-LINKED,XLON
T-0004634,O-0004634,2026-08-25T10:35:38.900000Z,LIQD.P,BUY,6602,42.1509,A-214,CLIENT-14,XLON
T-0004635,O-0004635,2026-08-25T10:35:39.750000Z,NOVA.L,SELL,4151,42.1402,A-215,CLIENT-15,XLON
T-0004636,O-0004636,2026-08-25T10:35:40.600000Z,ALTO.N,BUY,4345,42.1594,A-216,CLIENT-16,XLON
T-0004637,O-0004637,2026-08-25T10:35:41.450000Z,QUAD.N,SELL,6638,42.152,A-217,CLIENT-17,XLON
T-0004638,O-0004638,2026-08-25T10:35:42.300000Z,MEGA.O,BUY,4669,42.1603,A-218,CLIENT-18,XLON
T-0004639,O-0004639,2026-08-25T10:35:43.150000Z,LIQD.P,SELL,6701,42.1565,A-219,CLIENT-19,XLON
T-0004640,O-0004640,2026-08-25T10:35:44Z,NOVA.L,BUY,5000,42.0019,A-104,CLIENT-LINKED,XLON
T-0004641,O-0004641,2026-08-25T10:35:44.850000Z,NOVA.L,SELL,5001,41.9935,A-882,CLIENT-LINKED,XLON
T-0004642,O-0004642,2026-08-25T10:35:45.700000Z,NOVA.L,BUY,5002,42.0051,A-104,CLIENT-LINKED,XLON
T-0004643,O-0004643,2026-08-25T10:35:46.550000Z,NOVA.L,SELL,5003,41.997,A-882,CLIENT-LINKED,XLON
T-0004644,O-0004644,2026-08-25T10:35:47.400000Z,LIQD.P,BUY,4761,42.0074,A-224,CLIENT-24,XLON
T-0004645,O-0004645,2026-08-25T10:35:48.250000Z,NOVA.L,SELL,5251,42.0199,A-225,CLIENT-25,XLON
T-0004646,O-0004646,2026-08-25T10:35:49.100000Z,ALTO.N,BUY,6547,42.0213,A-226,CLIENT-26,XLON
T-0004647,O-0004647,2026-08-25T10:35:49.950000Z,QUAD.N,SELL,6250,42.0182,A-227,CLIENT-27,XLON
T-0004648,O-0004648,2026-08-25T10:35:50.800000Z,MEGA.O,BUY,3986,42.0061,A-228,CLIENT-28,XLON
T-0004649,O-0004649,2026-08-25T10:35:51.650000Z,LIQD.P,SELL,5866,42.0204,A-229,CLIENT-29,XLON
T-0004650,O-0004650,2026-08-25T10:35:52.500000Z,NOVA.L,BUY,5000,42.0161,A-104,CLIENT-LINKED,XLON
T-0004651,O-0004651,2026-08-25T10:35:53.350000Z,NOVA.L,SELL,5001,42.0199,A-882,CLIENT-LINKED,XLON
T-0004652,O-0004652,2026-08-25T10:35:54.200000Z,NOVA.L,BUY,5002,42.0214,A-104,CLIENT-LINKED,XLON
T-0004653,O-0004653,2026-08-25T10:35:55.050000Z,NOVA.L,SELL,5003,42.0354,A-882,CLIENT-LINKED,XLON
T-0004654,O-0004654,2026-08-25T10:35:55.900000Z,LIQD.P,BUY,6091,42.0188,A-234,CLIENT-34,XLON
T-0004655,O-0004655,2026-08-25T10:35:56.750000Z,NOVA.L,SELL,4534,42.0252,A-235,CLIENT-35,XLON
T-0004656,O-0004656,2026-08-25T10:35:57.600000Z,ALTO.N,BUY,5863,42.0319,A-236,CLIENT-36,XLON
T-0004657,O-0004657,2026-08-25T10:35:58.450000Z,QUAD.N,SELL,5189,42.0416,A-237,CLIENT-37,XLON
T-0004658,O-0004658,2026-08-25T10:35:59.300000Z,MEGA.O,BUY,4340,42.0278,A-238,CLIENT-38,XLON
T-0004659,O-0004659,2026-08-25T10:36:00.150000Z,LIQD.P,SELL,6709,42.0386,A-239,CLIENT-39,XLON
T-0004660,O-0004660,2026-08-25T10:36:01Z,NOVA.L,BUY,5000,42.0328,A-104,CLIENT-LINKED,XLON
T-0004661,O-0004661,2026-08-25T10:36:01.850000Z,NOVA.L,SELL,5001,42.0343,A-882,CLIENT-LINKED,XLON
T-0004662,O-0004662,2026-08-25T10:36:02.700000Z,NOVA.L,BUY,5002,42.0349,A-104,CLIENT-LINKED,XLON
T-0004663,O-0004663,2026-08-25T10:36:03.550000Z,NOVA.L,SELL,5003,42.0386,A-882,CLIENT-LINKED,XLON
T-0004664,O-0004664,2026-08-25T10:36:04.400000Z,LIQD.P,BUY,4950,42.053,A-244,CLIENT-44,XLON
T-0004665,O-0004665,2026-08-25T10:36:05.250000Z,NOVA.L,SELL,5561,42.0457,A-245,CLIENT-45,XLON
T-0004666,O-0004666,2026-08-25T10:36:06.100000Z,ALTO.N,BUY,4878,42.0543,A-246,CLIENT-46,XLON
T-0004667,O-0004667,2026-08-25T10:36:06.950000Z,QUAD.N,SELL,4880,42.0543,A-247,CLIENT-47,XLON
T-0004668,O-0004668,2026-08-25T10:36:07.800000Z,MEGA.O,BUY,5584,42.0639,A-248,CLIENT-48,XLON
T-0004669,O-0004669,2026-08-25T10:36:08.650000Z,LIQD.P,SELL,5092,42.0627,A-249,CLIENT-49,XLON
T-0004670,O-0004670,2026-08-25T10:36:09.500000Z,NOVA.L,BUY,5000,42.0598,A-104,CLIENT-LINKED,XLON
T-0004671,O-0004671,2026-08-25T10:36:10.350000Z,NOVA.L,SELL,5001,42.071,A-882,CLIENT-LINKED,XLON
T-0004672,O-0004672,2026-08-25T10:36:11.200000Z,NOVA.L,BUY,5002,42.0651,A-104,CLIENT-LINKED,XLON
T-0004673,O-0004673,2026-08-25T10:36:12.050000Z,NOVA.L,SELL,5003,42.0745,A-882,CLIENT-LINKED,XLON
T-0004674,O-0004674,2026-08-25T10:36:12.900000Z,LIQD.P,BUY,6407,42.074,A-254,CLIENT-54,XLON
T-0004675,O-0004675,2026-08-25T10:36:13.750000Z,NOVA.L,SELL,4017,42.0638,A-255,CLIENT-55,XLON
T-0004676,O-0004676,2026-08-25T10:36:14.600000Z,ALTO.N,BUY,4023,42.0666,A-256,CLIENT-56,XLON
T-0004677,O-0004677,2026-08-25T10:36:15.450000Z,QUAD.N,SELL,3946,42.0734,A-257,CLIENT-57,XLON
T-0004678,O-0004678,2026-08-25T10:36:16.300000Z,MEGA.O,BUY,4469,42.0801,A-258,CLIENT-58,XLON
T-0004679,O-0004679,2026-08-25T10:36:17.150000Z,LIQD.P,SELL,5587,42.0703,A-259,CLIENT-59,XLON
T-0004680,O-0004680,2026-08-25T10:36:18Z,NOVA.L,BUY,5000,42.0879,A-104,CLIENT-LINKED,XLON
T-0004681,O-0004681,2026-08-25T10:36:18.850000Z,NOVA.L,SELL,5001,42.0819,A-882,CLIENT-LINKED,XLON
T-0004682,O-0004682,2026-08-25T10:36:19.700000Z,NOVA.L,BUY,5002,42.0828,A-104,CLIENT-LINKED,XLON
T-0004683,O-0004683,2026-08-25T10:36:20.550000Z,NOVA.L,SELL,5003,42.0958,A-882,CLIENT-LINKED,XLON
T-0004684,O-0004684,2026-08-25T10:36:21.400000Z,LIQD.P,BUY,6097,42.0877,A-204,CLIENT-4,XLON
T-0004685,O-0004685,2026-08-25T10:36:22.250000Z,NOVA.L,SELL,5819,42.0822,A-205,CLIENT-5,XLON
T-0004686,O-0004686,2026-08-25T10:36:23.100000Z,ALTO.N,BUY,6748,42.0993,A-206,CLIENT-6,XLON
T-0004687,O-0004687,2026-08-25T10:36:23.950000Z,QUAD.N,SELL,4306,42.091,A-207,CLIENT-7,XLON
T-0004688,O-0004688,2026-08-25T10:36:24.800000Z,MEGA.O,BUY,4634,42.1034,A-208,CLIENT-8,XLON
T-0004689,O-0004689,2026-08-25T10:36:25.650000Z,LIQD.P,SELL,4539,42.1047,A-209,CLIENT-9,XLON
T-0004690,O-0004690,2026-08-25T10:36:26.500000Z,NOVA.L,BUY,5000,42.105,A-104,CLIENT-LINKED,XLON
T-0004691,O-0004691,2026-08-25T10:36:27.350000Z,NOVA.L,SELL,5001,42.1085,A-882,CLIENT-LINKED,XLON
T-0004692,O-0004692,2026-08-25T10:36:28.200000Z,NOVA.L,BUY,5002,42.1053,A-104,CLIENT-LINKED,XLON
T-0004693,O-0004693,2026-08-25T10:36:29.050000Z,NOVA.L,SELL,5003,42.1093,A-882,CLIENT-LINKED,XLON
T-0004694,O-0004694,2026-08-25T10:36:29.900000Z,LIQD.P,BUY,4669,42.1097,A-214,CLIENT-14,XLON
T-0004695,O-0004695,2026-08-25T10:36:30.750000Z,NOVA.L,SELL,3816,42.1105,A-215,CLIENT-15,XLON
T-0004696,O-0004696,2026-08-25T10:36:31.600000Z,ALTO.N,BUY,6137,42.1056,A-216,CLIENT-16,XLON
T-0004697,O-0004697,2026-08-25T10:36:32.450000Z,QUAD.N,SELL,4114,42.1089,A-217,CLIENT-17,XLON
T-0004698,O-0004698,2026-08-25T10:36:33.300000Z,MEGA.O,BUY,5840,42.1195,A-218,CLIENT-18,XLON
T-0004699,O-0004699,2026-08-25T10:36:34.150000Z,LIQD.P,SELL,5146,42.1085,A-219,CLIENT-19,XLON
T-0004700,O-0004700,2026-08-25T10:36:35Z,NOVA.L,BUY,5000,42.1236,A-104,CLIENT-LINKED,XLON
T-0004701,O-0004701,2026-08-25T10:36:35.850000Z,NOVA.L,SELL,5001,42.1256,A-882,CLIENT-LINKED,XLON
T-0004702,O-0004702,2026-08-25T10:36:36.700000Z,NOVA.L,BUY,5002,42.1219,A-104,CLIENT-LINKED,XLON
T-0004703,O-0004703,2026-08-25T10:36:37.550000Z,NOVA.L,SELL,5003,42.1278,A-882,CLIENT-LINKED,XLON
T-0004704,O-0004704,2026-08-25T10:36:38.400000Z,LIQD.P,BUY,4234,42.1347,A-224,CLIENT-24,XLON
T-0004705,O-0004705,2026-08-25T10:36:39.250000Z,NOVA.L,SELL,4429,42.1206,A-225,CLIENT-25,XLON
T-0004706,O-0004706,2026-08-25T10:36:40.100000Z,ALTO.N,BUY,5685,42.1386,A-226,CLIENT-26,XLON
T-0004707,O-0004707,2026-08-25T10:36:40.950000Z,QUAD.N,SELL,6501,42.1336,A-227,CLIENT-27,XLON
T-0004708,O-0004708,2026-08-25T10:36:41.800000Z,MEGA.O,BUY,6373,42.1451,A-228,CLIENT-28,XLON
T-0004709,O-0004709,2026-08-25T10:36:42.650000Z,LIQD.P,SELL,6233,42.1412,A-229,CLIENT-29,XLON
T-0004710,O-0004710,2026-08-25T10:36:43.500000Z,NOVA.L,BUY,5000,42.1366,A-104,CLIENT-LINKED,XLON
T-0004711,O-0004711,2026-08-25T10:36:44.350000Z,NOVA.L,SELL,5001,42.1329,A-882,CLIENT-LINKED,XLON
T-0004712,O-0004712,2026-08-25T10:36:45.200000Z,NOVA.L,BUY,5002,42.1464,A-104,CLIENT-LINKED,XLON
T-0004713,O-0004713,2026-08-25T10:36:46.050000Z,NOVA.L,SELL,5003,42.1451,A-882,CLIENT-LINKED,XLON
T-0004714,O-0004714,2026-08-25T10:36:46.900000Z,LIQD.P,BUY,6796,42.158,A-234,CLIENT-34,XLON
T-0004715,O-0004715,2026-08-25T10:36:47.750000Z,NOVA.L,SELL,6131,42.1426,A-235,CLIENT-35,XLON
T-0004716,O-0004716,2026-08-25T10:36:48.600000Z,ALTO.N,BUY,3999,42.158,A-236,CLIENT-36,XLON
T-0004717,O-0004717,2026-08-25T10:36:49.450000Z,QUAD.N,SELL,4958,42.1505,A-237,CLIENT-37,XLON
T-0004718,O-0004718,2026-08-25T10:36:50.300000Z,MEGA.O,BUY,4027,42.1609,A-238,CLIENT-38,XLON
T-0004719,O-0004719,2026-08-25T10:36:51.150000Z,LIQD.P,SELL,6041,42.167,A-239,CLIENT-39,XLON
T-0004720,O-0004720,2026-08-25T10:36:52Z,NOVA.L,BUY,5000,41.9976,A-104,CLIENT-LINKED,XLON
T-0004721,O-0004721,2026-08-25T10:36:52.850000Z,NOVA.L,SELL,5001,42.0,A-882,CLIENT-LINKED,XLON
T-0004722,O-0004722,2026-08-25T10:36:53.700000Z,NOVA.L,BUY,5002,41.9976,A-104,CLIENT-LINKED,XLON
T-0004723,O-0004723,2026-08-25T10:36:54.550000Z,NOVA.L,SELL,5003,42.0153,A-882,CLIENT-LINKED,XLON
T-0004724,O-0004724,2026-08-25T10:36:55.400000Z,LIQD.P,BUY,5433,41.9998,A-244,CLIENT-44,XLON
T-0004725,O-0004725,2026-08-25T10:36:56.250000Z,NOVA.L,SELL,4652,42.0033,A-245,CLIENT-45,XLON
T-0004726,O-0004726,2026-08-25T10:36:57.100000Z,ALTO.N,BUY,5448,42.0077,A-246,CLIENT-46,XLON
T-0004727,O-0004727,2026-08-25T10:36:57.950000Z,QUAD.N,SELL,6479,42.0071,A-247,CLIENT-47,XLON
T-0004728,O-0004728,2026-08-25T10:36:58.800000Z,MEGA.O,BUY,5022,42.0158,A-248,CLIENT-48,XLON
T-0004729,O-0004729,2026-08-25T10:36:59.650000Z,LIQD.P,SELL,5570,42.0227,A-249,CLIENT-49,XLON
T-0004730,O-0004730,2026-08-25T10:37:00.500000Z,NOVA.L,BUY,5000,42.0284,A-104,CLIENT-LINKED,XLON
T-0004731,O-0004731,2026-08-25T10:37:01.350000Z,NOVA.L,SELL,5001,42.0301,A-882,CLIENT-LINKED,XLON
T-0004732,O-0004732,2026-08-25T10:37:02.200000Z,NOVA.L,BUY,5002,42.0261,A-104,CLIENT-LINKED,XLON
T-0004733,O-0004733,2026-08-25T10:37:03.050000Z,NOVA.L,SELL,5003,42.0232,A-882,CLIENT-LINKED,XLON
T-0004734,O-0004734,2026-08-25T10:37:03.900000Z,LIQD.P,BUY,4193,42.0346,A-254,CLIENT-54,XLON
T-0004735,O-0004735,2026-08-25T10:37:04.750000Z,NOVA.L,SELL,5899,42.024,A-255,CLIENT-55,XLON
T-0004736,O-0004736,2026-08-25T10:37:05.600000Z,ALTO.N,BUY,5624,42.0397,A-256,CLIENT-56,XLON
T-0004737,O-0004737,2026-08-25T10:37:06.450000Z,QUAD.N,SELL,5751,42.0294,A-257,CLIENT-57,XLON
T-0004738,O-0004738,2026-08-25T10:37:07.300000Z,MEGA.O,BUY,6258,42.0345,A-258,CLIENT-58,XLON
T-0004739,O-0004739,2026-08-25T10:37:08.150000Z,LIQD.P,SELL,5530,42.0442,A-259,CLIENT-59,XLON
T-0004740,O-0004740,2026-08-25T10:37:09Z,NOVA.L,BUY,5000,42.0423,A-104,CLIENT-LINKED,XLON
T-0004741,O-0004741,2026-08-25T10:37:09.850000Z,NOVA.L,SELL,5001,42.0407,A-882,CLIENT-LINKED,XLON
T-0004742,O-0004742,2026-08-25T10:37:10.700000Z,NOVA.L,BUY,5002,42.0425,A-104,CLIENT-LINKED,XLON
T-0004743,O-0004743,2026-08-25T10:37:11.550000Z,NOVA.L,SELL,5003,42.0368,A-882,CLIENT-LINKED,XLON
T-0004744,O-0004744,2026-08-25T10:37:12.400000Z,LIQD.P,BUY,5199,42.0575,A-204,CLIENT-4,XLON
T-0004745,O-0004745,2026-08-25T10:37:13.250000Z,NOVA.L,SELL,6570,42.0445,A-205,CLIENT-5,XLON
T-0004746,O-0004746,2026-08-25T10:37:14.100000Z,ALTO.N,BUY,6610,42.0563,A-206,CLIENT-6,XLON
T-0004747,O-0004747,2026-08-25T10:37:14.950000Z,QUAD.N,SELL,5828,42.0545,A-207,CLIENT-7,XLON
T-0004748,O-0004748,2026-08-25T10:37:15.800000Z,MEGA.O,BUY,6451,42.0565,A-208,CLIENT-8,XLON
T-0004749,O-0004749,2026-08-25T10:37:16.650000Z,LIQD.P,SELL,4990,42.0574,A-209,CLIENT-9,XLON
T-0004750,O-0004750,2026-08-25T10:37:17.500000Z,NOVA.L,BUY,5000,42.0516,A-104,CLIENT-LINKED,XLON
T-0004751,O-0004751,2026-08-25T10:37:18.350000Z,NOVA.L,SELL,5001,42.068,A-882,CLIENT-LINKED,XLON
T-0004752,O-0004752,2026-08-25T10:37:19.200000Z,NOVA.L,BUY,5002,42.06,A-104,CLIENT-LINKED,XLON
T-0004753,O-0004753,2026-08-25T10:37:20.050000Z,NOVA.L,SELL,5003,42.0757,A-882,CLIENT-LINKED,XLON
T-0004754,O-0004754,2026-08-25T10:37:20.900000Z,LIQD.P,BUY,6602,42.0761,A-214,CLIENT-14,XLON
T-0004755,O-0004755,2026-08-25T10:37:21.750000Z,NOVA.L,SELL,4818,42.0705,A-215,CLIENT-15,XLON
T-0004756,O-0004756,2026-08-25T10:37:22.600000Z,ALTO.N,BUY,5010,42.0734,A-216,CLIENT-16,XLON
T-0004757,O-0004757,2026-08-25T10:37:23.450000Z,QUAD.N,SELL,6056,42.0655,A-217,CLIENT-17,XLON
T-0004758,O-0004758,2026-08-25T10:37:24.300000Z,MEGA.O,BUY,3984,42.0763,A-218,CLIENT-18,XLON
T-0004759,O-0004759,2026-08-25T10:37:25.150000Z,LIQD.P,SELL,5891,42.0765,A-219,CLIENT-19,XLON
T-0004760,O-0004760,2026-08-25T10:37:26Z,NOVA.L,BUY,5000,42.0719,A-104,CLIENT-LINKED,XLON
T-0004761,O-0004761,2026-08-25T10:37:26.850000Z,NOVA.L,SELL,5001,42.0852,A-882,CLIENT-LINKED,XLON
T-0004762,O-0004762,2026-08-25T10:37:27.700000Z,NOVA.L,BUY,5002,42.0854,A-104,CLIENT-LINKED,XLON
T-0004763,O-0004763,2026-08-25T10:37:28.550000Z,NOVA.L,SELL,5003,42.0811,A-882,CLIENT-LINKED,XLON
T-0004764,O-0004764,2026-08-25T10:37:29.400000Z,LIQD.P,BUY,4843,42.0897,A-224,CLIENT-24,XLON
T-0004765,O-0004765,2026-08-25T10:37:30.250000Z,NOVA.L,SELL,5862,42.0803,A-225,CLIENT-25,XLON
T-0004766,O-0004766,2026-08-25T10:37:31.100000Z,ALTO.N,BUY,6509,42.0913,A-226,CLIENT-26,XLON
T-0004767,O-0004767,2026-08-25T10:37:31.950000Z,QUAD.N,SELL,4546,42.1009,A-227,CLIENT-27,XLON
T-0004768,O-0004768,2026-08-25T10:37:32.800000Z,MEGA.O,BUY,3985,42.0877,A-228,CLIENT-28,XLON
T-0004769,O-0004769,2026-08-25T10:37:33.650000Z,LIQD.P,SELL,6685,42.094,A-229,CLIENT-29,XLON
T-0004770,O-0004770,2026-08-25T10:37:34.500000Z,NOVA.L,BUY,5000,42.1017,A-104,CLIENT-LINKED,XLON
T-0004771,O-0004771,2026-08-25T10:37:35.350000Z,NOVA.L,SELL,5001,42.1011,A-882,CLIENT-LINKED,XLON
T-0004772,O-0004772,2026-08-25T10:37:36.200000Z,NOVA.L,BUY,5002,42.1074,A-104,CLIENT-LINKED,XLON
T-0004773,O-0004773,2026-08-25T10:37:37.050000Z,NOVA.L,SELL,5003,42.1085,A-882,CLIENT-LINKED,XLON
T-0004774,O-0004774,2026-08-25T10:37:37.900000Z,LIQD.P,BUY,4885,42.1048,A-234,CLIENT-34,XLON
T-0004775,O-0004775,2026-08-25T10:37:38.750000Z,NOVA.L,SELL,4566,42.1042,A-235,CLIENT-35,XLON
T-0004776,O-0004776,2026-08-25T10:37:39.600000Z,ALTO.N,BUY,4120,42.1169,A-236,CLIENT-36,XLON
T-0004777,O-0004777,2026-08-25T10:37:40.450000Z,QUAD.N,SELL,6274,42.1092,A-237,CLIENT-37,XLON
T-0004778,O-0004778,2026-08-25T10:37:41.300000Z,MEGA.O,BUY,6558,42.1081,A-238,CLIENT-38,XLON
T-0004779,O-0004779,2026-08-25T10:37:42.150000Z,LIQD.P,SELL,5988,42.1084,A-239,CLIENT-39,XLON
T-0004780,O-0004780,2026-08-25T10:37:43Z,NOVA.L,BUY,5000,42.1179,A-104,CLIENT-LINKED,XLON
T-0004781,O-0004781,2026-08-25T10:37:43.850000Z,NOVA.L,SELL,5001,42.1123,A-882,CLIENT-LINKED,XLON
T-0004782,O-0004782,2026-08-25T10:37:44.700000Z,NOVA.L,BUY,5002,42.1271,A-104,CLIENT-LINKED,XLON
T-0004783,O-0004783,2026-08-25T10:37:45.550000Z,NOVA.L,SELL,5003,42.1252,A-882,CLIENT-LINKED,XLON
T-0004784,O-0004784,2026-08-25T10:37:46.400000Z,LIQD.P,BUY,5459,42.1354,A-244,CLIENT-44,XLON
T-0004785,O-0004785,2026-08-25T10:37:47.250000Z,NOVA.L,SELL,6265,42.1345,A-245,CLIENT-45,XLON
T-0004786,O-0004786,2026-08-25T10:37:48.100000Z,ALTO.N,BUY,5040,42.1344,A-246,CLIENT-46,XLON
T-0004787,O-0004787,2026-08-25T10:37:48.950000Z,QUAD.N,SELL,6326,42.1312,A-247,CLIENT-47,XLON
T-0004788,O-0004788,2026-08-25T10:37:49.800000Z,MEGA.O,BUY,6559,42.1453,A-248,CLIENT-48,XLON
T-0004789,O-0004789,2026-08-25T10:37:50.650000Z,LIQD.P,SELL,6565,42.1359,A-249,CLIENT-49,XLON
T-0004790,O-0004790,2026-08-25T10:37:51.500000Z,NOVA.L,BUY,5000,42.1361,A-104,CLIENT-LINKED,XLON
T-0004791,O-0004791,2026-08-25T10:37:52.350000Z,NOVA.L,SELL,5001,42.1345,A-882,CLIENT-LINKED,XLON
T-0004792,O-0004792,2026-08-25T10:37:53.200000Z,NOVA.L,BUY,5002,42.1343,A-104,CLIENT-LINKED,XLON
T-0004793,O-0004793,2026-08-25T10:37:54.050000Z,NOVA.L,SELL,5003,42.1382,A-882,CLIENT-LINKED,XLON
T-0004794,O-0004794,2026-08-25T10:37:54.900000Z,LIQD.P,BUY,3865,42.1519,A-254,CLIENT-54,XLON
T-0004795,O-0004795,2026-08-25T10:37:55.750000Z,NOVA.L,SELL,4570,42.1572,A-255,CLIENT-55,XLON
T-0004796,O-0004796,2026-08-25T10:37:56.600000Z,ALTO.N,BUY,4657,42.1516,A-256,CLIENT-56,XLON
T-0004797,O-0004797,2026-08-25T10:37:57.450000Z,QUAD.N,SELL,4394,42.157,A-257,CLIENT-57,XLON
T-0004798,O-0004798,2026-08-25T10:37:58.300000Z,MEGA.O,BUY,5584,42.1628,A-258,CLIENT-58,XLON
T-0004799,O-0004799,2026-08-25T10:37:59.150000Z,LIQD.P,SELL,6006,42.1518,A-259,CLIENT-59,XLON
T-0004800,O-0004800,2026-08-25T10:38:00Z,NOVA.L,BUY,5000,41.996,A-104,CLIENT-LINKED,XLON
T-0004801,O-0004801,2026-08-25T10:38:00.850000Z,NOVA.L,SELL,5001,42.0013,A-882,CLIENT-LINKED,XLON
T-0004802,O-0004802,2026-08-25T10:38:01.700000Z,NOVA.L,BUY,5002,42.0035,A-104,CLIENT-LINKED,XLON
T-0004803,O-0004803,2026-08-25T10:38:02.550000Z,NOVA.L,SELL,5003,41.9964,A-882,CLIENT-LINKED,XLON
T-0004804,O-0004804,2026-08-25T10:38:03.400000Z,LIQD.P,BUY,4480,42.016,A-204,CLIENT-4,XLON
T-0004805,O-0004805,2026-08-25T10:38:04.250000Z,NOVA.L,SELL,6677,42.0089,A-205,CLIENT-5,XLON
T-0004806,O-0004806,2026-08-25T10:38:05.100000Z,ALTO.N,BUY,5786,42.0114,A-206,CLIENT-6,XLON
T-0004807,O-0004807,2026-08-25T10:38:05.950000Z,QUAD.N,SELL,5641,42.0157,A-207,CLIENT-7,XLON
T-0004808,O-0004808,2026-08-25T10:38:06.800000Z,MEGA.O,BUY,4624,42.0119,A-208,CLIENT-8,XLON
T-0004809,O-0004809,2026-08-25T10:38:07.650000Z,LIQD.P,SELL,5404,42.009,A-209,CLIENT-9,XLON
T-0004810,O-0004810,2026-08-25T10:38:08.500000Z,NOVA.L,BUY,5000,42.0102,A-104,CLIENT-LINKED,XLON
T-0004811,O-0004811,2026-08-25T10:38:09.350000Z,NOVA.L,SELL,5001,42.0246,A-882,CLIENT-LINKED,XLON
T-0004812,O-0004812,2026-08-25T10:38:10.200000Z,NOVA.L,BUY,5002,42.0283,A-104,CLIENT-LINKED,XLON
T-0004813,O-0004813,2026-08-25T10:38:11.050000Z,NOVA.L,SELL,5003,42.0356,A-882,CLIENT-LINKED,XLON
T-0004814,O-0004814,2026-08-25T10:38:11.900000Z,LIQD.P,BUY,5830,42.0327,A-214,CLIENT-14,XLON
T-0004815,O-0004815,2026-08-25T10:38:12.750000Z,NOVA.L,SELL,6240,42.0346,A-215,CLIENT-15,XLON
T-0004816,O-0004816,2026-08-25T10:38:13.600000Z,ALTO.N,BUY,4991,42.0227,A-216,CLIENT-16,XLON
T-0004817,O-0004817,2026-08-25T10:38:14.450000Z,QUAD.N,SELL,5437,42.0337,A-217,CLIENT-17,XLON
T-0004818,O-0004818,2026-08-25T10:38:15.300000Z,MEGA.O,BUY,6220,42.0405,A-218,CLIENT-18,XLON
T-0004819,O-0004819,2026-08-25T10:38:16.150000Z,LIQD.P,SELL,6579,42.0461,A-219,CLIENT-19,XLON
T-0004820,O-0004820,2026-08-25T10:38:17Z,NOVA.L,BUY,5000,42.0474,A-104,CLIENT-LINKED,XLON
T-0004821,O-0004821,2026-08-25T10:38:17.850000Z,NOVA.L,SELL,5001,42.0366,A-882,CLIENT-LINKED,XLON
T-0004822,O-0004822,2026-08-25T10:38:18.700000Z,NOVA.L,BUY,5002,42.0352,A-104,CLIENT-LINKED,XLON
T-0004823,O-0004823,2026-08-25T10:38:19.550000Z,NOVA.L,SELL,5003,42.0364,A-882,CLIENT-LINKED,XLON
T-0004824,O-0004824,2026-08-25T10:38:20.400000Z,LIQD.P,BUY,6160,42.0443,A-224,CLIENT-24,XLON
T-0004825,O-0004825,2026-08-25T10:38:21.250000Z,NOVA.L,SELL,4060,42.0454,A-225,CLIENT-25,XLON
T-0004826,O-0004826,2026-08-25T10:38:22.100000Z,ALTO.N,BUY,6455,42.0503,A-226,CLIENT-26,XLON
T-0004827,O-0004827,2026-08-25T10:38:22.950000Z,QUAD.N,SELL,5738,42.0463,A-227,CLIENT-27,XLON
T-0004828,O-0004828,2026-08-25T10:38:23.800000Z,MEGA.O,BUY,6350,42.0648,A-228,CLIENT-28,XLON
T-0004829,O-0004829,2026-08-25T10:38:24.650000Z,LIQD.P,SELL,5220,42.057,A-229,CLIENT-29,XLON
T-0004830,O-0004830,2026-08-25T10:38:25.500000Z,NOVA.L,BUY,5000,42.0587,A-104,CLIENT-LINKED,XLON
T-0004831,O-0004831,2026-08-25T10:38:26.350000Z,NOVA.L,SELL,5001,42.0552,A-882,CLIENT-LINKED,XLON
T-0004832,O-0004832,2026-08-25T10:38:27.200000Z,NOVA.L,BUY,5002,42.0685,A-104,CLIENT-LINKED,XLON
T-0004833,O-0004833,2026-08-25T10:38:28.050000Z,NOVA.L,SELL,5003,42.0654,A-882,CLIENT-LINKED,XLON
T-0004834,O-0004834,2026-08-25T10:38:28.900000Z,LIQD.P,BUY,5594,42.0626,A-234,CLIENT-34,XLON
T-0004835,O-0004835,2026-08-25T10:38:29.750000Z,NOVA.L,SELL,4699,42.0718,A-235,CLIENT-35,XLON
T-0004836,O-0004836,2026-08-25T10:38:30.600000Z,ALTO.N,BUY,6605,42.0688,A-236,CLIENT-36,XLON
T-0004837,O-0004837,2026-08-25T10:38:31.450000Z,QUAD.N,SELL,6266,42.0811,A-237,CLIENT-37,XLON
T-0004838,O-0004838,2026-08-25T10:38:32.300000Z,MEGA.O,BUY,6729,42.0791,A-238,CLIENT-38,XLON
T-0004839,O-0004839,2026-08-25T10:38:33.150000Z,LIQD.P,SELL,4337,42.0857,A-239,CLIENT-39,XLON
T-0004840,O-0004840,2026-08-25T10:38:34Z,NOVA.L,BUY,5000,42.0845,A-104,CLIENT-LINKED,XLON
T-0004841,O-0004841,2026-08-25T10:38:34.850000Z,NOVA.L,SELL,5001,42.0798,A-882,CLIENT-LINKED,XLON
T-0004842,O-0004842,2026-08-25T10:38:35.700000Z,NOVA.L,BUY,5002,42.0823,A-104,CLIENT-LINKED,XLON
T-0004843,O-0004843,2026-08-25T10:38:36.550000Z,NOVA.L,SELL,5003,42.0948,A-882,CLIENT-LINKED,XLON
T-0004844,O-0004844,2026-08-25T10:38:37.400000Z,LIQD.P,BUY,6472,42.0927,A-244,CLIENT-44,XLON
T-0004845,O-0004845,2026-08-25T10:38:38.250000Z,NOVA.L,SELL,5734,42.096,A-245,CLIENT-45,XLON
T-0004846,O-0004846,2026-08-25T10:38:39.100000Z,ALTO.N,BUY,4463,42.0944,A-246,CLIENT-46,XLON
T-0004847,O-0004847,2026-08-25T10:38:39.950000Z,QUAD.N,SELL,4956,42.0978,A-247,CLIENT-47,XLON
T-0004848,O-0004848,2026-08-25T10:38:40.800000Z,MEGA.O,BUY,4153,42.0993,A-248,CLIENT-48,XLON
T-0004849,O-0004849,2026-08-25T10:38:41.650000Z,LIQD.P,SELL,4328,42.0915,A-249,CLIENT-49,XLON
T-0004850,O-0004850,2026-08-25T10:38:42.500000Z,NOVA.L,BUY,5000,42.0931,A-104,CLIENT-LINKED,XLON
T-0004851,O-0004851,2026-08-25T10:38:43.350000Z,NOVA.L,SELL,5001,42.1018,A-882,CLIENT-LINKED,XLON
T-0004852,O-0004852,2026-08-25T10:38:44.200000Z,NOVA.L,BUY,5002,42.1099,A-104,CLIENT-LINKED,XLON
T-0004853,O-0004853,2026-08-25T10:38:45.050000Z,NOVA.L,SELL,5003,42.1149,A-882,CLIENT-LINKED,XLON
T-0004854,O-0004854,2026-08-25T10:38:45.900000Z,LIQD.P,BUY,5822,42.1041,A-254,CLIENT-54,XLON
T-0004855,O-0004855,2026-08-25T10:38:46.750000Z,NOVA.L,SELL,4657,42.1111,A-255,CLIENT-55,XLON
T-0004856,O-0004856,2026-08-25T10:38:47.600000Z,ALTO.N,BUY,3874,42.1092,A-256,CLIENT-56,XLON
T-0004857,O-0004857,2026-08-25T10:38:48.450000Z,QUAD.N,SELL,4868,42.1111,A-257,CLIENT-57,XLON
T-0004858,O-0004858,2026-08-25T10:38:49.300000Z,MEGA.O,BUY,4449,42.1095,A-258,CLIENT-58,XLON
T-0004859,O-0004859,2026-08-25T10:38:50.150000Z,LIQD.P,SELL,5862,42.1086,A-259,CLIENT-59,XLON
T-0004860,O-0004860,2026-08-25T10:38:51Z,NOVA.L,BUY,5000,42.1113,A-104,CLIENT-LINKED,XLON
T-0004861,O-0004861,2026-08-25T10:38:51.850000Z,NOVA.L,SELL,5001,42.1206,A-882,CLIENT-LINKED,XLON
T-0004862,O-0004862,2026-08-25T10:38:52.700000Z,NOVA.L,BUY,5002,42.1264,A-104,CLIENT-LINKED,XLON
T-0004863,O-0004863,2026-08-25T10:38:53.550000Z,NOVA.L,SELL,5003,42.1184,A-882,CLIENT-LINKED,XLON
T-0004864,O-0004864,2026-08-25T10:38:54.400000Z,LIQD.P,BUY,4717,42.1277,A-204,CLIENT-4,XLON
T-0004865,O-0004865,2026-08-25T10:38:55.250000Z,NOVA.L,SELL,5193,42.1357,A-205,CLIENT-5,XLON
T-0004866,O-0004866,2026-08-25T10:38:56.100000Z,ALTO.N,BUY,3991,42.1374,A-206,CLIENT-6,XLON
T-0004867,O-0004867,2026-08-25T10:38:56.950000Z,QUAD.N,SELL,6081,42.1293,A-207,CLIENT-7,XLON
T-0004868,O-0004868,2026-08-25T10:38:57.800000Z,MEGA.O,BUY,4419,42.1431,A-208,CLIENT-8,XLON
T-0004869,O-0004869,2026-08-25T10:38:58.650000Z,LIQD.P,SELL,5911,42.1401,A-209,CLIENT-9,XLON
T-0004870,O-0004870,2026-08-25T10:38:59.500000Z,NOVA.L,BUY,5000,42.1321,A-104,CLIENT-LINKED,XLON
T-0004871,O-0004871,2026-08-25T10:39:00.350000Z,NOVA.L,SELL,5001,42.133,A-882,CLIENT-LINKED,XLON
T-0004872,O-0004872,2026-08-25T10:39:01.200000Z,NOVA.L,BUY,5002,42.1529,A-104,CLIENT-LINKED,XLON
T-0004873,O-0004873,2026-08-25T10:39:02.050000Z,NOVA.L,SELL,5003,42.152,A-882,CLIENT-LINKED,XLON
T-0004874,O-0004874,2026-08-25T10:39:02.900000Z,LIQD.P,BUY,4254,42.1575,A-214,CLIENT-14,XLON
T-0004875,O-0004875,2026-08-25T10:39:03.750000Z,NOVA.L,SELL,6300,42.1522,A-215,CLIENT-15,XLON
T-0004876,O-0004876,2026-08-25T10:39:04.600000Z,ALTO.N,BUY,4217,42.1585,A-216,CLIENT-16,XLON
T-0004877,O-0004877,2026-08-25T10:39:05.450000Z,QUAD.N,SELL,3971,42.1541,A-217,CLIENT-17,XLON
T-0004878,O-0004878,2026-08-25T10:39:06.300000Z,MEGA.O,BUY,4484,42.1586,A-218,CLIENT-18,XLON
T-0004879,O-0004879,2026-08-25T10:39:07.150000Z,LIQD.P,SELL,4641,42.1662,A-219,CLIENT-19,XLON
T-0004880,O-0004880,2026-08-25T10:39:08Z,NOVA.L,BUY,5000,41.9931,A-104,CLIENT-LINKED,XLON
T-0004881,O-0004881,2026-08-25T10:39:08.850000Z,NOVA.L,SELL,5001,41.9978,A-882,CLIENT-LINKED,XLON
T-0004882,O-0004882,2026-08-25T10:39:09.700000Z,NOVA.L,BUY,5002,42.0028,A-104,CLIENT-LINKED,XLON
T-0004883,O-0004883,2026-08-25T10:39:10.550000Z,NOVA.L,SELL,5003,42.0061,A-882,CLIENT-LINKED,XLON
T-0004884,O-0004884,2026-08-25T10:39:11.400000Z,LIQD.P,BUY,6800,42.0154,A-224,CLIENT-24,XLON
T-0004885,O-0004885,2026-08-25T10:39:12.250000Z,NOVA.L,SELL,4431,42.0129,A-225,CLIENT-25,XLON
T-0004886,O-0004886,2026-08-25T10:39:13.100000Z,ALTO.N,BUY,5170,42.0184,A-226,CLIENT-26,XLON
T-0004887,O-0004887,2026-08-25T10:39:13.950000Z,QUAD.N,SELL,4303,42.021,A-227,CLIENT-27,XLON
T-0004888,O-0004888,2026-08-25T10:39:14.800000Z,MEGA.O,BUY,5598,42.0254,A-228,CLIENT-28,XLON
T-0004889,O-0004889,2026-08-25T10:39:15.650000Z,LIQD.P,SELL,3826,42.0129,A-229,CLIENT-29,XLON
T-0004890,O-0004890,2026-08-25T10:39:16.500000Z,NOVA.L,BUY,5000,42.0262,A-104,CLIENT-LINKED,XLON
T-0004891,O-0004891,2026-08-25T10:39:17.350000Z,NOVA.L,SELL,5001,42.0188,A-882,CLIENT-LINKED,XLON
T-0004892,O-0004892,2026-08-25T10:39:18.200000Z,NOVA.L,BUY,5002,42.0241,A-104,CLIENT-LINKED,XLON
T-0004893,O-0004893,2026-08-25T10:39:19.050000Z,NOVA.L,SELL,5003,42.0177,A-882,CLIENT-LINKED,XLON
T-0004894,O-0004894,2026-08-25T10:39:19.900000Z,LIQD.P,BUY,5325,42.0323,A-234,CLIENT-34,XLON
T-0004895,O-0004895,2026-08-25T10:39:20.750000Z,NOVA.L,SELL,5499,42.0272,A-235,CLIENT-35,XLON
T-0004896,O-0004896,2026-08-25T10:39:21.600000Z,ALTO.N,BUY,6523,42.0269,A-236,CLIENT-36,XLON
T-0004897,O-0004897,2026-08-25T10:39:22.450000Z,QUAD.N,SELL,5969,42.0324,A-237,CLIENT-37,XLON
T-0004898,O-0004898,2026-08-25T10:39:23.300000Z,MEGA.O,BUY,4734,42.0288,A-238,CLIENT-38,XLON
T-0004899,O-0004899,2026-08-25T10:39:24.150000Z,LIQD.P,SELL,5556,42.0363,A-239,CLIENT-39,XLON
T-0004900,O-0004900,2026-08-25T10:39:25Z,NOVA.L,BUY,5000,42.0382,A-104,CLIENT-LINKED,XLON
T-0004901,O-0004901,2026-08-25T10:39:25.850000Z,NOVA.L,SELL,5001,42.0412,A-882,CLIENT-LINKED,XLON
T-0004902,O-0004902,2026-08-25T10:39:26.700000Z,NOVA.L,BUY,5002,42.051,A-104,CLIENT-LINKED,XLON
T-0004903,O-0004903,2026-08-25T10:39:27.550000Z,NOVA.L,SELL,5003,42.0519,A-882,CLIENT-LINKED,XLON
T-0004904,O-0004904,2026-08-25T10:39:28.400000Z,LIQD.P,BUY,5281,42.0569,A-244,CLIENT-44,XLON
T-0004905,O-0004905,2026-08-25T10:39:29.250000Z,NOVA.L,SELL,5612,42.0429,A-245,CLIENT-45,XLON
T-0004906,O-0004906,2026-08-25T10:39:30.100000Z,ALTO.N,BUY,3840,42.0564,A-246,CLIENT-46,XLON
T-0004907,O-0004907,2026-08-25T10:39:30.950000Z,QUAD.N,SELL,5919,42.0629,A-247,CLIENT-47,XLON
T-0004908,O-0004908,2026-08-25T10:39:31.800000Z,MEGA.O,BUY,4147,42.0528,A-248,CLIENT-48,XLON
T-0004909,O-0004909,2026-08-25T10:39:32.650000Z,LIQD.P,SELL,5445,42.0676,A-249,CLIENT-49,XLON
T-0004910,O-0004910,2026-08-25T10:39:33.500000Z,NOVA.L,BUY,5000,42.0533,A-104,CLIENT-LINKED,XLON
T-0004911,O-0004911,2026-08-25T10:39:34.350000Z,NOVA.L,SELL,5001,42.0532,A-882,CLIENT-LINKED,XLON
T-0004912,O-0004912,2026-08-25T10:39:35.200000Z,NOVA.L,BUY,5002,42.0692,A-104,CLIENT-LINKED,XLON
T-0004913,O-0004913,2026-08-25T10:39:36.050000Z,NOVA.L,SELL,5003,42.0692,A-882,CLIENT-LINKED,XLON
T-0004914,O-0004914,2026-08-25T10:39:36.900000Z,LIQD.P,BUY,6427,42.061,A-254,CLIENT-54,XLON
T-0004915,O-0004915,2026-08-25T10:39:37.750000Z,NOVA.L,SELL,6153,42.0612,A-255,CLIENT-55,XLON
T-0004916,O-0004916,2026-08-25T10:39:38.600000Z,ALTO.N,BUY,6387,42.0816,A-256,CLIENT-56,XLON
T-0004917,O-0004917,2026-08-25T10:39:39.450000Z,QUAD.N,SELL,6504,42.0815,A-257,CLIENT-57,XLON
T-0004918,O-0004918,2026-08-25T10:39:40.300000Z,MEGA.O,BUY,5011,42.0744,A-258,CLIENT-58,XLON
T-0004919,O-0004919,2026-08-25T10:39:41.150000Z,LIQD.P,SELL,6588,42.082,A-259,CLIENT-59,XLON
T-0004920,O-0004920,2026-08-25T10:39:42Z,NOVA.L,BUY,5000,42.0875,A-104,CLIENT-LINKED,XLON
T-0004921,O-0004921,2026-08-25T10:39:42.850000Z,NOVA.L,SELL,5001,42.0864,A-882,CLIENT-LINKED,XLON
T-0004922,O-0004922,2026-08-25T10:39:43.700000Z,NOVA.L,BUY,5002,42.0803,A-104,CLIENT-LINKED,XLON
T-0004923,O-0004923,2026-08-25T10:39:44.550000Z,NOVA.L,SELL,5003,42.0829,A-882,CLIENT-LINKED,XLON
T-0004924,O-0004924,2026-08-25T10:39:45.400000Z,LIQD.P,BUY,4945,42.096,A-204,CLIENT-4,XLON
T-0004925,O-0004925,2026-08-25T10:39:46.250000Z,NOVA.L,SELL,6300,42.0984,A-205,CLIENT-5,XLON
T-0004926,O-0004926,2026-08-25T10:39:47.100000Z,ALTO.N,BUY,6668,42.0901,A-206,CLIENT-6,XLON
T-0004927,O-0004927,2026-08-25T10:39:47.950000Z,QUAD.N,SELL,6437,42.0881,A-207,CLIENT-7,XLON
T-0004928,O-0004928,2026-08-25T10:39:48.800000Z,MEGA.O,BUY,6029,42.0985,A-208,CLIENT-8,XLON
T-0004929,O-0004929,2026-08-25T10:39:49.650000Z,LIQD.P,SELL,6332,42.101,A-209,CLIENT-9,XLON
T-0004930,O-0004930,2026-08-25T10:39:50.500000Z,NOVA.L,BUY,5000,42.1039,A-104,CLIENT-LINKED,XLON
T-0004931,O-0004931,2026-08-25T10:39:51.350000Z,NOVA.L,SELL,5001,42.1098,A-882,CLIENT-LINKED,XLON
T-0004932,O-0004932,2026-08-25T10:39:52.200000Z,NOVA.L,BUY,5002,42.1096,A-104,CLIENT-LINKED,XLON
T-0004933,O-0004933,2026-08-25T10:39:53.050000Z,NOVA.L,SELL,5003,42.1041,A-882,CLIENT-LINKED,XLON
T-0004934,O-0004934,2026-08-25T10:39:53.900000Z,LIQD.P,BUY,4608,42.1156,A-214,CLIENT-14,XLON
T-0004935,O-0004935,2026-08-25T10:39:54.750000Z,NOVA.L,SELL,4145,42.1007,A-215,CLIENT-15,XLON
T-0004936,O-0004936,2026-08-25T10:39:55.600000Z,ALTO.N,BUY,5170,42.1098,A-216,CLIENT-16,XLON
T-0004937,O-0004937,2026-08-25T10:39:56.450000Z,QUAD.N,SELL,6744,42.1188,A-217,CLIENT-17,XLON
T-0004938,O-0004938,2026-08-25T10:39:57.300000Z,MEGA.O,BUY,4316,42.1164,A-218,CLIENT-18,XLON
T-0004939,O-0004939,2026-08-25T10:39:58.150000Z,LIQD.P,SELL,6015,42.1137,A-219,CLIENT-19,XLON
T-0004940,O-0004940,2026-08-25T10:39:59Z,NOVA.L,BUY,5000,42.1119,A-104,CLIENT-LINKED,XLON
T-0004941,O-0004941,2026-08-25T10:39:59.850000Z,NOVA.L,SELL,5001,42.123,A-882,CLIENT-LINKED,XLON
T-0004942,O-0004942,2026-08-25T10:40:00.700000Z,NOVA.L,BUY,5002,42.1244,A-104,CLIENT-LINKED,XLON
T-0004943,O-0004943,2026-08-25T10:40:01.550000Z,NOVA.L,SELL,5003,42.1311,A-882,CLIENT-LINKED,XLON
T-0004944,O-0004944,2026-08-25T10:40:02.400000Z,LIQD.P,BUY,4455,42.1185,A-224,CLIENT-24,XLON
T-0004945,O-0004945,2026-08-25T10:40:03.250000Z,NOVA.L,SELL,6011,42.1319,A-225,CLIENT-25,XLON
T-0004946,O-0004946,2026-08-25T10:40:04.100000Z,ALTO.N,BUY,4788,42.1386,A-226,CLIENT-26,XLON
T-0004947,O-0004947,2026-08-25T10:40:04.950000Z,QUAD.N,SELL,5044,42.1385,A-227,CLIENT-27,XLON
T-0004948,O-0004948,2026-08-25T10:40:05.800000Z,MEGA.O,BUY,5869,42.1282,A-228,CLIENT-28,XLON
T-0004949,O-0004949,2026-08-25T10:40:06.650000Z,LIQD.P,SELL,4045,42.1448,A-229,CLIENT-29,XLON
T-0004950,O-0004950,2026-08-25T10:40:07.500000Z,NOVA.L,BUY,5000,42.1352,A-104,CLIENT-LINKED,XLON
T-0004951,O-0004951,2026-08-25T10:40:08.350000Z,NOVA.L,SELL,5001,42.1421,A-882,CLIENT-LINKED,XLON
T-0004952,O-0004952,2026-08-25T10:40:09.200000Z,NOVA.L,BUY,5002,42.1365,A-104,CLIENT-LINKED,XLON
T-0004953,O-0004953,2026-08-25T10:40:10.050000Z,NOVA.L,SELL,5003,42.1511,A-882,CLIENT-LINKED,XLON
T-0004954,O-0004954,2026-08-25T10:40:10.900000Z,LIQD.P,BUY,4310,42.147,A-234,CLIENT-34,XLON
T-0004955,O-0004955,2026-08-25T10:40:11.750000Z,NOVA.L,SELL,6144,42.1547,A-235,CLIENT-35,XLON
T-0004956,O-0004956,2026-08-25T10:40:12.600000Z,ALTO.N,BUY,5656,42.1488,A-236,CLIENT-36,XLON
T-0004957,O-0004957,2026-08-25T10:40:13.450000Z,QUAD.N,SELL,4767,42.1601,A-237,CLIENT-37,XLON
T-0004958,O-0004958,2026-08-25T10:40:14.300000Z,MEGA.O,BUY,6182,42.1573,A-238,CLIENT-38,XLON
T-0004959,O-0004959,2026-08-25T10:40:15.150000Z,LIQD.P,SELL,6371,42.1613,A-239,CLIENT-39,XLON
T-0004960,O-0004960,2026-08-25T10:40:16Z,NOVA.L,BUY,5000,42.0069,A-104,CLIENT-LINKED,XLON
T-0004961,O-0004961,2026-08-25T10:40:16.850000Z,NOVA.L,SELL,5001,41.9967,A-882,CLIENT-LINKED,XLON
T-0004962,O-0004962,2026-08-25T10:40:17.700000Z,NOVA.L,BUY,5002,42.0,A-104,CLIENT-LINKED,XLON
T-0004963,O-0004963,2026-08-25T10:40:18.550000Z,NOVA.L,SELL,5003,42.0093,A-882,CLIENT-LINKED,XLON
T-0004964,O-0004964,2026-08-25T10:40:19.400000Z,LIQD.P,BUY,6728,42.0095,A-244,CLIENT-44,XLON
T-0004965,O-0004965,2026-08-25T10:40:20.250000Z,NOVA.L,SELL,4373,42.0143,A-245,CLIENT-45,XLON
T-0004966,O-0004966,2026-08-25T10:40:21.100000Z,ALTO.N,BUY,5928,42.0168,A-246,CLIENT-46,XLON
T-0004967,O-0004967,2026-08-25T10:40:21.950000Z,QUAD.N,SELL,4231,42.0106,A-247,CLIENT-47,XLON
T-0004968,O-0004968,2026-08-25T10:40:22.800000Z,MEGA.O,BUY,6185,42.0099,A-248,CLIENT-48,XLON
T-0004969,O-0004969,2026-08-25T10:40:23.650000Z,LIQD.P,SELL,5279,42.0171,A-249,CLIENT-49,XLON
T-0004970,O-0004970,2026-08-25T10:40:24.500000Z,NOVA.L,BUY,5000,42.0129,A-104,CLIENT-LINKED,XLON
T-0004971,O-0004971,2026-08-25T10:40:25.350000Z,NOVA.L,SELL,5001,42.0205,A-882,CLIENT-LINKED,XLON
T-0004972,O-0004972,2026-08-25T10:40:26.200000Z,NOVA.L,BUY,5002,42.0222,A-104,CLIENT-LINKED,XLON
T-0004973,O-0004973,2026-08-25T10:40:27.050000Z,NOVA.L,SELL,5003,42.0178,A-882,CLIENT-LINKED,XLON
T-0004974,O-0004974,2026-08-25T10:40:27.900000Z,LIQD.P,BUY,5540,42.0358,A-254,CLIENT-54,XLON
T-0004975,O-0004975,2026-08-25T10:40:28.750000Z,NOVA.L,SELL,5750,42.0243,A-255,CLIENT-55,XLON
T-0004976,O-0004976,2026-08-25T10:40:29.600000Z,ALTO.N,BUY,4119,42.0294,A-256,CLIENT-56,XLON
T-0004977,O-0004977,2026-08-25T10:40:30.450000Z,QUAD.N,SELL,5955,42.0321,A-257,CLIENT-57,XLON
T-0004978,O-0004978,2026-08-25T10:40:31.300000Z,MEGA.O,BUY,6089,42.0364,A-258,CLIENT-58,XLON
T-0004979,O-0004979,2026-08-25T10:40:32.150000Z,LIQD.P,SELL,5417,42.0454,A-259,CLIENT-59,XLON
T-0004980,O-0004980,2026-08-25T10:40:33Z,NOVA.L,BUY,5000,42.0417,A-104,CLIENT-LINKED,XLON
T-0004981,O-0004981,2026-08-25T10:40:33.850000Z,NOVA.L,SELL,5001,42.0447,A-882,CLIENT-LINKED,XLON
T-0004982,O-0004982,2026-08-25T10:40:34.700000Z,NOVA.L,BUY,5002,42.0539,A-104,CLIENT-LINKED,XLON
T-0004983,O-0004983,2026-08-25T10:40:35.550000Z,NOVA.L,SELL,5003,42.0498,A-882,CLIENT-LINKED,XLON
T-0004984,O-0004984,2026-08-25T10:40:36.400000Z,LIQD.P,BUY,5805,42.0526,A-204,CLIENT-4,XLON
T-0004985,O-0004985,2026-08-25T10:40:37.250000Z,NOVA.L,SELL,5507,42.0565,A-205,CLIENT-5,XLON
T-0004986,O-0004986,2026-08-25T10:40:38.100000Z,ALTO.N,BUY,4391,42.0521,A-206,CLIENT-6,XLON
T-0004987,O-0004987,2026-08-25T10:40:38.950000Z,QUAD.N,SELL,5785,42.0582,A-207,CLIENT-7,XLON
T-0004988,O-0004988,2026-08-25T10:40:39.800000Z,MEGA.O,BUY,4329,42.0654,A-208,CLIENT-8,XLON
T-0004989,O-0004989,2026-08-25T10:40:40.650000Z,LIQD.P,SELL,5902,42.0653,A-209,CLIENT-9,XLON
T-0004990,O-0004990,2026-08-25T10:40:41.500000Z,NOVA.L,BUY,5000,42.0524,A-104,CLIENT-LINKED,XLON
T-0004991,O-0004991,2026-08-25T10:40:42.350000Z,NOVA.L,SELL,5001,42.0563,A-882,CLIENT-LINKED,XLON
T-0004992,O-0004992,2026-08-25T10:40:43.200000Z,NOVA.L,BUY,5002,42.0635,A-104,CLIENT-LINKED,XLON
T-0004993,O-0004993,2026-08-25T10:40:44.050000Z,NOVA.L,SELL,5003,42.0709,A-882,CLIENT-LINKED,XLON
T-0004994,O-0004994,2026-08-25T10:40:44.900000Z,LIQD.P,BUY,6089,42.0654,A-214,CLIENT-14,XLON
T-0004995,O-0004995,2026-08-25T10:40:45.750000Z,NOVA.L,SELL,4286,42.072,A-215,CLIENT-15,XLON
T-0004996,O-0004996,2026-08-25T10:40:46.600000Z,ALTO.N,BUY,5473,42.0642,A-216,CLIENT-16,XLON
T-0004997,O-0004997,2026-08-25T10:40:47.450000Z,QUAD.N,SELL,5313,42.0754,A-217,CLIENT-17,XLON
T-0004998,O-0004998,2026-08-25T10:40:48.300000Z,MEGA.O,BUY,3964,42.0765,A-218,CLIENT-18,XLON
T-0004999,O-0004999,2026-08-25T10:40:49.150000Z,LIQD.P,SELL,4282,42.0754,A-219,CLIENT-19,XLON
